time;density;speed
0,520;0,6366;0,8192
0,520;0,6366;0,8192
0,520;0,3183;0,8869
0,520;0,3183;1,0176
0,520;0,3183;1,0103
0,520;0,3183;0,6356
0,520;0,3183;0,9609
0,520;0,3183;1,0294
0,520;0,3183;1,0065
0,520;0,3183;0,9753
0,520;0,3183;0,9965
0,520;0,3183;0,7055
0,520;0,3183;1,0280
0,520;0,3183;0,8028
0,520;0,3183;0,4337
0,520;0,3183;0,6498
0,520;0,3183;0,9037
0,520;0,3183;0,9729
0,520;0,6366;0,0548
0,520;0,3183;0,8771
0,520;0,6366;0,0548
0,520;0,3183;0,7855
0,520;0,3183;0,6735
0,520;0,3183;0,7675
0,520;0,3183;0,9459
0,520;0,3183;0,7244
0,520;0,3183;0,9510
0,520;0,3183;0,9765
0,520;0,3183;0,9911
0,520;0,3183;0,9976
0,520;0,6366;0,5403
0,520;0,6366;0,9038
0,520;0,6366;0,5403
0,520;0,6366;0,9038
0,520;0,3183;1,0025
0,520;0,3183;1,0277
0,520;0,3183;0,7938
0,520;0,3183;1,0296
0,520;0,3183;0,8598
0,520;0,3183;0,6886
0,520;0,3183;0,9201
0,520;0,6366;0,7418
0,520;0,3183;0,9425
0,520;0,3183;0,7991
0,520;0,3183;1,0275
0,520;0,6366;0,7418
0,520;0,6366;1,0005
0,520;0,6366;1,0005
0,520;0,6366;0,9906
0,520;0,3183;0,9165
0,520;0,6366;0,9906
0,520;0,3183;0,5504
0,520;0,3183;0,2889
0,520;0,3183;1,0217
0,520;0,3183;0,9812
0,520;0,6366;0,5971
0,520;0,3183;0,9975
0,520;0,3183;0,6863
0,520;0,3183;0,9112
0,520;0,6366;0,5971
0,520;0,3183;0,9041
0,520;0,3183;0,9238
0,520;0,3183;0,9177
0,520;0,3183;0,0372
0,520;0,3183;0,6775
0,520;0,3183;1,0178
0,520;0,3183;0,9848
0,520;0,3183;1,0230
1,040;0,6366;1,2282
1,040;0,6366;1,2282
1,040;0,3183;1,5973
1,040;0,3183;1,4442
1,040;0,3183;1,3102
1,040;0,3183;0,8683
1,040;0,3183;1,3619
1,040;0,3183;1,4252
1,040;0,3183;1,5376
1,040;0,3183;1,6017
1,040;0,3183;1,3621
1,040;0,3183;1,5066
1,040;0,6366;1,3242
1,040;0,6366;1,3242
1,040;0,3183;1,2900
1,040;0,3183;1,1828
1,040;0,3183;0,8161
1,040;0,3183;1,5661
1,040;0,6366;0,0885
1,040;0,3183;1,5483
1,040;0,6366;0,0885
1,040;0,3183;1,5948
1,040;0,3183;0,6364
1,040;0,3183;1,4496
1,040;0,3183;1,5298
1,040;0,3183;0,7240
1,040;0,3183;1,6199
1,040;0,3183;1,7712
1,040;0,3183;1,7290
1,040;0,3183;1,5722
1,040;0,3183;0,4288
1,040;0,6366;1,5204
1,040;0,3183;1,3290
1,040;0,6366;1,5204
1,040;0,3183;1,1004
1,040;0,3183;1,4819
1,040;0,3183;1,6728
1,040;0,3183;1,7684
1,040;0,3183;1,0248
1,040;0,3183;1,3853
1,040;0,3183;1,6081
1,040;0,6366;1,1856
1,040;0,3183;1,4382
1,040;0,3183;1,5472
1,040;0,3183;1,7873
1,040;0,6366;1,1856
1,040;0,6366;1,4923
1,040;0,6366;1,4923
1,040;0,6366;1,6709
1,040;0,3183;1,6275
1,040;0,6366;1,6709
1,040;0,3183;1,4483
1,040;0,3183;0,1552
1,040;0,3183;1,5848
1,040;0,3183;1,6895
1,040;0,6366;1,1304
1,040;0,6366;1,7969
1,040;0,3183;1,1627
1,040;0,6366;1,7969
1,040;0,6366;1,1304
1,040;0,3183;1,3918
1,040;0,3183;1,5585
1,040;0,3183;1,7933
1,040;0,3183;0,7770
1,040;0,3183;0,6863
1,040;0,3183;1,7986
1,040;0,3183;1,6525
1,040;0,3183;1,8299
1,560;0,6366;1,5947
1,560;0,9549;1,5984
1,560;0,6366;1,6477
1,560;0,3183;1,4444
1,560;0,3183;1,3139
1,560;0,6366;1,2275
1,560;0,3183;1,3662
1,560;0,3183;1,4240
1,560;0,3183;1,5353
1,560;0,3183;1,6009
1,560;0,6366;1,2275
1,560;0,3183;2,0611
1,560;0,6366;1,3154
1,560;0,6366;1,3154
1,560;0,3183;1,5922
1,560;0,3183;1,6429
1,560;0,3183;0,6479
1,560;0,3183;1,6729
1,560;0,6366;0,7928
1,560;0,3183;1,5544
1,560;0,6366;0,7928
1,560;0,3183;1,6802
1,560;0,3183;0,9476
1,560;0,3183;1,9517
1,560;0,3183;1,5368
1,560;0,3183;0,7238
1,560;0,6366;1,7619
1,560;0,3183;1,7751
1,560;0,6366;1,7619
1,560;0,3183;1,8497
1,560;0,3183;0,8485
1,560;0,6366;1,5546
1,560;0,3183;1,5875
1,560;0,6366;1,5546
1,560;0,3183;1,1005
1,560;0,3183;1,4819
1,560;0,3183;1,7056
1,560;0,6366;1,6665
1,560;0,3183;1,0311
1,560;0,6366;1,6665
1,560;0,3183;1,5770
1,560;0,6366;1,4782
1,560;0,3183;2,1785
1,560;0,3183;1,5913
1,560;0,3183;2,2649
1,560;0,6366;1,4782
1,560;0,6366;1,5146
1,560;0,6366;1,5146
1,560;0,6366;2,0441
1,560;0,3183;1,6108
1,560;0,6366;2,0441
1,560;0,3183;1,4511
1,560;0,3183;1,0339
1,560;0,3183;1,5998
1,560;0,3183;1,9104
1,560;0,6366;1,3842
1,560;0,6366;1,8904
1,560;0,6366;1,4796
1,560;0,6366;1,8904
1,560;0,6366;1,3842
1,560;0,6366;1,4796
1,560;0,3183;1,6235
1,560;0,3183;2,4109
1,560;0,3183;1,6013
1,560;0,3183;0,6865
1,560;0,3183;1,8114
1,560;0,3183;1,6518
1,560;0,3183;2,0589
2,080;0,3183;1,1867
2,080;0,6366;1,6618
2,080;0,6366;1,6618
2,080;0,3183;1,3096
2,080;0,3183;1,3136
2,080;0,6366;1,1789
2,080;0,3183;1,3656
2,080;0,3183;1,4239
2,080;0,3183;1,5363
2,080;0,3183;1,6054
2,080;0,6366;1,1789
2,080;0,3183;1,5855
2,080;0,6366;1,2946
2,080;0,6366;1,2946
2,080;0,3183;1,5858
2,080;0,3183;1,2236
2,080;0,3183;0,5528
2,080;0,3183;1,7697
2,080;0,6366;1,2791
2,080;0,3183;1,4760
2,080;0,6366;1,2791
2,080;0,3183;1,5540
2,080;0,3183;0,7881
2,080;0,3183;1,9509
2,080;0,3183;1,5333
2,080;0,3183;0,7240
2,080;0,6366;1,7628
2,080;0,3183;1,7562
2,080;0,6366;1,7628
2,080;0,3183;2,1111
2,080;0,3183;0,3402
2,080;0,6366;1,5465
2,080;0,3183;1,5871
2,080;0,6366;1,5465
2,080;0,3183;1,0962
2,080;0,3183;1,4820
2,080;0,3183;1,7058
2,080;0,6366;1,7706
2,080;0,3183;1,0312
2,080;0,6366;1,7706
2,080;0,3183;1,3102
2,080;0,6366;1,4865
2,080;0,3183;2,1868
2,080;0,3183;1,4763
2,080;0,3183;2,0597
2,080;0,6366;1,4865
2,080;1,2732;1,1726
2,080;0,6366;1,2644
2,080;0,9549;1,2868
2,080;0,3183;1,5953
2,080;0,9549;1,2868
2,080;0,6366;1,7445
2,080;0,3183;1,1983
2,080;0,3183;1,6004
2,080;0,6366;1,7445
2,080;0,6366;1,5693
2,080;0,6366;2,0848
2,080;0,6366;1,5237
2,080;0,6366;2,0848
2,080;0,6366;1,5693
2,080;0,6366;1,5237
2,080;0,3183;1,6126
2,080;0,6366;1,5201
2,080;0,3183;1,9331
2,080;0,3183;0,6865
2,080;0,6366;1,5201
2,080;0,3183;1,6527
2,080;0,3183;1,8896
2,600;1,2732;1,2637
2,600;1,2732;1,3441
2,600;0,9549;1,2378
2,600;0,6366;1,4623
2,600;0,3183;1,3137
2,600;0,3183;0,9533
2,600;0,3183;1,3663
2,600;0,3183;1,4247
2,600;0,3183;1,5323
2,600;0,3183;1,6030
2,600;0,3183;1,3131
2,600;0,9549;1,2883
2,600;0,9549;1,2883
2,600;0,9549;1,2883
2,600;0,6366;1,3613
2,600;0,6366;1,3613
2,600;0,3183;0,9024
2,600;0,3183;1,8415
2,600;0,6366;1,1608
2,600;0,3183;1,5559
2,600;0,6366;1,1608
2,600;0,3183;1,4304
2,600;0,3183;0,8768
2,600;0,3183;1,9448
2,600;0,3183;1,5323
2,600;0,6366;1,0685
2,600;0,6366;1,7619
2,600;0,6366;1,0685
2,600;0,6366;1,7619
2,600;0,6366;1,8888
2,600;0,3183;0,4812
2,600;0,6366;1,5555
2,600;0,6366;1,5070
2,600;0,9549;1,5654
2,600;0,3183;1,0962
2,600;0,3183;1,4803
2,600;0,3183;1,7076
2,600;0,9549;1,4190
2,600;0,3183;1,0312
2,600;0,6366;1,5762
2,600;0,3183;1,4774
2,600;0,3183;1,1473
2,600;0,3183;2,0625
2,600;0,3183;1,3111
2,600;0,3183;2,3098
2,600;0,3183;1,8250
2,600;1,2732;1,1324
2,600;1,2732;1,0150
2,600;0,9549;1,0837
2,600;0,9549;1,0315
2,600;1,5915;1,1419
2,600;0,6366;1,4706
2,600;0,3183;1,6506
2,600;0,3183;1,5876
2,600;0,6366;1,4706
2,600;0,3183;1,4699
2,600;0,6366;2,0053
2,600;0,3183;1,4605
2,600;0,9549;1,8011
2,600;0,3183;1,6815
2,600;0,6366;1,7646
2,600;0,3183;1,6158
2,600;0,6366;1,8888
2,600;0,3183;1,9531
2,600;0,3183;0,6865
2,600;0,3183;1,0695
2,600;0,3183;1,6428
2,600;0,3183;2,0141
3,120;1,5915;0,7557
3,120;1,5915;0,7745
3,120;1,5915;0,7557
3,120;0,9549;0,9075
3,120;0,3183;1,3029
3,120;0,6366;1,3877
3,120;0,3183;1,2750
3,120;0,3183;1,4252
3,120;0,6366;1,2236
3,120;0,9549;1,3252
3,120;0,6366;1,5414
3,120;0,9549;1,1477
3,120;0,9549;1,1477
3,120;0,9549;1,1477
3,120;0,6366;1,2681
3,120;0,6366;1,2681
3,120;0,3183;0,8738
3,120;0,6366;1,1698
3,120;0,6366;1,1433
3,120;0,3183;1,4760
3,120;0,6366;1,1433
3,120;0,3183;1,6836
3,120;0,6366;1,1698
3,120;0,3183;1,9493
3,120;0,6366;1,4620
3,120;0,6366;0,8728
3,120;0,6366;1,7634
3,120;0,6366;0,8728
3,120;0,6366;1,7634
3,120;0,9549;1,5093
3,120;0,3183;0,1706
3,120;0,9549;1,5480
3,120;0,9549;1,5480
3,120;0,9549;1,5480
3,120;0,3183;1,0993
3,120;0,3183;1,4812
3,120;0,3183;1,6568
3,120;1,5915;0,7745
3,120;0,3183;1,0310
3,120;0,9549;0,7447
3,120;0,3183;1,5324
3,120;0,3183;1,1491
3,120;0,3183;1,7754
3,120;0,3183;1,2486
3,120;0,6366;1,5414
3,120;0,3183;1,8247
3,120;1,2732;1,2884
3,120;1,2732;1,0792
3,120;0,9549;1,4007
3,120;0,9549;1,0286
3,120;1,5915;1,2346
3,120;0,9549;0,9431
3,120;0,3183;1,6247
3,120;0,9549;0,9431
3,120;0,9549;0,9431
3,120;0,3183;1,4707
3,120;0,9549;1,7691
3,120;0,9549;1,4382
3,120;0,9549;1,7691
3,120;0,3183;1,6803
3,120;1,2732;1,6912
3,120;0,6366;1,7917
3,120;0,6366;1,5329
3,120;0,6366;1,7917
3,120;0,3183;0,6863
3,120;0,9549;1,2789
3,120;0,6366;1,4090
3,120;0,3183;2,0572
3,640;1,5915;0,5417
3,640;1,5915;0,6089
3,640;1,5915;0,5417
3,640;0,9549;0,4558
3,640;0,3183;1,3074
3,640;0,6366;1,4594
3,640;0,6366;1,4277
3,640;0,3183;1,4248
3,640;0,9549;1,4868
3,640;0,9549;1,4855
3,640;0,6366;1,1114
3,640;0,9549;1,3861
3,640;0,9549;1,3861
3,640;0,9549;1,3861
3,640;0,3183;1,4139
3,640;0,3183;1,5156
3,640;0,3183;0,8912
3,640;0,6366;1,4693
3,640;0,6366;1,3707
3,640;0,3183;1,4633
3,640;0,6366;1,3707
3,640;0,3183;1,5021
3,640;0,6366;1,4693
3,640;0,9549;0,9676
3,640;1,2732;1,1903
3,640;0,9549;1,1105
3,640;0,6366;1,7588
3,640;0,6366;0,7868
3,640;0,6366;1,7588
3,640;0,6366;1,4128
3,640;0,3183;0,5592
3,640;0,9549;1,3736
3,640;0,6366;1,4784
3,640;0,6366;1,2663
3,640;0,3183;1,4807
3,640;0,3183;1,6702
3,640;1,2732;0,4667
3,640;0,3183;0,9493
3,640;0,6366;1,1841
3,640;0,3183;1,6106
3,640;0,3183;1,1494
3,640;0,3183;1,8921
3,640;0,3183;1,3772
3,640;0,6366;1,1114
3,640;0,3183;1,8246
3,640;1,2732;1,4069
3,640;0,9549;0,8505
3,640;0,6366;1,8378
3,640;0,6366;0,5881
3,640;1,2732;1,6478
3,640;0,9549;1,1748
3,640;0,3183;1,6648
3,640;0,6366;0,9920
3,640;1,2732;1,5043
3,640;0,3183;1,4661
3,640;0,9549;1,4990
3,640;0,6366;1,0389
3,640;0,9549;1,4990
3,640;0,3183;1,6813
3,640;1,2732;1,2300
3,640;0,6366;1,7900
3,640;0,3183;2,2089
3,640;0,6366;1,7900
3,640;0,3183;0,6862
3,640;0,9549;1,3617
3,640;0,6366;1,2182
3,640;0,3183;2,0584
4,160;1,2732;0,7547
4,160;0,6366;1,2049
4,160;1,2732;0,7547
4,160;0,9549;0,6167
4,160;0,3183;1,1451
4,160;0,9549;0,9177
4,160;0,6366;1,4419
4,160;0,3183;1,4180
4,160;0,9549;1,1109
4,160;0,9549;0,9305
4,160;0,6366;1,1012
4,160;0,6366;1,6847
4,160;0,9549;1,5736
4,160;0,6366;1,3257
4,160;0,3183;1,5059
4,160;0,3183;1,6614
4,160;0,3183;0,9117
4,160;0,6366;1,4610
4,160;0,6366;1,5383
4,160;0,3183;1,3100
4,160;0,6366;1,5383
4,160;0,3183;1,6835
4,160;0,6366;1,4610
4,160;0,9549;1,0435
4,160;0,9549;1,3505
4,160;0,6366;0,5699
4,160;0,9549;1,2942
4,160;0,9549;0,9275
4,160;0,6366;1,6042
4,160;0,6366;1,9401
4,160;0,3183;1,3729
4,160;0,9549;1,2805
4,160;0,9549;1,2351
4,160;0,6366;1,2590
4,160;0,6366;1,7528
4,160;0,3183;1,4965
4,160;0,9549;0,9054
4,160;0,3183;1,0279
4,160;0,6366;1,2049
4,160;0,3183;1,5504
4,160;0,3183;1,1495
4,160;0,6366;1,1521
4,160;0,3183;1,5991
4,160;0,6366;1,1012
4,160;0,3183;1,6179
4,160;1,2732;1,7016
4,160;0,9549;1,2327
4,160;0,6366;2,0450
4,160;0,6366;1,1242
4,160;1,2732;1,8439
4,160;0,6366;1,2307
4,160;0,3183;1,0936
4,160;0,6366;1,2307
4,160;0,9549;1,8388
4,160;0,3183;1,4711
4,160;0,9549;0,8353
4,160;0,6366;1,4412
4,160;0,9549;0,8353
4,160;0,3183;1,6815
4,160;1,2732;0,9187
4,160;0,6366;1,7118
4,160;0,3183;2,3882
4,160;0,6366;1,7118
4,160;0,3183;0,6865
4,160;0,9549;1,7203
4,160;0,9549;1,4565
4,160;0,6366;1,7528
4,660;0,9549;1,3390
4,660;0,6366;1,1690
4,660;0,9549;1,2612
4,660;0,6366;0,8369
4,660;0,6366;0,8369
4,660;1,2732;0,7017
4,660;0,6366;1,1709
4,660;0,3183;1,4168
4,660;1,2732;0,7448
4,660;1,2732;0,7017
4,660;0,6366;1,1053
4,660;0,6366;1,6846
4,660;0,9549;1,5726
4,660;0,6366;1,3252
4,660;0,3183;1,5726
4,660;0,3183;1,6611
4,660;0,3183;0,9112
4,660;0,6366;1,2211
4,660;0,6366;1,4738
4,660;0,6366;1,0825
4,660;0,6366;1,4738
4,660;0,3183;1,5350
4,660;0,9549;1,2723
4,660;0,6366;0,8669
4,660;0,6366;1,5947
4,660;1,2732;1,1588
4,660;1,2732;1,1371
4,660;0,9549;1,1323
4,660;0,6366;1,2477
4,660;0,3183;2,0838
4,660;0,3183;1,7882
4,660;0,9549;1,1183
4,660;1,2732;1,2518
4,660;0,9549;1,1183
4,660;0,6366;1,9321
4,660;0,6366;1,1439
4,660;0,6366;1,5705
4,660;0,3183;1,0311
4,660;0,6366;1,1690
4,660;0,3183;1,4827
4,660;0,3183;1,1483
4,660;0,9549;0,5304
4,660;0,3183;1,4780
4,660;0,6366;1,1053
4,660;0,3183;1,5256
4,660;0,9549;1,6572
4,660;1,2732;1,4559
4,660;0,6366;2,0426
4,660;0,9549;1,3717
4,660;0,9549;2,0095
4,660;0,9549;1,3717
4,660;0,3183;0,9401
4,660;0,3183;0,3852
4,660;0,9549;1,9593
4,660;0,3183;1,4672
4,660;0,6366;0,9799
4,660;0,6366;1,5947
4,660;0,6366;0,7098
4,660;0,3183;1,6686
4,660;0,9549;0,9130
4,660;0,6366;1,5810
4,660;0,6366;1,9321
4,660;0,6366;1,5810
4,660;0,3183;0,6863
4,660;0,3183;1,8179
4,660;0,6366;1,3935
5,180;0,3183;1,3011
5,180;0,6366;1,4031
5,180;0,6366;1,0229
5,180;0,9549;0,8710
5,180;0,6366;0,8425
5,180;1,2732;0,6965
5,180;1,2732;0,8798
5,180;0,3183;1,4079
5,180;1,2732;0,7109
5,180;1,5915;0,7407
5,180;0,3183;1,2962
5,180;0,6366;1,6745
5,180;0,9549;1,5664
5,180;0,6366;1,3165
5,180;0,3183;1,5918
5,180;0,3183;1,6603
5,180;0,3183;0,8290
5,180;0,3183;1,6900
5,180;0,6366;1,1152
5,180;0,6366;1,1311
5,180;0,6366;1,1152
5,180;0,3183;1,6689
5,180;0,6366;1,1311
5,180;0,6366;1,4560
5,180;0,3183;1,5355
5,180;1,2732;0,7949
5,180;1,5915;0,8776
5,180;0,9549;0,8146
5,180;0,6366;1,1680
5,180;0,3183;2,1145
5,180;0,3183;1,8273
5,180;0,9549;1,1247
5,180;0,6366;1,0641
5,180;0,6366;0,9392
5,180;0,9549;0,9485
5,180;0,3183;1,9093
5,180;0,3183;1,0298
5,180;0,6366;1,4031
5,180;0,6366;1,0157
5,180;0,3183;1,1495
5,180;0,9549;0,7419
5,180;0,3183;1,6032
5,180;0,3183;1,5132
5,180;0,3183;1,6562
5,180;0,6366;1,8132
5,180;0,9549;1,4697
5,180;0,6366;1,9121
5,180;0,9549;1,4697
5,180;0,6366;1,9121
5,180;0,9549;1,4697
5,180;0,3183;1,1598
5,180;0,3183;1,1273
5,180;0,6366;1,8132
5,180;0,3183;1,3196
5,180;0,9549;0,8618
5,180;0,3183;1,6479
5,180;0,6366;1,2991
5,180;0,3183;1,5179
5,180;0,9549;1,4581
5,180;0,6366;1,6579
5,180;0,6366;1,6579
5,180;0,3183;0,6852
5,180;0,3183;1,8151
5,180;0,3183;1,6524
5,700;0,3183;1,3777
5,700;0,6366;1,5429
5,700;0,3183;1,4388
5,700;0,9549;0,7629
5,700;0,9549;0,7629
5,700;1,2732;1,0788
5,700;0,9549;0,5130
5,700;0,6366;1,1308
5,700;0,6366;0,3407
5,700;0,9549;1,0899
5,700;0,3183;1,3422
5,700;0,6366;1,4313
5,700;0,6366;1,2276
5,700;0,6366;1,2276
5,700;0,6366;1,3839
5,700;0,6366;1,4568
5,700;0,6366;1,4313
5,700;0,3183;1,8426
5,700;0,6366;1,2745
5,700;0,6366;0,8924
5,700;0,6366;1,2745
5,700;0,3183;1,6716
5,700;0,6366;0,8924
5,700;0,6366;1,7346
5,700;0,6366;1,7346
5,700;1,2732;0,7164
5,700;1,5915;0,7773
5,700;1,5915;0,7773
5,700;0,9549;0,9408
5,700;0,3183;2,0202
5,700;0,9549;1,4991
5,700;0,6366;1,5412
5,700;0,6366;1,4573
5,700;0,9549;0,7629
5,700;0,3183;1,9970
5,700;0,3183;1,0315
5,700;0,6366;1,5429
5,700;0,9549;0,8563
5,700;0,3183;0,9383
5,700;0,9549;1,0899
5,700;0,3183;1,1725
5,700;0,3183;1,5328
5,700;0,6366;1,1169
5,700;0,6366;1,8132
5,700;0,9549;1,4328
5,700;1,2732;1,6828
5,700;1,2732;1,4100
5,700;0,9549;1,3454
5,700;0,9549;1,4328
5,700;0,3183;1,1160
5,700;0,6366;1,3850
5,700;0,9549;1,6315
5,700;0,3183;1,3660
5,700;1,2732;0,7164
5,700;0,3183;1,6549
5,700;0,6366;1,7678
5,700;0,3183;1,0866
5,700;0,6366;1,7678
5,700;0,6366;1,5909
5,700;0,9549;1,2885
5,700;0,6366;1,1285
5,700;0,3183;1,8186
5,700;0,3183;1,6527
6,200;0,3183;1,2734
6,200;0,6366;1,3480
6,200;0,3183;1,5883
6,200;0,9549;1,0299
6,200;0,9549;1,0299
6,200;0,6366;0,8571
6,200;1,2732;0,7698
6,200;0,9549;0,8526
6,200;0,6366;0,3332
6,200;0,6366;1,1343
6,200;0,3183;1,3767
6,200;0,3183;1,5256
6,200;0,9549;1,2693
6,200;0,6366;1,3241
6,200;0,9549;1,2980
6,200;0,3183;1,6563
6,200;0,3183;0,9114
6,200;0,3183;1,8343
6,200;0,6366;1,3136
6,200;0,6366;1,1121
6,200;0,6366;1,3136
6,200;0,9549;0,7291
6,200;0,6366;1,1121
6,200;0,6366;1,7442
6,200;0,6366;1,7442
6,200;1,5915;0,6591
6,200;1,9099;0,7076
6,200;1,5915;0,5843
6,200;1,2732;0,5518
6,200;0,3183;2,1232
6,200;0,9549;1,5493
6,200;0,6366;1,6132
6,200;0,9549;1,5606
6,200;0,9549;1,0299
6,200;0,3183;1,9646
6,200;0,3183;0,9075
6,200;0,6366;1,3480
6,200;0,9549;0,8526
6,200;0,3183;0,9911
6,200;0,6366;1,1343
6,200;0,6366;1,2302
6,200;0,3183;1,6460
6,200;0,6366;0,8571
6,200;0,9549;1,2980
6,200;0,9549;1,4669
6,200;0,6366;1,4145
6,200;1,2732;1,4405
6,200;0,6366;1,5879
6,200;0,9549;1,4669
6,200;0,3183;1,2081
6,200;0,6366;1,4473
6,200;1,5915;1,3332
6,200;0,3183;1,2075
6,200;2,2282;0,7522
6,200;0,3183;1,6445
6,200;0,6366;1,7733
6,200;0,9549;0,5866
6,200;0,6366;1,7733
6,200;0,9549;1,4388
6,200;0,9549;1,1510
6,200;0,6366;0,9385
6,200;0,3183;1,6477
6,720;0,6366;1,3998
6,720;0,6366;1,0443
6,720;0,6366;1,3998
6,720;0,6366;1,5242
6,720;0,6366;0,7803
6,720;0,6366;0,9542
6,720;1,5915;0,9180
6,720;0,9549;0,8515
6,720;1,2732;0,8091
6,720;0,6366;1,4778
6,720;0,3183;1,3757
6,720;0,3183;1,4433
6,720;0,9549;1,0844
6,720;0,9549;1,0844
6,720;1,2732;1,1253
6,720;0,9549;1,3394
6,720;0,3183;0,9114
6,720;0,3183;1,8060
6,720;0,9549;1,3394
6,720;0,6366;1,2167
6,720;0,9549;1,3394
6,720;0,9549;0,5808
6,720;0,6366;1,2167
6,720;0,9549;1,8656
6,720;0,6366;1,7272
6,720;1,2732;0,7400
6,720;1,5915;0,6582
6,720;1,5915;0,7106
6,720;1,2732;0,6246
6,720;0,9549;1,3797
6,720;0,9549;1,5662
6,720;0,6366;1,6348
6,720;0,6366;1,5556
6,720;0,6366;1,5242
6,720;0,9549;0,8882
6,720;0,6366;0,7803
6,720;0,6366;1,0443
6,720;0,9549;0,8515
6,720;0,3183;0,8659
6,720;0,6366;1,4778
6,720;0,9549;1,0844
6,720;0,3183;1,6136
6,720;0,9549;0,8801
6,720;1,2732;1,1058
6,720;1,2732;1,2093
6,720;0,6366;1,1640
6,720;1,2732;1,4755
6,720;0,6366;1,3697
6,720;1,5915;1,2067
6,720;0,3183;1,6441
6,720;0,6366;1,5664
6,720;1,2732;1,2709
6,720;0,6366;1,0196
6,720;1,9099;0,6014
6,720;0,3183;1,6532
6,720;0,6366;2,0297
6,720;0,9549;0,8962
6,720;0,3183;1,2686
6,720;0,9549;1,3797
6,720;0,9549;1,3797
6,720;0,3183;0,6865
6,720;0,3183;1,6518
7,220;0,9549;1,1735
7,220;0,9549;0,9700
7,220;0,6366;1,3452
7,220;0,6366;1,3324
7,220;0,6366;0,8177
7,220;0,3183;1,6264
7,220;1,5915;0,7233
7,220;1,2732;0,7036
7,220;1,9099;0,7545
7,220;0,3183;1,3225
7,220;0,3183;1,3318
7,220;0,6366;1,2694
7,220;1,2732;0,9566
7,220;0,9549;0,7244
7,220;1,5915;0,9199
7,220;1,2732;1,1873
7,220;0,6366;1,2694
7,220;0,3183;1,8046
7,220;0,9549;1,0870
7,220;0,6366;1,3025
7,220;1,2732;1,1873
7,220;0,9549;0,7789
7,220;0,6366;1,3025
7,220;0,9549;1,7573
7,220;0,6366;1,6090
7,220;1,2732;0,9620
7,220;1,2732;0,9387
7,220;1,9099;0,8727
7,220;1,2732;0,8054
7,220;0,9549;1,1631
7,220;0,9549;1,5668
7,220;0,6366;1,6357
7,220;0,6366;1,5566
7,220;0,6366;1,3324
7,220;0,9549;0,7852
7,220;0,6366;0,8177
7,220;0,9549;0,8378
7,220;1,5915;0,7562
7,220;0,3183;0,7938
7,220;0,3183;2,0185
7,220;1,2732;0,9566
7,220;0,9549;0,9703
7,220;0,6366;1,0239
7,220;1,2732;0,8493
7,220;1,2732;0,8264
7,220;0,9549;1,0645
7,220;1,9099;1,0100
7,220;0,6366;1,1943
7,220;1,5915;0,9199
7,220;0,3183;1,6650
7,220;0,6366;1,3606
7,220;0,6366;1,1943
7,220;0,9549;1,0135
7,220;1,9099;0,8605
7,220;0,3183;1,6298
7,220;0,6366;1,8674
7,220;0,6366;1,1242
7,220;0,3183;1,3944
7,220;0,9549;1,1631
7,220;0,9549;1,1631
7,220;0,3183;0,6863
7,720;0,6366;0,7324
7,720;0,9549;0,7897
7,720;0,3183;1,4284
7,720;0,6366;1,2958
7,720;0,6366;0,8324
7,720;0,3183;1,5670
7,720;1,9099;0,6441
7,720;1,5915;0,5921
7,720;1,5915;0,6388
7,720;0,3183;1,6054
7,720;0,3183;1,2399
7,720;0,6366;1,2386
7,720;0,9549;1,0572
7,720;1,2732;0,8847
7,720;1,5915;0,7100
7,720;1,2732;1,3340
7,720;0,6366;1,2386
7,720;0,3183;1,3749
7,720;0,9549;1,2480
7,720;0,6366;1,2983
7,720;1,2732;1,3340
7,720;0,9549;0,9519
7,720;0,6366;1,2983
7,720;0,6366;1,6440
7,720;0,6366;1,6440
7,720;1,5915;1,0473
7,720;1,2732;0,8658
7,720;1,9099;0,8825
7,720;1,5915;0,9086
7,720;0,9549;1,5898
7,720;0,3183;1,6805
7,720;0,6366;1,5251
7,720;0,6366;1,2958
7,720;0,9549;0,3669
7,720;0,6366;0,8324
7,720;1,2732;0,7082
7,720;1,5915;0,6628
7,720;0,3183;1,0080
7,720;0,3183;1,9774
7,720;0,6366;0,4751
7,720;0,9549;1,0572
7,720;0,6366;0,7631
7,720;0,3183;1,2886
7,720;0,9549;0,5556
7,720;0,9549;1,3211
7,720;1,2732;0,5912
7,720;0,6366;1,1061
7,720;1,2732;0,6613
7,720;0,3183;1,6663
7,720;0,9549;0,6732
7,720;0,6366;1,1061
7,720;0,9549;0,8979
7,720;1,9099;0,8277
7,720;0,6366;1,3730
7,720;0,3183;2,0960
7,720;0,6366;1,1984
7,720;0,3183;1,3959
7,720;0,9549;1,6730
7,720;0,9549;1,5716
7,720;0,3183;0,6866
8,220;0,6366;0,9017
8,220;1,2732;0,7024
8,220;0,6366;0,9522
8,220;0,6366;1,3389
8,220;0,6366;0,9574
8,220;0,3183;1,6288
8,220;1,5915;0,6830
8,220;1,2732;0,6000
8,220;1,2732;0,9282
8,220;0,3183;1,5237
8,220;0,9549;1,3386
8,220;0,6366;0,9932
8,220;0,9549;1,1351
8,220;0,9549;0,6971
8,220;1,5915;0,7167
8,220;1,2732;0,8108
8,220;0,3183;0,8682
8,220;0,6366;1,1496
8,220;1,2732;0,9677
8,220;0,6366;1,3258
8,220;0,9549;1,2724
8,220;1,2732;0,8831
8,220;0,6366;1,3258
8,220;0,9549;1,3330
8,220;1,2732;1,5169
8,220;0,9549;0,9744
8,220;1,5915;0,8705
8,220;1,9099;0,8461
8,220;1,9099;0,7713
8,220;0,6366;1,8812
8,220;0,6366;1,5256
8,220;0,6366;1,3389
8,220;1,2732;0,5575
8,220;0,6366;0,9574
8,220;1,2732;0,7814
8,220;0,9549;0,9859
8,220;0,9549;0,9008
8,220;0,6366;1,6901
8,220;0,9549;0,7732
8,220;0,6366;1,4924
8,220;0,6366;0,9562
8,220;0,3183;1,2888
8,220;0,9549;0,8234
8,220;0,9549;1,2724
8,220;1,2732;0,5702
8,220;0,9549;0,7655
8,220;1,2732;0,7103
8,220;0,3183;1,6705
8,220;1,2732;0,6320
8,220;0,9549;0,7655
8,220;0,9549;1,0397
8,220;1,5915;0,7807
8,220;0,6366;1,6629
8,220;0,6366;1,8027
8,220;0,3183;1,6811
8,220;0,3183;1,3963
8,220;0,9549;1,7301
8,220;0,6366;1,6629
8,220;0,9549;1,3330
8,740;0,9549;0,9193
8,740;1,2732;0,6965
8,740;0,9549;0,4470
8,740;0,9549;1,2801
8,740;0,3183;1,0236
8,740;0,3183;1,4899
8,740;1,2732;0,7322
8,740;1,9099;0,6752
8,740;0,6366;1,3202
8,740;0,3183;1,1084
8,740;0,6366;1,2869
8,740;0,9549;0,3444
8,740;0,3183;1,3018
8,740;0,9549;1,2148
8,740;1,2732;0,4325
8,740;1,2732;0,8241
8,740;0,3183;0,9116
8,740;0,9549;1,0161
8,740;1,2732;0,6872
8,740;0,6366;1,3312
8,740;0,3183;1,3321
8,740;1,2732;0,9471
8,740;0,6366;1,3312
8,740;0,9549;1,3900
8,740;1,2732;1,5187
8,740;0,9549;1,3049
8,740;0,9549;0,7401
8,740;1,2732;1,1637
8,740;1,5915;1,0713
8,740;0,6366;1,7293
8,740;0,6366;1,5261
8,740;0,6366;1,4546
8,740;0,9549;0,7312
8,740;0,3183;1,0013
8,740;0,6366;0,9548
8,740;0,9549;1,3808
8,740;1,2732;0,6715
8,740;0,6366;1,1110
8,740;0,9549;1,0908
8,740;0,3183;1,8524
8,740;0,6366;1,5551
8,740;0,6366;0,9453
8,740;0,6366;1,1996
8,740;0,3183;1,5915
8,740;0,9549;0,6464
8,740;0,6366;0,9939
8,740;0,9549;1,0320
8,740;0,3183;1,6552
8,740;0,9549;0,3444
8,740;0,9549;0,5847
8,740;0,9549;1,3049
8,740;1,5915;0,9294
8,740;0,6366;1,8070
8,740;0,6366;1,7206
8,740;0,3183;1,6777
8,740;0,3183;1,3923
8,740;0,9549;1,6293
8,740;0,6366;1,8070
8,740;0,9549;1,3900
9,240;0,9549;0,7319
9,240;1,2732;0,6202
9,240;0,9549;0,3164
9,240;0,9549;0,9926
9,240;0,3183;1,1379
9,240;0,6366;0,7875
9,240;0,9549;0,8727
9,240;1,2732;0,3830
9,240;0,9549;1,3086
9,240;0,3183;1,3028
9,240;0,6366;1,2019
9,240;1,5915;0,8140
9,240;0,3183;1,3018
9,240;0,6366;0,8378
9,240;1,5915;0,6501
9,240;0,9549;0,6710
9,240;0,3183;0,8672
9,240;0,9549;0,8570
9,240;1,2732;0,7526
9,240;0,6366;1,3129
9,240;0,3183;1,3568
9,240;0,6366;1,4640
9,240;0,6366;1,3129
9,240;0,9549;1,6744
9,240;0,9549;1,8194
9,240;0,9549;1,3063
9,240;0,9549;0,8915
9,240;0,9549;1,3063
9,240;1,2732;0,8707
9,240;0,6366;1,8763
9,240;0,6366;1,1929
9,240;0,3183;1,5691
9,240;0,3183;1,0289
9,240;0,9549;1,0588
9,240;0,9549;1,5246
9,240;0,9549;0,3164
9,240;0,9549;0,9098
9,240;0,6366;1,2019
9,240;0,9549;0,6929
9,240;0,6366;1,7164
9,240;0,6366;0,7813
9,240;0,6366;1,1978
9,240;0,3183;1,6462
9,240;0,9549;0,5239
9,240;0,3183;1,9374
9,240;0,6366;1,1978
9,240;1,2732;0,6457
9,240;1,9099;0,7896
9,240;0,9549;0,6710
9,240;0,9549;1,3063
9,240;1,5915;1,0333
9,240;0,9549;1,8171
9,240;0,6366;1,7540
9,240;0,3183;1,6814
9,240;0,3183;1,3962
9,240;0,9549;1,9025
9,240;0,9549;1,7076
9,240;0,3183;0,6864
9,740;1,2732;0,6013
9,740;1,5915;0,6194
9,740;0,9549;0,4603
9,740;0,9549;0,6593
9,740;0,3183;1,2675
9,740;0,6366;0,8069
9,740;0,9549;0,8018
9,740;1,5915;0,5375
9,740;0,3183;1,2631
9,740;0,3183;1,4434
9,740;0,6366;1,1726
9,740;0,9549;0,7594
9,740;0,9549;1,2235
9,740;0,6366;0,9251
9,740;1,2732;0,9706
9,740;0,9549;1,2099
9,740;0,9549;1,2235
9,740;0,6366;0,8530
9,740;0,3183;0,1472
9,740;0,6366;1,3189
9,740;0,6366;1,5650
9,740;0,9549;1,2297
9,740;0,6366;1,3189
9,740;0,9549;1,7032
9,740;0,9549;1,8652
9,740;1,5915;1,3831
9,740;0,6366;1,3505
9,740;0,9549;1,3170
9,740;0,6366;0,8530
9,740;1,5915;0,5681
9,740;0,3183;1,8036
9,740;0,3183;0,9878
9,740;0,6366;0,9889
9,740;0,6366;1,5375
9,740;0,9549;0,4603
9,740;0,9549;0,9434
9,740;0,6366;1,1726
9,740;1,2732;1,1166
9,740;0,6366;1,5375
9,740;0,6366;1,2915
9,740;0,6366;1,3500
9,740;0,3183;1,7829
9,740;0,9549;0,9071
9,740;0,6366;1,5650
9,740;0,6366;1,3500
9,740;1,2732;0,9001
9,740;1,9099;0,9558
9,740;0,6366;1,0569
9,740;0,9549;1,3170
9,740;1,2732;1,2774
9,740;0,6366;1,7862
9,740;0,6366;1,8221
9,740;0,6366;1,5367
9,740;0,6366;1,5367
9,740;0,3183;1,9589
9,740;0,3183;0,6862
10,260;1,2732;0,6922
10,260;0,9549;0,7514
10,260;0,9549;0,7393
10,260;0,9549;0,7110
10,260;0,3183;1,2601
10,260;0,6366;0,9487
10,260;0,3183;0,8366
10,260;0,9549;0,7476
10,260;0,6366;1,7576
10,260;0,3183;1,3553
10,260;0,6366;1,1313
10,260;0,6366;0,6407
10,260;0,9549;1,0172
10,260;0,3183;1,2737
10,260;0,6366;1,0938
10,260;0,9549;1,6573
10,260;1,5915;0,9834
10,260;0,3183;1,7489
10,260;0,3183;0,3782
10,260;0,9549;0,8524
10,260;0,6366;1,5951
10,260;0,9549;1,2395
10,260;0,6366;1,2402
10,260;1,2732;1,8085
10,260;0,9549;1,8600
10,260;1,5915;1,3812
10,260;0,9549;1,2509
10,260;0,6366;1,6196
10,260;0,6366;0,7262
10,260;1,5915;0,6742
10,260;0,6366;1,7576
10,260;0,3183;0,9986
10,260;0,3183;1,4247
10,260;0,6366;1,5748
10,260;0,6366;0,8079
10,260;0,6366;0,9487
10,260;0,6366;1,1313
10,260;1,2732;1,0198
10,260;0,6366;1,5748
10,260;0,6366;1,5835
10,260;0,6366;1,1199
10,260;0,3183;1,7482
10,260;1,2732;1,0316
10,260;0,6366;1,5951
10,260;0,6366;1,1199
10,260;0,9549;0,7697
10,260;1,5915;0,9186
10,260;0,6366;1,6311
10,260;0,9549;1,3212
10,260;1,2732;1,3586
10,260;0,6366;1,8017
10,260;0,9549;1,8600
10,260;0,6366;1,5373
10,260;0,6366;1,5373
10,260;0,3183;0,6857
10,760;1,2732;0,8496
10,760;0,6366;0,9013
10,760;0,6366;0,9662
10,760;0,9549;0,7785
10,760;0,3183;1,1093
10,760;0,6366;1,0880
10,760;0,3183;1,0826
10,760;0,6366;0,7042
10,760;0,6366;1,7984
10,760;0,3183;1,4717
10,760;0,9549;1,1366
10,760;0,6366;0,6595
10,760;1,2732;0,8927
10,760;0,6366;1,3130
10,760;0,9549;1,0234
10,760;0,9549;1,7706
10,760;1,5915;0,9358
10,760;0,6366;1,5359
10,760;0,6366;0,9810
10,760;0,9549;0,8497
10,760;0,6366;1,4503
10,760;0,6366;1,5780
10,760;0,6366;1,2086
10,760;0,6366;1,8409
10,760;0,9549;1,2281
10,760;0,9549;1,2281
10,760;0,6366;1,6229
10,760;0,6366;0,7658
10,760;1,5915;0,7510
10,760;0,6366;1,7984
10,760;0,3183;0,9114
10,760;0,3183;1,3148
10,760;0,3183;1,5071
10,760;0,3183;1,1485
10,760;0,6366;1,0880
10,760;0,6366;1,0513
10,760;1,2732;0,8927
10,760;0,3183;1,8253
10,760;0,6366;1,6852
10,760;0,6366;1,1433
10,760;0,3183;1,7424
10,760;1,2732;1,0329
10,760;0,6366;1,4503
10,760;0,6366;1,1433
10,760;0,9549;0,6668
10,760;1,9099;0,8474
10,760;0,6366;1,8015
10,760;0,9549;1,6436
10,760;1,2732;1,3786
10,760;0,6366;1,8409
10,760;0,6366;1,4926
10,760;0,9549;1,2238
10,760;0,6366;1,0381
11,260;1,2732;0,9873
11,260;0,6366;0,9525
11,260;0,9549;1,1712
11,260;0,6366;0,7132
11,260;0,3183;0,7417
11,260;0,6366;1,3166
11,260;0,3183;1,3151
11,260;0,3183;0,0880
11,260;0,6366;1,7822
11,260;0,3183;1,2025
11,260;0,9549;1,0758
11,260;0,6366;1,0729
11,260;0,9549;0,8407
11,260;0,6366;1,1619
11,260;0,9549;1,0541
11,260;0,9549;1,7722
11,260;1,5915;0,8449
11,260;0,9549;1,2956
11,260;0,6366;1,0479
11,260;0,6366;1,2481
11,260;0,6366;1,3286
11,260;0,6366;1,5774
11,260;0,3183;0,9523
11,260;0,3183;1,5341
11,260;1,2732;1,4040
11,260;0,9549;1,3428
11,260;0,6366;1,6181
11,260;0,6366;1,2481
11,260;0,9549;0,9755
11,260;0,6366;1,7822
11,260;0,3183;0,8579
11,260;0,3183;1,3445
11,260;0,3183;1,6107
11,260;0,6366;1,1666
11,260;0,6366;1,3166
11,260;0,6366;1,0514
11,260;1,2732;0,7895
11,260;0,3183;1,8246
11,260;0,6366;1,6852
11,260;0,6366;1,2720
11,260;0,3183;1,5817
11,260;0,9549;1,1292
11,260;0,6366;1,3286
11,260;0,6366;1,2720
11,260;0,9549;0,9272
11,260;1,2732;0,7538
11,260;0,6366;1,8038
11,260;0,9549;1,6404
11,260;1,2732;1,4040
11,260;0,6366;1,4557
11,260;0,9549;1,1993
11,260;0,6366;1,0415
11,780;0,9549;1,1018
11,780;0,3183;1,3520
11,780;0,9549;1,3035
11,780;0,6366;0,9698
11,780;0,3183;0,9424
11,780;0,3183;1,4043
11,780;0,3183;1,3245
11,780;0,3183;0,1808
11,780;0,6366;1,7745
11,780;0,6366;1,5638
11,780;0,9549;1,1296
11,780;1,2732;0,9787
11,780;0,9549;0,6730
11,780;1,5915;1,1143
11,780;0,3183;1,5254
11,780;0,9549;1,7647
11,780;0,9549;0,8043
11,780;0,9549;1,3790
11,780;0,6366;1,0153
11,780;0,6366;1,6744
11,780;0,9549;1,2978
11,780;0,6366;1,5781
11,780;0,6366;1,2308
11,780;1,2732;1,4639
11,780;0,9549;1,4839
11,780;0,3183;1,7736
11,780;0,6366;1,6744
11,780;0,9549;1,2266
11,780;0,6366;1,7745
11,780;0,3183;0,9723
11,780;0,3183;1,4895
11,780;0,3183;1,5404
11,780;0,6366;1,2723
11,780;0,6366;1,3162
11,780;1,2732;0,9746
11,780;1,2732;0,7573
11,780;0,6366;1,5638
11,780;0,6366;1,6834
11,780;0,6366;1,4090
11,780;0,3183;1,6512
11,780;0,6366;0,9189
11,780;0,6366;1,3944
11,780;0,6366;1,4090
11,780;1,2732;1,1371
11,780;1,2732;1,0009
11,780;0,6366;1,7933
11,780;0,6366;1,5781
11,780;1,2732;1,4639
11,780;0,9549;1,0957
11,780;0,9549;1,0957
11,780;0,9549;1,0957
12,280;0,9549;1,2488
12,280;0,3183;1,7109
12,280;0,6366;1,2311
12,280;0,6366;1,1704
12,280;0,3183;1,0763
12,280;0,6366;1,4461
12,280;0,3183;1,3663
12,280;0,3183;0,3867
12,280;0,3183;1,3201
12,280;0,6366;1,5905
12,280;1,2732;0,9113
12,280;0,9549;1,2489
12,280;0,9549;0,8495
12,280;1,5915;0,9873
12,280;0,3183;1,5556
12,280;0,9549;1,7561
12,280;0,6366;1,0345
12,280;0,9549;1,4394
12,280;0,6366;1,0737
12,280;0,6366;1,6763
12,280;0,9549;1,2787
12,280;0,9549;1,6725
12,280;0,6366;1,2309
12,280;0,6366;1,2231
12,280;0,9549;1,6901
12,280;0,3183;1,7745
12,280;0,6366;1,6763
12,280;0,6366;1,4500
12,280;0,6366;1,6800
12,280;0,3183;1,0144
12,280;0,3183;1,4905
12,280;0,6366;1,6800
12,280;0,6366;1,2311
12,280;0,9549;1,2125
12,280;1,2732;0,8349
12,280;1,5915;1,0116
12,280;0,6366;1,5905
12,280;0,6366;1,6814
12,280;0,6366;1,4340
12,280;0,3183;1,8117
12,280;0,3183;1,4840
12,280;0,6366;1,3654
12,280;0,6366;1,4340
12,280;1,5915;1,1392
12,280;1,2732;1,3231
12,280;0,6366;1,7834
12,280;0,9549;1,6242
12,280;1,2732;1,7490
12,280;0,9549;1,0393
12,280;0,9549;1,0393
12,280;0,9549;1,0393
12,780;0,6366;1,5500
12,780;0,6366;1,5401
12,780;0,6366;1,1467
12,780;0,6366;0,9552
12,780;0,6366;0,9552
12,780;0,6366;1,2870
12,780;0,6366;1,5401
12,780;0,3183;1,1013
12,780;0,6366;1,4125
12,780;0,9549;1,1498
12,780;1,5915;0,9276
12,780;0,6366;1,7632
12,780;0,9549;0,8988
12,780;1,2732;1,0586
12,780;0,6366;1,4531
12,780;0,9549;1,7392
12,780;0,6366;1,1861
12,780;0,6366;1,7500
12,780;0,3183;0,5092
12,780;0,6366;1,6758
12,780;0,9549;1,1949
12,780;0,9549;1,6288
12,780;0,6366;1,2299
12,780;0,3183;0,7236
12,780;0,9549;1,6441
12,780;0,6366;1,3760
12,780;0,6366;1,6758
12,780;0,6366;1,5500
12,780;0,6366;1,4246
12,780;0,3183;1,0278
12,780;0,6366;1,4125
12,780;0,6366;1,4246
12,780;0,6366;1,1467
12,780;0,9549;1,2432
12,780;1,2732;1,0110
12,780;0,9549;1,3239
12,780;0,6366;1,3461
12,780;0,6366;1,6831
12,780;0,6366;1,4531
12,780;0,3183;1,6673
12,780;0,3183;1,5602
12,780;0,9549;1,4436
12,780;0,3183;1,5493
12,780;0,9549;1,0125
12,780;0,9549;1,6625
12,780;0,9549;1,5442
12,780;0,9549;1,6284
12,780;1,2732;1,7289
12,780;1,2732;1,2084
12,780;0,9549;1,0241
12,780;0,9549;1,0241
13,300;0,6366;1,6880
13,300;0,6366;1,5410
13,300;0,6366;1,2715
13,300;0,6366;0,9190
13,300;0,6366;0,9190
13,300;0,6366;1,0432
13,300;0,6366;1,5410
13,300;0,3183;1,4245
13,300;0,6366;1,2099
13,300;0,9549;0,8963
13,300;1,5915;0,9940
13,300;0,6366;1,7910
13,300;0,9549;0,9383
13,300;1,5915;0,9833
13,300;0,6366;1,4554
13,300;1,2732;1,5619
13,300;0,6366;1,4327
13,300;0,6366;1,8265
13,300;0,9549;0,9539
13,300;0,6366;1,6766
13,300;0,9549;1,2427
13,300;1,2732;1,6606
13,300;0,6366;1,1850
13,300;0,3183;0,7234
13,300;1,2732;1,6606
13,300;0,9549;1,0258
13,300;0,6366;1,6766
13,300;0,6366;1,6880
13,300;0,6366;1,1944
13,300;0,3183;1,0314
13,300;0,6366;1,2099
13,300;0,6366;1,1944
13,300;0,6366;1,2715
13,300;1,2732;0,9365
13,300;1,2732;0,9678
13,300;0,9549;1,4740
13,300;0,6366;0,9387
13,300;0,6366;1,6766
13,300;0,6366;1,4554
13,300;0,3183;1,7050
13,300;0,3183;1,5839
13,300;1,2732;1,4703
13,300;0,3183;1,5488
13,300;0,9549;1,1144
13,300;0,9549;1,8456
13,300;0,9549;1,5126
13,300;1,2732;1,6606
13,300;1,5915;1,6969
13,300;0,9549;1,0258
13,300;0,3183;1,3948
13,300;0,9549;1,0258
13,800;0,6366;1,5873
13,800;0,6366;1,4557
13,800;0,6366;1,1928
13,800;0,6366;1,0385
13,800;0,6366;1,0385
13,800;0,6366;0,4704
13,800;0,6366;1,4557
13,800;0,3183;1,3999
13,800;0,6366;0,9473
13,800;0,6366;0,8938
13,800;1,2732;1,1299
13,800;0,6366;1,8025
13,800;0,9549;1,0742
13,800;0,9549;1,1939
13,800;0,6366;1,4550
13,800;1,2732;1,6407
13,800;0,6366;1,4696
13,800;0,6366;1,7030
13,800;0,9549;0,6570
13,800;0,6366;1,6278
13,800;0,9549;1,4171
13,800;1,5915;1,6038
13,800;0,9549;1,4171
13,800;0,6366;1,2113
13,800;1,5915;1,7028
13,800;1,2732;1,3460
13,800;0,9549;1,3267
13,800;0,6366;1,5873
13,800;0,3183;1,2117
13,800;0,3183;1,0303
13,800;0,6366;0,9473
13,800;0,6366;1,0496
13,800;0,6366;1,1928
13,800;0,9549;0,9291
13,800;1,2732;1,0212
13,800;0,9549;1,5129
13,800;0,6366;1,0496
13,800;0,9549;1,6988
13,800;0,9549;1,5310
13,800;0,3183;1,8387
13,800;0,6366;1,5003
13,800;1,9099;1,5041
13,800;0,3183;1,5493
13,800;0,9549;1,2563
13,800;0,9549;1,8827
13,800;0,9549;1,6231
13,800;1,2732;1,6692
13,800;1,2732;1,6692
13,800;0,9549;1,2364
13,800;0,9549;1,2364
14,320;0,6366;1,5178
14,320;0,6366;1,4555
14,320;0,6366;1,1936
14,320;0,6366;1,2380
14,320;0,6366;1,2380
14,320;0,6366;0,6097
14,320;0,6366;1,4555
14,320;0,3183;1,4093
14,320;0,6366;1,1033
14,320;0,9549;1,0051
14,320;1,2732;1,2151
14,320;0,3183;1,9961
14,320;0,9549;1,2867
14,320;0,9549;1,2676
14,320;0,6366;1,4541
14,320;1,2732;1,7281
14,320;0,3183;0,8894
14,320;0,6366;1,6876
14,320;0,6366;0,6097
14,320;0,6366;1,1402
14,320;0,9549;1,5620
14,320;1,9099;1,3146
14,320;0,9549;1,5620
14,320;0,9549;1,3586
14,320;1,5915;1,7121
14,320;1,2732;1,0791
14,320;0,6366;1,2596
14,320;0,6366;1,5178
14,320;0,3183;1,2881
14,320;0,3183;1,0311
14,320;0,6366;1,1033
14,320;0,6366;1,3016
14,320;0,6366;1,1936
14,320;0,6366;1,1634
14,320;0,9549;0,9219
14,320;0,6366;1,8341
14,320;0,9549;1,0954
14,320;0,9549;1,7710
14,320;0,9549;1,4576
14,320;0,3183;1,6323
14,320;0,6366;1,3927
14,320;1,5915;1,5544
14,320;0,3183;1,5489
14,320;1,2732;1,3029
14,320;0,6366;1,8341
14,320;0,6366;1,4876
14,320;1,5915;1,4407
14,320;1,2732;1,6802
14,320;0,9549;0,9498
14,820;0,6366;1,6107
14,820;0,6366;1,2885
14,820;0,6366;1,1821
14,820;0,3183;1,4443
14,820;0,3183;1,1561
14,820;0,9549;1,0463
14,820;0,9549;1,2730
14,820;0,3183;1,4232
14,820;0,6366;1,0985
14,820;0,9549;1,1750
14,820;0,9549;1,0028
14,820;0,3183;2,0271
14,820;1,2732;1,0852
14,820;0,6366;1,4263
14,820;0,6366;1,4568
14,820;0,6366;1,6308
14,820;0,6366;1,0309
14,820;0,6366;1,5818
14,820;0,6366;0,8542
14,820;0,6366;1,1402
14,820;0,9549;1,4157
14,820;1,9099;1,0025
14,820;0,9549;1,5607
14,820;0,9549;1,3572
14,820;1,5915;1,2529
14,820;1,5915;0,9379
14,820;0,6366;1,2576
14,820;0,9549;1,4567
14,820;0,3183;1,1276
14,820;0,3183;0,8242
14,820;0,9549;1,1422
14,820;0,6366;1,3406
14,820;0,9549;1,3331
14,820;0,3183;1,1238
14,820;0,9549;0,9568
14,820;0,9549;1,7768
14,820;1,2732;1,2010
14,820;0,9549;1,8278
14,820;0,9549;1,5324
14,820;0,3183;1,4742
14,820;0,9549;1,6862
14,820;0,9549;1,6779
14,820;0,3183;1,5452
14,820;0,9549;1,3344
14,820;0,6366;1,8233
14,820;0,6366;1,5709
14,820;1,9099;1,0025
14,820;1,5915;1,0659
14,820;1,2732;0,9431
15,320;0,6366;1,5378
15,320;0,6366;1,4739
15,320;0,6366;1,0844
15,320;0,3183;1,4358
15,320;0,3183;1,3134
15,320;0,6366;0,9389
15,320;0,9549;1,4786
15,320;0,3183;1,4250
15,320;0,3183;1,0459
15,320;0,9549;1,1278
15,320;1,5915;1,1770
15,320;0,3183;1,9762
15,320;0,9549;1,0162
15,320;0,9549;1,3839
15,320;0,6366;1,4557
15,320;0,6366;1,6709
15,320;0,9549;1,1927
15,320;1,5915;1,1600
15,320;0,3183;1,1685
15,320;0,6366;1,1394
15,320;0,9549;1,3033
15,320;1,5915;1,1600
15,320;0,9549;1,5592
15,320;1,2732;1,4122
15,320;1,5915;1,1600
15,320;0,6366;1,2382
15,320;0,9549;1,4084
15,320;0,3183;0,9888
15,320;0,3183;1,0314
15,320;0,6366;1,4001
15,320;0,3183;1,0815
15,320;0,9549;1,2350
15,320;0,6366;1,1383
15,320;0,9549;1,1591
15,320;0,6366;1,9012
15,320;0,9549;0,9933
15,320;0,6366;1,6709
15,320;0,9549;1,4913
15,320;0,6366;1,1698
15,320;0,9549;1,7072
15,320;0,6366;1,6604
15,320;0,3183;1,5485
15,320;0,9549;1,2952
15,320;0,3183;1,5737
15,320;0,6366;1,4026
15,320;1,5915;1,1600
15,320;1,5915;1,1600
15,840;0,6366;1,5386
15,840;0,6366;1,3549
15,840;0,6366;1,0826
15,840;0,3183;1,4442
15,840;0,3183;1,3129
15,840;0,6366;1,0841
15,840;0,9549;1,3398
15,840;0,3183;1,4250
15,840;0,3183;1,3113
15,840;0,9549;1,0870
15,840;1,5915;1,1859
15,840;0,6366;1,8308
15,840;1,2732;1,1334
15,840;1,2732;1,3229
15,840;0,9549;1,6606
15,840;0,9549;1,4773
15,840;0,6366;1,0633
15,840;0,9549;1,3078
15,840;0,3183;0,8217
15,840;0,9549;1,3572
15,840;0,9549;1,3178
15,840;1,2732;1,4471
15,840;0,9549;1,2853
15,840;0,9549;1,3078
15,840;0,6366;1,6737
15,840;0,9549;1,3987
15,840;0,3183;0,8178
15,840;0,3183;0,8894
15,840;0,6366;1,2645
15,840;0,3183;1,0124
15,840;0,9549;1,2510
15,840;0,6366;1,0757
15,840;0,9549;1,0864
15,840;0,9549;1,6406
15,840;0,9549;1,0515
15,840;0,9549;1,4773
15,840;1,2732;1,6285
15,840;0,6366;1,1516
15,840;0,9549;1,6406
15,840;0,3183;2,1540
15,840;0,3183;1,5492
15,840;0,6366;1,5093
15,840;0,3183;1,5076
15,840;0,6366;1,4246
15,840;0,9549;1,3078
16,340;0,6366;1,4438
16,340;0,3183;1,2787
16,340;0,6366;1,0373
16,340;0,3183;1,4442
16,340;0,6366;1,3372
16,340;0,6366;1,2329
16,340;0,9549;1,0786
16,340;0,6366;1,3372
16,340;0,6366;1,1579
16,340;0,6366;1,1867
16,340;1,2732;1,2558
16,340;0,6366;1,8274
16,340;1,2732;1,1453
16,340;0,6366;1,2961
16,340;0,6366;1,8274
16,340;0,9549;1,4704
16,340;0,6366;1,0761
16,340;0,6366;1,0070
16,340;0,6366;1,6765
16,340;0,9549;1,3776
16,340;1,5915;1,4877
16,340;0,9549;1,4139
16,340;0,6366;1,6765
16,340;0,9549;1,3173
16,340;0,6366;1,1579
16,340;0,3183;1,0310
16,340;0,6366;1,2365
16,340;0,6366;1,1867
16,340;0,9549;1,1795
16,340;0,6366;1,1925
16,340;0,6366;1,2374
16,340;0,9549;1,6451
16,340;0,6366;1,2329
16,340;0,9549;1,4704
16,340;0,9549;1,6451
16,340;0,6366;1,2844
16,340;0,9549;1,6451
16,340;0,6366;1,1977
16,340;0,3183;1,5492
16,340;0,3183;1,6690
16,340;0,3183;1,4915
16,340;0,9549;1,3776
16,840;0,6366;1,4897
16,840;0,3183;1,2221
16,840;0,6366;0,7185
16,840;0,3183;1,4436
16,840;0,6366;1,2652
16,840;0,6366;1,1484
16,840;0,6366;1,4508
16,840;0,6366;1,2652
16,840;0,6366;1,3595
16,840;0,6366;1,2277
16,840;1,2732;1,3576
16,840;0,6366;1,8303
16,840;1,5915;1,2134
16,840;0,6366;1,2021
16,840;0,6366;1,8303
16,840;0,9549;1,4174
16,840;0,6366;0,9876
16,840;0,3183;0,4799
16,840;0,6366;1,7017
16,840;0,9549;1,4148
16,840;1,5915;1,4783
16,840;0,9549;1,4269
16,840;0,3183;1,7965
16,840;0,9549;1,3994
16,840;0,6366;1,3595
16,840;0,3183;1,0252
16,840;0,3183;1,2746
16,840;0,6366;1,2277
16,840;0,6366;0,7185
16,840;0,6366;1,3933
16,840;0,9549;1,2725
16,840;0,6366;1,8865
16,840;0,6366;1,1484
16,840;0,9549;1,4174
16,840;0,9549;1,7866
16,840;0,9549;1,3758
16,840;0,6366;1,4538
16,840;0,6366;1,2146
16,840;0,3183;1,5490
16,840;0,3183;1,6711
16,840;0,3183;1,4084
16,840;0,9549;1,4148
17,340;0,6366;1,5584
17,340;0,3183;1,3839
17,340;0,6366;0,7611
17,340;0,3183;1,4447
17,340;0,6366;1,2855
17,340;0,6366;1,3076
17,340;0,3183;1,3660
17,340;0,6366;1,2855
17,340;0,6366;1,5112
17,340;0,6366;1,3533
17,340;0,9549;1,2469
17,340;0,6366;1,8308
17,340;1,5915;1,2008
17,340;0,6366;1,1911
17,340;0,9549;2,0390
17,340;0,9549;1,4919
17,340;0,6366;0,9713
17,340;0,6366;0,6084
17,340;0,6366;1,7073
17,340;1,2732;1,4566
17,340;1,2732;1,4579
17,340;0,6366;1,2525
17,340;0,3183;1,7945
17,340;0,6366;1,5584
17,340;0,6366;1,5112
17,340;0,3183;1,0316
17,340;0,3183;1,3226
17,340;0,6366;1,3533
17,340;0,9549;0,6184
17,340;0,9549;1,2469
17,340;0,3183;1,3489
17,340;0,9549;1,7896
17,340;0,6366;1,3076
17,340;1,2732;1,4579
17,340;0,9549;1,8048
17,340;0,6366;1,7073
17,340;0,6366;1,4795
17,340;0,6366;1,2525
17,340;0,3183;1,5466
17,340;0,3183;1,6586
17,340;0,3183;1,4516
17,340;0,6366;1,5060
17,840;0,6366;1,4851
17,840;0,3183;1,5319
17,840;0,6366;0,5754
17,840;0,3183;1,4352
17,840;0,6366;1,2743
17,840;0,6366;1,3705
17,840;0,3183;1,3550
17,840;0,6366;1,2743
17,840;0,6366;1,3815
17,840;0,9549;1,3852
17,840;0,9549;1,2994
17,840;0,9549;1,7357
17,840;1,5915;1,2405
17,840;0,6366;1,3251
17,840;0,9549;2,0407
17,840;0,6366;1,3509
17,840;0,9549;1,2673
17,840;0,9549;0,7579
17,840;0,6366;1,6981
17,840;1,2732;1,5016
17,840;0,9549;1,3527
17,840;0,9549;1,4837
17,840;0,6366;1,4851
17,840;0,6366;1,3815
17,840;0,3183;1,0278
17,840;0,3183;1,4430
17,840;0,6366;1,3141
17,840;0,6366;0,6894
17,840;0,6366;1,2998
17,840;0,9549;1,2673
17,840;0,6366;2,0281
17,840;0,9549;1,3641
17,840;0,9549;1,2283
17,840;0,6366;1,4694
17,840;0,6366;1,6981
17,840;0,6366;1,4694
17,840;0,6366;1,4222
17,840;0,6366;1,8075
17,840;0,3183;1,6674
17,840;0,3183;1,5995
17,840;0,6366;1,6514
18,340;0,6366;1,5370
18,340;0,3183;1,5513
18,340;0,6366;0,7782
18,340;0,3183;1,4448
18,340;0,6366;1,1671
18,340;0,3183;1,3435
18,340;0,3183;1,3057
18,340;0,6366;1,1671
18,340;0,6366;1,2305
18,340;0,9549;1,4557
18,340;0,9549;1,2698
18,340;0,9549;1,6533
18,340;1,5915;1,2028
18,340;0,6366;1,3202
18,340;0,6366;1,7060
18,340;1,2732;1,3596
18,340;0,9549;1,2048
18,340;0,6366;0,7782
18,340;1,9099;1,3517
18,340;0,9549;1,3149
18,340;1,2732;1,3799
18,340;0,6366;1,5370
18,340;0,6366;1,2305
18,340;0,3183;1,0305
18,340;0,3183;1,4902
18,340;0,6366;1,2730
18,340;0,3183;1,1494
18,340;0,6366;1,2590
18,340;0,9549;1,2048
18,340;0,6366;2,0074
18,340;0,6366;1,6463
18,340;1,2732;1,2991
18,340;0,6366;1,4433
18,340;0,6366;1,9686
18,340;0,6366;1,4433
18,340;0,6366;1,9686
18,340;0,9549;2,0264
18,340;0,3183;1,6286
18,340;0,3183;1,5871
18,340;0,9549;1,3421
18,860;0,6366;1,7371
18,860;0,3183;1,6698
18,860;0,3183;1,5143
18,860;0,3183;1,4444
18,860;0,6366;1,2762
18,860;0,3183;1,3317
18,860;0,3183;1,3654
18,860;0,6366;1,2762
18,860;0,6366;1,3104
18,860;0,9549;1,5093
18,860;0,9549;1,4717
18,860;0,6366;1,8092
18,860;1,5915;1,2490
18,860;0,6366;1,3254
18,860;0,3183;1,5920
18,860;1,2732;1,2522
18,860;0,9549;1,2328
18,860;0,3183;0,2131
18,860;1,9099;1,3238
18,860;0,6366;1,0327
18,860;1,5915;1,3912
18,860;0,6366;1,7371
18,860;0,6366;1,3104
18,860;0,3183;1,0316
18,860;0,3183;1,4452
18,860;0,6366;1,3957
18,860;0,3183;1,1435
18,860;0,6366;1,5570
18,860;0,9549;1,2328
18,860;0,6366;2,0062
18,860;0,6366;1,6618
18,860;1,2732;1,2522
18,860;0,6366;1,5022
18,860;0,6366;1,5022
18,860;0,9549;2,0272
18,860;0,3183;1,6689
18,860;0,3183;1,5938
18,860;0,9549;1,2497
19,360;0,6366;1,7591
19,360;0,6366;1,4776
19,360;0,9549;1,3999
19,360;0,6366;1,5250
19,360;0,6366;1,2449
19,360;0,3183;1,6289
19,360;0,6366;1,4481
19,360;0,6366;1,2449
19,360;0,9549;1,4602
19,360;0,6366;1,4692
19,360;0,9549;1,5495
19,360;0,6366;1,8074
19,360;1,5915;1,2889
19,360;0,9549;1,5729
19,360;0,3183;1,5921
19,360;1,2732;1,2115
19,360;0,9549;1,2708
19,360;0,3183;0,3739
19,360;1,2732;1,0566
19,360;0,9549;1,4756
19,360;1,5915;1,3580
19,360;0,9549;1,5741
19,360;0,9549;1,2567
19,360;0,3183;1,0311
19,360;0,3183;1,4084
19,360;0,6366;1,2577
19,360;0,6366;1,3776
19,360;0,9549;1,5663
19,360;0,9549;1,2708
19,360;0,9549;1,6858
19,360;0,6366;1,4692
19,360;1,2732;1,4680
19,360;0,9549;1,5303
19,360;0,6366;1,4959
19,360;0,9549;2,0115
19,360;0,3183;1,6564
19,360;0,6366;1,4533
19,360;0,9549;1,4589
19,860;0,6366;1,6341
19,860;0,9549;1,5431
19,860;0,9549;1,3968
19,860;0,6366;1,5210
19,860;0,6366;1,0520
19,860;0,3183;1,6056
19,860;0,6366;1,4928
19,860;0,6366;1,0520
19,860;1,2732;1,5685
19,860;0,6366;1,5274
19,860;0,9549;1,1472
19,860;0,9549;1,7219
19,860;1,5915;1,2785
19,860;0,9549;1,5459
19,860;0,6366;1,6146
19,860;0,6366;1,0740
19,860;1,5915;1,3051
19,860;0,3183;0,7201
19,860;0,9549;1,0280
19,860;0,9549;1,3031
19,860;0,9549;1,1348
19,860;0,9549;1,5409
19,860;0,9549;1,4429
19,860;0,3183;1,0308
19,860;0,9549;1,5431
19,860;0,6366;1,4253
19,860;0,6366;1,3734
19,860;0,6366;1,6679
19,860;0,9549;1,2700
19,860;1,2732;1,5678
19,860;0,9549;1,3207
19,860;0,6366;1,8260
19,860;0,9549;1,5192
19,860;0,9549;1,5156
19,860;0,9549;1,7219
19,860;0,3183;1,6709
19,860;0,6366;1,4591
19,860;0,6366;1,8260
20,360;0,6366;1,6868
20,360;1,2732;1,5074
20,360;0,9549;1,4001
20,360;0,6366;1,5253
20,360;0,6366;1,2010
20,360;0,3183;1,6256
20,360;0,6366;1,4786
20,360;0,6366;1,2010
20,360;0,9549;1,4781
20,360;0,9549;1,2656
20,360;0,9549;1,0996
20,360;1,2732;1,4001
20,360;1,5915;1,2502
20,360;0,9549;1,5683
20,360;0,9549;1,5395
20,360;0,9549;1,2455
20,360;1,9099;1,3098
20,360;0,3183;1,2091
20,360;0,9549;1,2455
20,360;1,2732;1,2443
20,360;1,2732;1,2105
20,360;1,2732;1,5434
20,360;0,6366;1,6103
20,360;0,3183;1,0313
20,360;0,9549;1,4781
20,360;0,6366;1,6103
20,360;0,6366;1,3777
20,360;0,6366;1,7024
20,360;0,9549;1,2474
20,360;1,2732;1,4001
20,360;0,9549;1,2656
20,360;0,6366;1,4607
20,360;0,6366;1,6384
20,360;1,2732;1,5216
20,360;0,3183;1,6672
20,360;0,6366;1,4607
20,860;0,6366;1,7365
20,860;1,2732;1,5012
20,860;0,9549;1,3991
20,860;0,6366;1,5240
20,860;0,3183;1,3136
20,860;0,6366;1,7260
20,860;0,6366;1,5038
20,860;0,3183;1,2934
20,860;0,9549;1,4544
20,860;0,9549;0,9834
20,860;0,9549;1,1028
20,860;1,2732;1,2017
20,860;1,5915;1,2524
20,860;1,2732;1,5922
20,860;0,9549;1,5153
20,860;1,5915;1,0699
20,860;0,3183;1,6139
20,860;0,6366;1,0392
20,860;1,2732;1,2017
20,860;1,2732;1,3015
20,860;1,2732;1,5590
20,860;0,9549;1,6872
20,860;0,3183;1,0305
20,860;0,9549;1,4544
20,860;0,6366;1,8064
20,860;0,6366;1,3775
20,860;0,6366;1,7688
20,860;0,9549;1,3942
20,860;1,2732;1,3417
20,860;0,9549;0,9834
20,860;0,6366;1,4558
20,860;0,6366;1,6309
20,860;0,9549;1,2772
20,860;0,3183;1,6430
20,860;0,6366;1,4558
21,360;0,9549;1,5902
21,360;1,5915;1,5419
21,360;0,9549;1,3987
21,360;0,6366;1,5245
21,360;0,3183;1,3137
21,360;0,6366;1,6474
21,360;0,6366;1,4697
21,360;0,3183;1,4247
21,360;0,9549;1,4120
21,360;1,2732;0,8755
21,360;0,9549;1,1481
21,360;0,9549;1,2222
21,360;1,2732;1,3721
21,360;1,2732;1,5744
21,360;0,9549;1,5542
21,360;1,2732;0,8672
21,360;0,3183;1,7118
21,360;1,5915;1,2055
21,360;0,9549;1,2222
21,360;1,2732;1,5169
21,360;0,9549;1,5681
21,360;0,3183;1,0314
21,360;0,9549;1,4120
21,360;0,9549;1,1884
21,360;0,6366;1,3758
21,360;0,6366;1,7685
21,360;0,9549;1,3706
21,360;0,9549;1,1127
21,360;0,9549;0,6974
21,360;0,6366;1,4589
21,360;0,6366;1,6358
21,360;1,2732;1,2326
21,360;0,3183;1,6068
21,360;0,6366;1,4589
21,860;0,9549;1,5089
21,860;1,5915;1,5034
21,860;0,9549;1,4000
21,860;0,6366;1,5252
21,860;0,3183;1,3133
21,860;0,6366;1,6559
21,860;0,6366;1,2969
21,860;0,3183;1,4250
21,860;0,9549;1,4699
21,860;1,5915;1,1097
21,860;0,6366;1,2961
21,860;1,2732;1,3862
21,860;0,9549;1,4165
21,860;1,2732;1,4130
21,860;1,2732;1,1406
21,860;0,3183;1,6846
21,860;0,9549;1,0409
21,860;1,2732;1,4607
21,860;1,9099;1,1719
21,860;0,3183;1,0304
21,860;0,9549;1,4699
21,860;1,2732;1,1597
21,860;0,6366;1,3777
21,860;0,3183;2,1858
21,860;0,9549;1,4165
21,860;1,2732;1,1547
21,860;1,5915;1,1097
21,860;0,6366;1,4604
21,860;0,6366;1,5587
21,860;1,2732;1,1547
21,860;0,3183;1,6438
21,860;0,6366;1,4604
22,360;0,9549;1,5971
22,360;1,2732;1,5824
22,360;0,9549;1,3998
22,360;0,6366;1,5249
22,360;0,3183;1,3139
22,360;0,9549;1,4056
22,360;0,6366;1,2522
22,360;0,3183;1,4251
22,360;0,9549;1,5814
22,360;1,5915;1,0616
22,360;0,6366;1,3371
22,360;0,9549;1,3419
22,360;0,9549;1,4172
22,360;1,2732;1,3321
22,360;1,5915;1,2356
22,360;0,3183;1,6898
22,360;1,2732;1,5126
22,360;1,5915;1,2356
22,360;0,3183;1,0315
22,360;0,6366;1,5145
22,360;0,6366;0,8486
22,360;0,6366;1,3775
22,360;0,3183;2,1860
22,360;0,6366;1,4767
22,360;0,9549;1,2765
22,360;1,2732;1,1438
22,360;0,6366;1,4598
22,360;0,6366;1,3936
22,360;0,9549;1,2765
22,360;0,3183;1,6679
22,360;0,6366;1,4598
22,880;0,6366;1,7736
22,880;0,9549;1,6893
22,880;0,6366;1,5194
22,880;0,6366;1,5194
22,880;0,3183;1,3140
22,880;0,9549;1,3308
22,880;0,6366;1,1964
22,880;0,3183;1,4247
22,880;1,2732;1,4796
22,880;1,5915;1,0957
22,880;0,6366;1,3388
22,880;0,9549;1,3430
22,880;0,9549;1,4185
22,880;0,6366;1,5788
22,880;1,5915;1,1834
22,880;0,3183;1,6917
22,880;0,6366;1,1964
22,880;1,5915;1,1834
22,880;0,3183;1,0310
22,880;0,6366;1,5048
22,880;0,9549;1,1993
22,880;0,3183;1,1493
22,880;0,3183;2,1863
22,880;0,6366;1,4771
22,880;1,2732;1,0716
22,880;0,6366;1,4572
22,880;0,6366;1,5788
22,880;0,3183;1,6684
22,880;0,6366;1,4572
23,380;0,9549;1,6555
23,380;1,5915;1,5556
23,380;0,6366;1,5247
23,380;0,6366;1,5247
23,380;0,3183;1,2587
23,380;1,2732;1,3851
23,380;0,6366;1,1845
23,380;0,6366;1,5665
23,380;1,5915;1,5556
23,380;1,2732;1,1296
23,380;0,9549;1,4262
23,380;0,9549;1,3340
23,380;0,9549;1,4180
23,380;1,5915;1,2961
23,380;0,6366;1,5665
23,380;0,6366;1,1845
23,380;1,2732;1,4160
23,380;0,3183;1,0315
23,380;0,9549;1,5685
23,380;1,2732;1,3379
23,380;0,3183;1,1403
23,380;0,6366;1,9284
23,380;0,6366;1,4759
23,380;1,2732;1,2131
23,380;0,6366;1,4588
23,380;0,6366;1,9284
23,380;0,6366;1,4588
23,880;0,6366;1,6527
23,880;1,5915;1,5793
23,880;0,6366;1,5254
23,880;0,6366;1,5254
23,880;0,3183;1,2952
23,880;1,2732;1,4956
23,880;0,6366;1,3855
23,880;0,6366;1,5620
23,880;1,5915;1,4102
23,880;1,2732;1,2343
23,880;0,9549;1,4360
23,880;0,9549;1,3430
23,880;0,9549;1,4176
23,880;1,5915;1,4714
23,880;0,6366;1,5620
23,880;0,6366;1,3855
23,880;1,2732;1,6078
23,880;0,3183;1,0315
23,880;1,2732;1,5314
23,880;1,5915;1,4102
23,880;0,3183;1,1497
23,880;0,6366;1,8821
23,880;0,6366;1,4759
23,880;0,9549;1,6003
23,880;0,9549;1,5290
23,880;0,9549;1,6941
23,880;0,6366;1,4586
24,380;0,9549;1,5400
24,380;1,5915;1,4657
24,380;0,6366;1,5236
24,380;0,6366;1,5236
24,380;0,3183;1,1605
24,380;1,2732;1,6406
24,380;0,6366;1,4274
24,380;0,6366;1,4596
24,380;1,5915;1,4413
24,380;1,9099;1,4352
24,380;0,9549;1,3843
24,380;0,9549;1,3408
24,380;0,9549;1,4177
24,380;0,9549;1,2497
24,380;0,6366;1,4596
24,380;0,6366;1,4274
24,380;0,9549;1,7298
24,380;0,3183;1,0310
24,380;1,2732;1,4891
24,380;1,5915;1,2916
24,380;0,3183;1,1481
24,380;0,6366;1,8507
24,380;0,6366;1,4771
24,380;0,9549;1,7298
24,380;0,6366;1,4942
24,380;0,9549;1,6741
24,880;0,9549;1,5601
24,880;1,5915;1,4047
24,880;0,6366;1,5242
24,880;0,6366;1,5242
24,880;0,3183;1,3073
24,880;1,2732;1,6360
24,880;0,6366;1,5103
24,880;0,6366;1,5347
24,880;1,2732;1,3720
24,880;1,2732;1,3979
24,880;0,9549;1,3187
24,880;0,9549;1,5593
24,880;0,6366;1,4760
24,880;0,9549;1,3515
24,880;0,6366;1,5347
24,880;0,6366;1,5103
24,880;1,2732;1,6306
24,880;0,3183;1,0313
24,880;0,9549;1,2925
24,880;0,9549;1,3525
24,880;0,3183;1,1496
24,880;0,6366;1,7949
24,880;0,6366;1,4760
24,880;0,9549;1,7421
24,880;0,6366;1,7949
25,380;1,2732;1,3452
25,380;1,5915;1,2830
25,380;0,6366;1,5229
25,380;0,6366;1,5229
25,380;0,3183;1,3127
25,380;0,6366;1,2838
25,380;0,3183;1,3597
25,380;0,6366;1,5714
25,380;1,2732;1,4264
25,380;0,9549;1,3084
25,380;0,9549;1,2899
25,380;0,9549;1,5806
25,380;0,6366;1,4771
25,380;1,5915;1,3982
25,380;0,9549;1,4308
25,380;0,3183;1,6629
25,380;0,9549;1,7303
25,380;0,3183;1,0252
25,380;0,9549;1,3651
25,380;0,9549;1,3477
25,380;0,6366;1,4352
25,380;0,6366;1,4771
25,380;0,6366;1,9444
25,880;1,2732;1,4051
25,880;1,5915;1,3444
25,880;0,6366;1,5253
25,880;0,6366;1,5253
25,880;0,3183;1,3139
25,880;0,6366;1,2129
25,880;0,3183;1,3664
25,880;0,6366;1,5739
25,880;1,2732;1,3903
25,880;0,9549;1,3505
25,880;0,9549;1,2421
25,880;0,9549;1,5349
25,880;0,6366;1,4770
25,880;1,9099;1,4502
25,880;0,9549;1,4323
25,880;0,6366;1,3425
25,880;0,6366;1,6818
25,880;0,3183;1,0304
25,880;0,9549;1,4180
25,880;0,9549;1,3307
25,880;0,6366;1,4360
25,880;0,6366;1,4770
25,880;0,3183;1,8183
26,380;1,2732;1,3276
26,380;1,5915;1,2790
26,380;0,6366;1,4796
26,380;0,3183;1,4432
26,380;0,3183;1,3137
26,380;0,6366;1,3906
26,380;0,6366;1,4796
26,380;0,3183;1,4240
26,380;1,2732;1,3190
26,380;0,9549;1,3605
26,380;0,9549;1,3601
26,380;1,2732;1,6110
26,380;0,6366;1,7065
26,380;1,9099;1,4080
26,380;0,6366;1,4317
26,380;0,6366;1,2107
26,380;0,9549;1,5707
26,380;0,3183;1,0316
26,380;0,9549;1,2168
26,380;0,9549;1,3490
26,380;0,6366;1,4317
26,380;0,3183;1,6032
26,380;0,6366;1,5033
26,900;0,9549;1,3664
26,900;1,2732;1,1725
26,900;0,6366;1,4835
26,900;0,3183;1,4429
26,900;0,3183;1,3137
26,900;0,6366;1,3831
26,900;0,6366;1,4835
26,900;0,3183;1,4205
26,900;0,9549;1,4839
26,900;0,6366;1,5948
26,900;0,9549;1,3557
26,900;0,9549;1,4938
26,900;0,6366;1,7017
26,900;0,9549;1,2700
26,900;0,6366;1,4351
26,900;0,6366;1,2396
26,900;0,6366;1,7017
26,900;0,3183;1,0315
26,900;0,9549;1,2634
26,900;0,6366;1,5704
26,900;0,6366;1,4351
26,900;0,3183;1,6027
26,900;0,6366;1,5532
27,400;0,9549;1,3688
27,400;1,2732;1,2760
27,400;0,6366;1,4814
27,400;0,6366;1,5828
27,400;0,3183;1,3136
27,400;0,6366;1,4584
27,400;0,6366;1,4814
27,400;0,3183;1,4248
27,400;0,9549;1,5501
27,400;0,9549;1,6016
27,400;0,9549;1,4057
27,400;0,9549;1,4701
27,400;0,6366;1,7078
27,400;1,2732;1,2939
27,400;0,6366;1,5828
27,400;0,6366;1,4292
27,400;0,6366;1,7078
27,400;0,3183;1,0308
27,400;1,2732;1,3230
27,400;0,9549;1,5777
27,400;0,3183;1,1462
27,400;0,6366;1,5602
27,900;1,2732;1,4929
27,900;1,2732;1,4780
27,900;0,6366;1,4853
27,900;0,6366;1,5835
27,900;0,3183;1,3139
27,900;0,6366;1,3151
27,900;0,6366;1,4853
27,900;0,6366;1,2836
27,900;0,9549;1,6224
27,900;0,9549;1,6506
27,900;0,9549;1,3101
27,900;0,9549;1,4374
27,900;1,2732;1,4445
27,900;0,6366;1,5835
27,900;0,6366;1,5296
27,900;0,3183;1,0312
27,900;0,9549;1,3236
27,900;0,9549;1,5820
27,900;0,6366;1,2836
27,900;0,6366;1,5624
28,400;1,2732;1,5550
28,400;1,2732;1,3814
28,400;0,6366;1,4858
28,400;0,6366;1,5472
28,400;0,3183;1,3114
28,400;1,2732;1,4693
28,400;0,6366;1,4858
28,400;0,6366;1,2870
28,400;1,2732;1,5556
28,400;1,2732;1,5500
28,400;0,9549;1,3207
28,400;0,6366;1,3346
28,400;1,2732;1,3283
28,400;0,6366;1,5472
28,400;0,6366;1,2465
28,400;0,3183;1,0316
28,400;0,6366;1,1739
28,400;1,2732;1,5103
28,400;0,6366;1,2870
28,900;1,2732;1,4989
28,900;1,2732;1,3255
28,900;0,6366;1,4855
28,900;0,6366;1,5825
28,900;0,3183;1,3139
28,900;1,2732;1,5523
28,900;0,6366;1,4855
28,900;0,6366;1,2721
28,900;1,2732;1,4998
28,900;1,2732;1,5695
28,900;0,6366;1,4978
28,900;1,2732;1,3796
28,900;0,6366;1,5825
28,900;0,6366;1,3096
28,900;0,3183;1,0316
28,900;0,6366;1,2008
28,900;1,2732;1,5934
28,900;0,6366;1,2721
29,400;1,2732;1,5040
29,400;0,9549;1,5069
29,400;0,6366;1,4846
29,400;0,6366;1,5777
29,400;0,3183;1,3133
29,400;0,6366;1,4846
29,400;0,6366;1,2868
29,400;1,5915;1,5248
29,400;1,2732;1,5254
29,400;0,9549;1,3698
29,400;0,6366;1,5777
29,400;0,6366;1,3093
29,400;0,3183;1,0302
29,400;0,6366;1,2011
29,400;0,9549;1,5466
29,400;0,6366;1,2868
29,900;0,9549;1,4440
29,900;0,9549;1,4440
29,900;0,6366;1,4822
29,900;0,6366;1,5827
29,900;0,3183;1,2164
29,900;0,6366;1,4822
29,900;0,6366;1,2830
29,900;0,9549;1,4440
29,900;0,9549;1,3646
29,900;0,6366;1,5827
29,900;0,6366;1,3015
29,900;0,3183;1,0314
29,900;0,6366;1,2005
29,900;0,6366;1,2830
30,400;0,6366;1,3948
30,400;0,6366;1,3948
30,400;0,6366;1,4767
30,400;0,6366;1,5834
30,400;0,3183;1,3127
30,400;0,6366;1,4767
30,400;0,6366;1,2861
30,400;0,6366;1,2001
30,400;0,6366;1,5834
30,400;0,6366;1,5948
30,400;0,3183;1,0311
30,400;0,9549;1,3670
30,400;0,6366;1,2861
30,920;0,9549;1,2926
30,920;0,6366;1,5835
30,920;0,3183;1,3136
30,920;0,9549;1,2926
30,920;0,6366;1,2864
30,920;1,2732;1,3412
30,920;0,6366;1,5835
30,920;0,6366;1,5961
30,920;0,3183;1,0315
30,920;0,9549;1,3679
30,920;0,6366;1,2864
31,420;0,9549;1,2923
31,420;0,6366;1,5821
31,420;0,3183;1,3138
31,420;0,9549;1,2923
31,420;0,6366;1,2868
31,420;0,9549;1,2923
31,420;0,6366;1,5821
31,420;0,3183;1,0315
31,420;0,3183;1,4900
31,420;0,6366;1,2868
31,920;0,9549;1,2924
31,920;0,6366;1,5428
31,920;0,3183;1,2884
31,920;0,9549;1,2924
31,920;0,3183;1,4248
31,920;0,9549;1,2924
31,920;0,6366;1,5428
31,920;0,3183;1,0315
31,920;0,3183;1,1485
32,440;0,9549;1,1854
32,440;0,6366;1,4027
32,440;0,3183;1,2791
32,440;1,2732;1,2601
32,440;0,3183;1,4231
32,440;0,9549;1,1854
32,440;0,9549;1,2822
32,440;0,3183;1,0314
32,440;0,3183;1,1492
32,940;0,6366;1,3095
32,940;0,3183;1,3133
32,940;0,9549;1,2200
32,940;0,3183;1,4016
32,940;0,9549;1,2200
32,940;1,2732;1,1725
32,940;0,3183;1,0311
32,940;0,3183;1,1495
33,440;0,6366;1,5764
33,440;0,6366;1,2094
33,440;0,3183;1,4029
33,440;0,6366;1,5764
33,440;0,3183;1,0312
33,440;0,6366;1,2094
33,940;0,3183;1,4445
33,940;0,6366;1,2038
33,940;0,3183;1,4247
33,940;0,3183;1,0315
33,940;0,6366;1,2038
34,440;0,6366;1,2300
34,440;0,3183;1,4252
34,440;0,3183;1,0314
34,440;0,6366;1,2300
34,940;0,6366;1,2073
34,940;0,3183;1,4251
34,940;0,3183;1,0314
34,940;0,6366;1,2073
35,440;0,6366;1,1980
35,440;0,3183;1,0308
35,440;0,6366;1,1980
35,940;0,6366;1,2274
35,940;0,3183;1,0308
35,940;0,6366;1,2274
36,440;0,6366;1,2303
36,440;0,3183;1,0313
36,440;0,6366;1,2303
36,940;0,6366;1,1937
36,940;0,3183;1,0313
36,940;0,6366;1,1937
37,440;0,3183;1,3133
37,440;0,3183;1,0311
