step;Environment/Cumulative Reward;Environment/Episode Length;Environment/Lesson Number/corridor_width;Environment/Lesson Number/num_agents;Environment/Lesson Number/threat_active;Losses/Policy Loss;Losses/Value Loss;Policy/Beta;Policy/Entropy;Policy/Epsilon;Policy/Extrinsic Reward;Policy/Extrinsic Value Estimate;Policy/Learning Rate
30000;-0,157194;716,833313;0;0;0;;;;1,418938;;-0,157194;-0,067617;
60000;-8,052102;1040,769287;0;0;0;0,024841;0,077805;0,00499;1,417603;0,199791;-8,052102;0,044154;0,000299
90000;4,149469;409,25351;0;0;0;0,027387;0,374004;0,004979;1,414269;0,199585;4,149469;0,291381;0,000299
120000;6,64107;217,105637;1;1;0;;;;1,40482;;6,64107;0,648283;
150000;7,429039;143,237213;1;1;0;0,024654;0,503019;0,004969;1,391355;0,19938;7,429039;1,43372;0,000298
180000;5,515298;223,035965;2;2;0;0,023848;0,672197;0,004959;1,385521;0,199175;5,515298;0,799001;0,000298
210000;3,111553;389,089294;2;2;0;0,023678;0,277983;0,004949;1,37366;0,198968;3,111553;0,820385;0,000297
240000;5,654847;245,820007;2;2;0;;;;1,37279;;5,654847;1,186069;
270000;6,873979;181,560242;2;2;0;0,028327;0,341419;0,004938;1,363038;0,198763;6,873979;1,731487;0,000296
300000;7,121412;171,977142;3;3;0;0,022521;0,380207;0,004928;1,356648;0,198558;7,121412;1,777517;0,000296
330000;7,034373;214,050354;3;3;0;0,025416;0,294585;0,004918;1,353523;0,198352;7,034373;1,418031;0,000295
360000;5,903927;264,543854;3;3;0;;;;1,346775;;5,903927;1,280542;
390000;6,549879;236;4;4;0;0,021265;0,261375;0,004908;1,345247;0,198146;6,549879;1,968548;0,000294
420000;7,269854;238,028992;4;4;0;0,024177;0,306146;0,004897;1,343968;0,197942;7,269854;2,107653;0,000294
450000;7,591197;254,648651;4;4;0;;;;1,342403;;7,591197;1,779414;
480000;7,680767;300,323822;4;4;0;0,023987;0,220948;0,004887;1,338848;0,197736;7,680767;1,925766;0,000293
510000;6,754238;342,340912;4;4;0;0,024872;0,195066;0,004877;1,337875;0,19753;6,754238;1,649622;0,000293
540000;6,685905;366,305084;5;5;0;0,023326;0,185673;0,004865;1,337459;0,197301;6,685905;1,452413;0,000292
570000;6,282979;373,590912;5;5;0;;;;1,335104;;6,282979;1,502297;
600000;6,226844;377,909088;5;5;0;0,027248;0,112238;0,004854;1,33521;0,197073;6,226844;0,9187;0,000291
630000;6,955595;352,115936;5;5;0;0,025783;0,172816;0,004844;1,334171;0,196868;6,955595;2,445251;0,000291
660000;5,768209;392,285706;5;5;0;;;;1,330376;;5,768209;0,728546;
690000;5,95647;416,421051;5;5;0;0,023171;0,095635;0,004832;1,332218;0,196625;5,95647;0,931398;0,00029
720000;5,330191;433,079987;5;5;0;0,025437;0,225107;0,004821;1,332903;0,196419;5,330191;3,563109;0,000289
750000;5,33478;423,934967;5;5;0;;;;1,335301;;5,33478;3,330371;
780000;5,911885;389,787048;5;5;0;0,023346;0,293942;0,004811;1,331706;0,196214;5,911885;2,486707;0,000289
810000;6,259027;376,310822;5;5;0;0,02247;0,261455;0,004801;1,331768;0,196008;6,259027;2,131014;0,000288
840000;5,314095;420,604645;5;5;0;0,026486;0,210113;0,00479;1,334963;0,195801;5,314095;2,260506;0,000287
870000;6,538258;318,049286;5;5;0;;;;1,331843;;6,538258;3,398448;
900000;6,484328;334,598145;5;5;0;0,023652;0,294522;0,00478;1,327249;0,195596;6,484328;2,683197;0,000287
930000;7,453958;329,473114;5;5;0;0,023725;0,26932;0,00477;1,324366;0,195391;7,453958;2,511829;0,000286
960000;6,624818;373,416656;5;5;0;;;;1,321898;;6,624818;0,446961;
990000;6,661298;340,745087;5;5;0;0,026354;0,153598;0,00476;1,321465;0,195185;6,661298;2,811779;0,000286
1020000;6,751159;343,893799;5;5;0;0,026047;0,265566;0,004749;1,319871;0,19498;6,751159;2,869605;0,000285
1050000;6,258872;363,34906;5;5;0;0,024845;0,22614;0,004739;1,318261;0,194774;6,258872;2,572003;0,000284
1080000;5,826782;384,609741;5;5;0;;;;1,320529;;5,826782;2,371832;
1110000;4,819927;429,008606;5;5;0;0,023253;0,228592;0,004729;1,320526;0,194567;4,819927;2,919077;0,000284
1140000;6,312045;335,078949;5;5;0;0,025736;0,232656;0,004718;1,318396;0,19435;6,312045;2,458002;0,000283
1170000;5,50454;357,378387;5;5;0;;;;1,3155;;5,50454;3,047818;
1200000;6,710428;311,25235;5;5;0;0,025425;0,270055;0,004708;1,317363;0,194145;6,710428;2,762347;0,000282
1230000;6,329973;320,593414;5;5;0;0,028832;0,252343;0,004698;1,315046;0,193939;6,329973;2,509581;0,000282
1260000;6,603934;320,426483;5;5;0;0,026015;0,237458;0,004686;1,313341;0,193709;6,603934;2,327088;0,000281
1290000;6,012957;341,869568;5;5;0;;;;1,312853;;6,012957;1,075777;
1320000;6,21463;318,764709;5;5;0;0,023381;0,184766;0,004676;1,316178;0,193503;6,21463;3,402039;0,000281
1350000;6,004632;348,603607;5;5;0;0,029859;0,298622;0,004666;1,315883;0,193297;6,004632;2,604632;0,00028
1380000;5,856956;371,67569;5;5;0;;;;1,312289;;5,856956;1,126403;
1410000;6,834683;327,538452;5;5;0;0,027517;0,174846;0,004655;1,308632;0,193089;6,834683;2,973136;0,000279
1440000;8,011374;243,610382;5;5;0;0,023978;0,225267;0,004645;1,306136;0,192884;8,011374;3,243541;0,000279
1470000;8,413166;250,00769;5;5;0;0,022669;0,210045;0,004635;1,303359;0,192677;8,413166;3,033925;0,000278
1500000;7,92104;275,311462;5;5;0;;;;1,302289;;7,92104;2,985454;
1530000;8,365404;273,552643;5;5;0;0,023522;0,201797;0,004624;1,302734;0,192472;8,365404;2,898905;0,000277
1560000;8,03095;283,950623;5;5;0;0,02372;0,170987;0,004614;1,301676;0,192266;8,03095;2,543142;0,000277
1590000;7,352465;324,608246;5;5;0;0,023709;0,158278;0,004604;1,298339;0,19206;7,352465;2,704532;0,000276
1620000;6,838846;363,466675;5;5;0;;;;1,298207;;6,838846;2,453856;
1650000;8,095241;242,27272;5;5;0;0,024691;0,131656;0,004592;1,297358;0,191819;8,095241;2,318328;0,000275
1680000;7,902322;271,099304;5;5;0;0,025769;0,169454;0,004582;1,297264;0,191614;7,902322;3,52318;0,000275
1710000;7,397412;329,471558;5;5;0;;;;1,295994;;7,397412;3,126225;
1740000;7,817379;317,269562;5;5;0;0,027189;0,170035;0,004571;1,292385;0,191409;7,817379;2,929561;0,000274
1770000;7,910476;265,322021;5;5;0;0,024897;0,153008;0,004561;1,290072;0,191202;7,910476;3,077751;0,000274
1800000;8,030485;238,18103;5;5;0;;;;1,288019;;8,030485;3,271594;
1830000;7,804594;253,809921;5;5;0;0,024555;0,15293;0,004551;1,28701;0,190998;7,804594;3,265655;0,000273
1860000;7,861646;260,485992;5;5;0;0,022408;0,172847;0,00454;1,285173;0,19079;7,861646;3,1282;0,000272
1890000;7,622643;289,946442;5;5;0;0,023319;0,183411;0,00453;1,284661;0,190585;7,622643;2,942718;0,000272
1920000;7,595368;318,172424;5;5;0;;;;1,285591;;7,595368;2,62036;
1950000;8,270954;269,254395;5;5;0;0,023663;0,156903;0,00452;1,284937;0,190379;8,270954;2,959198;0,000271
1980000;7,983526;258,752289;5;5;0;0,024667;0,180377;0,00451;1,283889;0,190174;7,983526;2,97387;0,000271
2010000;8,411347;237,607849;5;5;0;0,026006;0,17095;0,004499;1,282017;0,189968;8,411347;3,192657;0,00027
2040000;7,718351;261,261688;5;5;0;;;;1,285344;;7,718351;3,198297;
2070000;7,422431;301,219299;5;5;0;0,026292;0,182445;0,004489;1,283788;0,189762;7,422431;3,13477;0,000269
2100000;6,387928;337,609985;5;5;0;0,021844;0,188982;0,004479;1,282523;0,189556;6,387928;2,761691;0,000269
2130000;7,038778;307,865967;5;5;0;;;;1,280997;;7,038778;3,210291;
2160000;7,525741;227,100006;5;5;0;0,022281;0,162983;0,004469;1,278136;0,189349;7,525741;2,297336;0,000268
2190000;7,546598;255,008133;5;5;0;0,024267;0,144977;0,004458;1,277105;0,189144;7,546598;3,748557;0,000267
2220000;7,400856;275,905121;5;5;0;0,024552;0,170069;0,004448;1,276869;0,188939;7,400856;3,871191;0,000267
2250000;7,561891;273,130127;5;5;0;;;;1,276724;;7,561891;3,73335;
2280000;8,549777;230,294968;5;5;0;0,027209;0,21091;0,004438;1,272904;0,188733;8,549777;3,645027;0,000266
2310000;8,533257;225,781952;5;5;0;0,029404;0,191313;0,004428;1,27187;0,188528;8,533257;3,620911;0,000266
2340000;8,130849;233;5;5;0;0,023465;0,213201;0,004417;1,271202;0,188322;8,130849;3,514234;0,000265
2370000;7,896556;269,618195;5;5;0;;;;1,271064;;7,896556;3,128002;
2400000;6,998147;293,485291;5;5;0;0,026014;0,2011;0,004407;1,270818;0,188114;6,998147;2,438178;0,000264
2430000;7,073343;325,658112;5;5;0;0,025149;0,185742;0,004397;1,270789;0,187907;7,073343;3,539715;0,000264
2460000;7,847348;255,300812;5;5;0;0,026859;0,209309;0,004386;1,270838;0,187702;7,847348;3,397814;0,000263
2490000;8,161634;221,226273;5;5;0;;;;1,267981;;8,161634;3,478079;
2520000;8,191669;238;5;5;0;0,024838;0,20044;0,004376;1,266638;0,187495;8,191669;3,172061;0,000262
2550000;8,18612;247,875;5;5;0;0,024772;0,181149;0,004366;1,265063;0,18729;8,18612;3,138808;0,000262
2580000;8,182593;251,957977;5;5;0;;;;1,26288;;8,182593;3,132922;
2610000;8,258599;250,554626;5;5;0;0,023865;0,190028;0,004355;1,264184;0,187084;8,258599;3,183447;0,000261
2640000;8,38248;253;5;5;0;0,021152;0,166499;0,004345;1,261175;0,186879;8,38248;3,168988;0,000261
2670000;7,888353;262,210541;5;5;0;0,026402;0,158189;0,004335;1,257625;0,186673;7,888353;3,178158;0,00026
2700000;7,92706;271,897736;5;5;0;;;;1,256944;;7,92706;2,801141;
2730000;7,712358;280,86087;5;5;0;0,022941;0,189535;0,004325;1,2576;0,186468;7,712358;3,218814;0,000259
2760000;8,259648;253,138214;5;5;0;0,028488;0,170658;0,004314;1,256598;0,186262;8,259648;3,263853;0,000259
2790000;8,711482;218,72464;5;5;0;0,026534;0,162421;0,004304;1,25542;0,186057;8,711482;3,423043;0,000258
2820000;8,582681;230,727936;5;5;0;;;;1,252805;;8,582681;3,44446;
2850000;8,192096;258,754242;5;5;0;0,02601;0,149951;0,004294;1,252652;0,18585;8,192096;3,137757;0,000258
2880000;8,180002;240,919357;5;5;0;0,025051;0,178386;0,004284;1,252378;0,185645;8,180002;3,463129;0,000257
2910000;8,252769;241,410263;5;5;0;;;;1,251833;;8,252769;3,485691;
2940000;8,483359;237,914062;5;5;0;0,024437;0,170832;0,004273;1,251101;0,185438;8,483359;3,516931;0,000256
2970000;8,633967;206,074829;5;5;0;0,023744;0,167638;0,004263;1,250755;0,185233;8,633967;3,848333;0,000256
3000000;8,556169;201,456955;5;5;0;0,021931;0,179642;0,004253;1,249639;0,185028;8,556169;3,999829;0,000255
3030000;8,74027;215,963776;5;5;0;;;;1,245896;;8,74027;3,890557;
3060000;8,641522;207,041672;5;5;0;0,025043;0,174965;0,004243;1,246533;0,184823;8,641522;3,85324;0,000254
3090000;8,871076;213,721436;5;5;0;0,024261;0,181321;0,004232;1,245459;0,184617;8,871076;3,502332;0,000254
3120000;8,661531;222,567169;5;5;0;0,026501;0,151508;0,004222;1,24393;0,184411;8,661531;3,43621;0,000253
3150000;8,430606;212,246475;5;5;0;;;;1,24289;;8,430606;3,473732;
3180000;8,680431;232,210938;5;5;0;0,022297;0,16218;0,004212;1,241213;0,184205;8,680431;3,277936;0,000253
3210000;8,4294;254,92308;5;5;0;0,026184;0,133452;0,004202;1,240448;0,183999;8,4294;3,172701;0,000252
3240000;8,272804;252,610168;5;5;0;;;;1,240487;;8,272804;3,191705;
3270000;8,442828;213,364288;5;5;0;0,025986;0,138115;0,004191;1,235952;0,183794;8,442828;3,542983;0,000251
3300000;8,632827;203,221436;5;5;0;0,02868;0,156673;0,004181;1,237179;0,183588;8,632827;3,603125;0,000251
3330000;8,775405;192,707794;5;5;1;0,024999;0,156503;0,004171;1,238199;0,183382;8,775405;4,004222;0,00025
3360000;8,735676;219,82608;5;5;1;;;;1,239012;;8,735676;3,753611;
3390000;8,591311;239,479675;5;5;1;0,025938;0,14739;0,00416;1,238763;0,183176;8,591311;3,574816;0,00025
3420000;8,507037;221,036758;5;5;1;0,023945;0,165261;0,00415;1,238275;0,18297;8,507037;3,762366;0,000249
3450000;8,148849;229,916031;5;5;1;0,022178;0,227253;0,00414;1,238232;0,182765;8,148849;3,593974;0,000248
3480000;3,901565;265,664185;5;5;1;;;;1,241146;;3,901565;2,921396;
3510000;7,713197;167,526672;5;5;1;0,022683;0,434931;0,00413;1,239643;0,18256;7,713197;3,735001;0,000248
3540000;8,202715;194,754837;5;5;1;0,025502;0,297907;0,004119;1,238325;0,182352;8,202715;3,639331;0,000247
3570000;7,531385;201,99324;5;5;1;;;;1,236572;;7,531385;3,442679;
3600000;7,119719;230,646149;5;5;1;0,024467;0,333685;0,004109;1,23997;0,182147;7,119719;3,185646;0,000246
3630000;6,891474;242,975616;5;5;1;0,023929;0,412743;0,004099;1,242922;0,181941;6,891474;3,011104;0,000246
3660000;6,605817;245,850006;5;5;1;0,024708;0,42478;0,004089;1,243859;0,181735;6,605817;2,948072;0,000245
3690000;6,357688;266,089294;5;5;1;;;;1,241635;;6,357688;2,782427;
3720000;6,610604;253,957626;5;5;1;0,023579;0,399713;0,004078;1,241138;0,181527;6,610604;3,05497;0,000245
3750000;6,685347;210,561157;5;5;1;0,026519;0,515779;0,004068;1,242693;0,181323;6,685347;3,61901;0,000244
3780000;6,732173;226,701492;5;5;1;0,023423;0,498619;0,004058;1,24535;0,181116;6,732173;3,586326;0,000243
3810000;7,145719;231,671875;5;5;1;;;;1,245128;;7,145719;3,513443;
3840000;7,558812;205,427582;5;5;1;0,026857;0,41002;0,004047;1,244787;0,18091;7,558812;3,56286;0,000243
3870000;7,947596;212,40715;5;5;1;0,025505;0,427621;0,004037;1,244061;0,180705;7,947596;3,353952;0,000242
3900000;7,993927;230,369232;5;5;1;0,022947;0,371799;0,004027;1,243105;0,1805;7,993927;3,124515;0,000242
3930000;7,77288;246,764221;5;5;1;;;;1,243771;;7,77288;3,104004;
3960000;8,119542;243,491806;5;5;1;0,023601;0,272486;0,004017;1,244478;0,180295;8,119542;3,146178;0,000241
3990000;7,47394;270,909912;5;5;1;0,02645;0,254908;0,004006;1,243822;0,18009;7,47394;2,968401;0,00024
4020000;7,371324;233,178299;5;5;1;;;;1,241186;;7,371324;3,231883;
4050000;7,03208;242,170731;5;5;1;0,02324;0,380715;0,003996;1,241244;0,179885;7,03208;3,13886;0,00024
4080000;8,479769;220,422226;5;5;1;0,024078;0,368341;0,003986;1,241526;0,179679;8,479769;3,360755;0,000239
4110000;8,026389;217,82608;5;5;1;0,021329;0,326538;0,003976;1,241642;0,179474;8,026389;3,382929;0,000238
4140000;7,564888;227,823074;5;5;1;;;;1,240917;;7,564888;3,285872;
4170000;7,833335;226,992432;5;5;1;0,020692;0,497723;0,003966;1,239135;0,179269;7,833335;3,242083;0,000238
4200000;8,067261;221,194031;5;5;1;0,023797;0,245224;0,003955;1,23825;0,179063;8,067261;3,258145;0,000237
4230000;7,937648;240,102356;5;5;1;0,024218;0,23002;0,003945;1,237866;0,178859;7,937648;3,283027;0,000237
4260000;8,005;221,34848;5;5;1;;;;1,23694;;8,005;3,387322;
4290000;8,591646;215,640289;5;5;1;0,023355;0,223298;0,003935;1,235826;0,178654;8,591646;3,40544;0,000236
4320000;8,458316;205,041092;5;5;1;0,022947;0,180294;0,003925;1,234498;0,178448;8,458316;3,61938;0,000235
4350000;8,337972;215,132355;5;5;1;;;;1,232723;;8,337972;3,525246;
4380000;8,616718;211,069443;5;5;1;0,02487;0,208081;0,003914;1,235059;0,178243;8,616718;3,692057;0,000235
4410000;7,895944;223,616547;5;5;1;0,024036;0,257748;0,003904;1,232847;0,178037;7,895944;3,496166;0,000234
4440000;8,271112;230,5;5;5;1;0,024255;0,228299;0,003894;1,231506;0,177831;8,271112;3,462991;0,000233
4470000;8,1761;214,028992;5;5;1;;;;1,232119;;8,1761;3,586938;
4500000;7,946754;210,219864;5;5;1;0,025096;0,253371;0,003884;1,234303;0,177625;7,946754;3,686062;0,000233
4530000;8,273304;205,26712;5;5;1;0,021304;0,268146;0,003873;1,236698;0,17742;8,273304;3,701873;0,000232
4560000;8,170174;214,223022;5;5;1;0,025182;0,210068;0,003863;1,238502;0,177214;8,170174;3,4003;0,000232
4590000;7,872413;218,977615;5;5;1;;;;1,238159;;7,872413;3,394492;
4620000;7,682306;215,323944;5;5;1;0,02349;0,240854;0,003853;1,236491;0,177008;7,682306;3,498038;0,000231
4650000;8,200418;239,298386;5;5;1;0,025649;0,31904;0,003842;1,236116;0,176803;8,200418;3,209022;0,00023
4680000;7,972128;239,666672;5;5;1;;;;1,236771;;7,972128;3,182661;
4710000;8,35172;241,552841;5;5;1;0,022403;0,184927;0,003832;1,231321;0,176598;8,35172;3,15967;0,00023
4740000;8,250395;246,966949;5;5;1;0,028069;0,177783;0,003822;1,23034;0,176393;8,250395;3,26823;0,000229
4770000;8,527336;223,328354;5;5;1;0,023171;0,161198;0,003812;1,230265;0,176188;8,527336;3,41041;0,000229
4800000;8,433331;202,664383;5;5;1;;;;1,231864;;8,433331;3,882886;
4830000;8,633219;197,506577;5;5;1;0,025737;0,204717;0,003802;1,231444;0,175983;8,633219;4,057155;0,000228
4860000;8,570147;196,208054;5;5;1;0,0249;0,267078;0,003791;1,230639;0,175777;8,570147;4,045409;0,000227
4890000;8,049537;196,805191;5;5;1;0,023957;0,255182;0,003781;1,230621;0,175572;8,049537;4,146443;0,000227
4920000;7,957811;189,291138;5;5;1;;;;1,234761;;7,957811;4,003019;
4950000;8,504092;206,413788;5;5;1;0,024281;0,338205;0,003771;1,235059;0,175366;8,504092;3,782171;0,000226
4980000;7,628393;212,269501;5;5;1;0,024439;0,257544;0,00376;1,234157;0,17516;7,628393;3,666735;0,000225
5010000;8,25543;198,364243;5;5;1;0,022855;0,292562;0,00375;1,232366;0,174955;8,25543;3,72089;0,000225
5040000;8,806039;204,643829;5;5;1;;;;1,229307;;8,806039;3,656763;
5070000;8,146993;226,58139;5;5;1;0,02798;0,200041;0,00374;1,229581;0,17475;8,146993;3,42613;0,000224
5100000;7,768242;241,447998;5;5;1;0,024104;0,219968;0,00373;1,230907;0,174545;7,768242;3,364079;0,000224
5130000;8,440308;212,170212;5;5;1;;;;1,233263;;8,440308;3,514455;
5160000;8,549348;200,079468;5;5;1;0,025352;0,178511;0,00372;1,230131;0,174339;8,549348;3,695972;0,000223
5190000;8,436346;211,343063;5;5;1;0,023545;0,169845;0,003709;1,226986;0,174132;8,436346;3,549104;0,000222
5220000;8,4491;220,985291;5;5;1;0,028224;0,251632;0,003699;1,22701;0,173927;8,4491;3,55872;0,000222
5250000;8,579833;213,936615;5;5;1;;;;1,232229;;8,579833;3,839125;
5280000;8,155244;182,625;5;5;1;0,025638;0,177175;0,003689;1,228562;0,173721;8,155244;4,089723;0,000221
5310000;8,242584;186,697525;5;5;1;0,023544;0,314508;0,003678;1,228019;0,173515;8,242584;4,006513;0,000221
5340000;8,286603;202,039474;5;5;1;0,023556;0,245334;0,003668;1,228488;0,173311;8,286603;3,794;0,00022
5370000;8,354919;218,466171;5;5;1;;;;1,227471;;8,354919;3,560652;
5400000;8,545366;210,788727;5;5;1;0,0236;0,213763;0,003658;1,228979;0,173105;8,545366;3,657867;0,000219
5430000;8,476652;207,590271;5;5;1;0,026444;0,247304;0,003648;1,228153;0,172899;8,476652;3,608656;0,000219
5460000;8,334098;207,411346;5;5;1;;;;1,225269;;8,334098;3,629396;
5490000;8,274216;198,444443;5;5;1;0,023097;0,249508;0,003637;1,226153;0,172693;8,274216;3,725358;0,000218
5520000;8,105313;224,360901;5;5;1;0,026788;0,272006;0,003627;1,226611;0,172487;8,105313;3,401681;0,000217
5550000;8,5292;222,65152;5;5;1;0,023512;0,185956;0,003617;1,226274;0,172282;8,5292;3,496969;0,000217
5580000;8,921305;221,614822;5;5;1;;;;1,223263;;8,921305;3,571349;
5610000;8,65732;220,133331;5;5;1;0,021679;0,149535;0,003606;1,223914;0,172072;8,65732;3,586184;0,000216
5640000;8,830464;217,73381;5;5;1;0,024483;0,151752;0,003596;1,223625;0,171867;8,830464;3,588566;0,000216
5670000;8,622231;233,291336;5;5;1;0,024976;0,152722;0,003586;1,222566;0,171661;8,622231;3,559729;0,000215
5700000;8,425961;234,046158;5;5;1;;;;1,219463;;8,425961;3,539272;
5730000;8,267429;245,2314;5;5;1;0,022912;0,158756;0,003576;1,220029;0,171456;8,267429;3,373433;0,000214
5760000;8,394349;257,586212;5;5;1;0,025566;0,164125;0,003565;1,221279;0,171251;8,394349;3,330358;0,000214
5790000;8,293933;237,253967;5;5;1;;;;1,222829;;8,293933;3,362616;
5820000;8,033485;194,922073;5;5;1;0,02778;0,171997;0,003555;1,220685;0,171045;8,033485;3,974192;0,000213
5850000;8,414661;189,158234;5;5;1;0,024717;0,258465;0,003545;1,219783;0,17084;8,414661;3,914572;0,000213
5880000;8,630334;199,877701;5;5;1;0,022511;0,237973;0,003535;1,218786;0,170634;8,630334;3,704668;0,000212
5910000;8,352963;232,861542;5;5;1;;;;1,217012;;8,352963;3,557715;
5940000;8,502701;237,115387;5;5;1;0,025924;0,172083;0,003524;1,220437;0,170429;8,502701;3,387318;0,000211
5970000;8,379945;229,127823;5;5;1;0,028353;0,191738;0,003514;1,218218;0,170222;8,379945;3,323591;0,000211
6000000;8,885379;215,589935;5;5;1;0,026997;0,163984;0,003504;1,215453;0,170016;8,885379;3,548418;0,00021
6030000;8,852371;225,719696;5;5;1;;;;1,216851;;8,852371;3,609419;
6060000;8,578175;233,5625;5;5;1;0,024074;0,143421;0,003494;1,216376;0,169811;8,578175;3,573074;0,000209
6090000;8,257931;249,508926;5;5;1;0,02252;0,169717;0,003483;1,216672;0,169606;8,257931;3,440209;0,000209
6120000;8,2347;276,517639;5;5;1;0,025558;0,14457;0,003473;1,217356;0,169401;8,2347;2,986236;0,000208
6150000;7,883957;281,173553;5;5;1;;;;1,216307;;7,883957;3,426907;
6180000;8,256928;215,483215;5;5;1;0,026747;0,157857;0,003463;1,215262;0,169196;8,256928;3,986441;0,000208
6210000;8,475844;196,943039;5;5;1;0,025529;0,241491;0,003453;1,214681;0,168991;8,475844;4,13284;0,000207
6240000;8,514734;191,391312;5;5;1;;;;1,214702;;8,514734;4,288101;
6270000;8,411222;203,075348;5;5;1;0,023959;0,239528;0,003442;1,214417;0,168786;8,411222;4,086267;0,000206
6300000;8,211644;209,415497;5;5;1;0,026658;0,222599;0,003432;1,212504;0,16858;8,211644;3,949219;0,000206
6330000;8,502846;203,469391;5;5;1;0,024932;0,247765;0,003422;1,210296;0,168375;8,502846;3,723603;0,000205
6360000;8,409874;227,376923;5;5;1;;;;1,209665;;8,409874;3,436073;
6390000;8,221906;237,196854;5;5;1;0,025545;0,185213;0,003412;1,211557;0,168169;8,221906;3,342501;0,000205
6420000;8,477773;217,722626;5;5;1;0,023419;0,183115;0,003401;1,210656;0,167962;8,477773;3,510583;0,000204
6450000;8,212305;204,705475;5;5;1;0,024573;0,198919;0,003391;1,208901;0,167756;8,212305;3,683185;0,000203
6480000;8,189166;201,25676;5;5;1;;;;1,212476;;8,189166;3,651222;
6510000;8,576868;166,508377;5;5;1;0,024997;0,217309;0,003381;1,213018;0,167551;8,576868;4,055351;0,000203
6540000;8,816509;169,331467;5;5;1;0,025111;0,242216;0,003371;1,213694;0,167345;8,816509;3,962496;0,000202
6570000;8,985847;185,886795;5;5;1;;;;1,215372;;8,985847;3,985993;
6600000;8,880251;208,538467;5;5;1;0,02239;0,180747;0,00336;1,210787;0,16714;8,880251;3,796071;0,000201
6630000;8,63805;221,511108;5;5;1;0,022499;0,178399;0,00335;1,211137;0,166934;8,63805;3,599895;0,000201
6660000;8,770018;207,082764;5;5;1;0,025377;0,165882;0,00334;1,211785;0,166729;8,770018;3,692026;0,0002
6690000;8,915919;195,189545;5;5;1;;;;1,213025;;8,915919;3,785708;
6720000;8,196545;198,779999;5;5;1;0,025859;0,209588;0,00333;1,210434;0,166524;8,196545;3,805616;0,0002
6750000;9,256966;206,888885;5;5;1;0,025821;0,205644;0,003319;1,210572;0,166319;9,256966;3,680103;0,000199
6780000;9,133989;184,472046;5;5;1;0,025883;0,129543;0,003309;1,211518;0,166112;9,133989;3,956237;0,000198
6810000;8,346894;201,537415;5;5;1;;;;1,214265;;8,346894;3,818702;
6840000;8,756656;186,318756;5;5;1;0,023343;0,22254;0,003299;1,212476;0,165907;8,756656;3,987799;0,000198
6870000;8,807035;175,526627;5;5;1;0,025945;0,182662;0,003288;1,211388;0,165701;8,807035;4,019725;0,000197
6900000;8,954176;197,383118;5;5;1;;;;1,209716;;8,954176;3,771188;
6930000;8,745792;214,913666;5;5;1;0,024733;0,156867;0,003278;1,208755;0,165495;8,745792;3,72615;0,000196
6960000;8,577667;200,489929;5;5;1;0,027337;0,236896;0,003268;1,210622;0,165289;8,577667;3,979236;0,000196
6990000;8,84877;200,872482;5;5;1;0,022323;0,158107;0,003258;1,211944;0,165081;8,84877;4,076567;0,000195
7020000;8,860638;203,013702;5;5;1;;;;1,210967;;8,860638;3,894947;
7050000;8,790527;227,732819;5;5;1;0,025003;0,183728;0,003247;1,208256;0,164876;8,790527;3,694425;0,000195
7080000;9,01766;199,993332;5;5;1;0,025236;0,158535;0,003237;1,209579;0,164671;9,01766;3,86908;0,000194
7110000;8,757154;204,965515;5;5;1;0,023028;0,165908;0,003227;1,21086;0,164466;8,757154;3,821993;0,000193
7140000;8,89532;199,153336;5;5;1;;;;1,207382;;8,89532;3,783428;
7170000;8,831749;210,760559;5;5;1;0,021102;0,180309;0,003217;1,205965;0,164259;8,831749;3,675078;0,000193
7200000;8,721807;222,7388;5;5;1;0,027533;0,232253;0,003206;1,205935;0,164053;8,721807;3,544505;0,000192
7230000;8,879784;230,361542;5;5;1;;;;1,206736;;8,879784;3,513968;
7260000;8,522594;231,767441;5;5;1;0,023593;0,144146;0,003196;1,206216;0,163848;8,522594;3,536413;0,000192
7290000;8,586639;228,35878;5;5;1;0,02347;0,146399;0,003186;1,206462;0,163642;8,586639;3,578473;0,000191
7320000;8,728315;213;5;5;1;0,024559;0,162259;0,003176;1,205763;0,163437;8,728315;3,789455;0,00019
7350000;8,206474;241,669357;5;5;1;;;;1,202932;;8,206474;3,675373;
7380000;8,644156;207,297867;5;5;1;0,024315;0,160622;0,003165;1,204664;0,163232;8,644156;4,070163;0,00019
7410000;8,39407;208,438354;5;5;1;0,026091;0,204091;0,003155;1,20495;0,163026;8,39407;4,004199;0,000189
7440000;8,304551;205,937927;5;5;1;0,025075;0,264263;0,003145;1,204672;0,16282;8,304551;3,868413;0,000188
7470000;8,54752;208,513885;5;5;1;;;;1,202793;;8,54752;3,590458;
7500000;8,958741;213,158279;5;5;1;0,025779;0,210858;0,003134;1,204372;0,162615;8,958741;3,656883;0,000188
7530000;8,840664;205,811188;5;5;1;0,026928;0,147548;0,003124;1,204272;0,162409;8,840664;3,767352;0,000187
7560000;8,491839;221,065689;5;5;1;0,024057;0,170416;0,003114;1,202774;0,162201;8,491839;3,780599;0,000187
7590000;8,174258;232,108521;5;5;1;;;;1,201789;;8,174258;3,744223;
7620000;8,816608;180,120483;5;5;1;0,027039;0,18506;0,003104;1,202344;0,161996;8,816608;4,234474;0,000186
7650000;8,934598;159,828873;5;5;1;0,026083;0,214718;0,003093;1,20271;0,16179;8,934598;4,307297;0,000185
7680000;9,069101;178,143707;5;5;1;;;;1,203066;;9,069101;4,08774;
7710000;8,601038;196,118423;5;5;1;0,023358;0,174834;0,003083;1,201734;0,161585;8,601038;3,870871;0,000185
7740000;8,820312;201,516785;5;5;1;0,02661;0,173432;0,003073;1,202297;0,16138;8,820312;3,869302;0,000184
7770000;8,9451;154,046631;5;5;1;0,025937;0,142361;0,003063;1,201897;0,161174;8,9451;4,371716;0,000184
7800000;8,788857;164,722229;5;5;1;;;;1,198614;;8,788857;4,204258;
7830000;8,778859;191,735855;5;5;1;0,029126;0,203946;0,003052;1,199336;0,160969;8,778859;3,921237;0,000183
7860000;8,933295;208,828568;5;5;1;0,025079;0,155331;0,003042;1,199609;0,160764;8,933295;3,746143;0,000182
7890000;8,710417;222,641785;5;5;1;0,023423;0,182203;0,003032;1,199846;0,160559;8,710417;3,652429;0,000182
7920000;8,364799;222,947754;5;5;1;;;;1,2006;;8,364799;3,673094;
7950000;8,80988;194,865387;5;5;1;0,023862;0,215521;0,003022;1,199618;0,160354;8,80988;3,889052;0,000181
7980000;8,816195;184,213837;5;5;1;0,027731;0,177592;0,003011;1,19898;0,160149;8,816195;3,950254;0,00018
8010000;8,394369;194,850647;5;5;1;;;;1,198399;;8,394369;3,934149;
8040000;8,479883;201,040543;5;5;1;0,024853;0,248616;0,003001;1,199348;0,15994;8,479883;3,811088;0,00018
8070000;8,335479;216,185715;5;5;1;0,026787;0,224769;0,002991;1,198159;0,159735;8,335479;3,688255;0,000179
8100000;9,061701;188,692307;5;5;1;0,02405;0,214053;0,00298;1,197438;0,159529;9,061701;3,883064;0,000179
8130000;9,102615;183,820984;5;5;1;;;;1,197704;;9,102615;3,910069;
8160000;9,153341;160,519119;5;5;1;0,023651;0,169063;0,00297;1,198289;0,159324;9,153341;4,113712;0,000178
8190000;9,009478;186,049683;5;5;1;0,026056;0,171172;0,00296;1,197389;0,159119;9,009478;3,895167;0,000177
8220000;8,852171;203,416107;5;5;1;0,024741;0,153149;0,00295;1,195699;0,158914;8,852171;3,820966;0,000177
8250000;8,41866;211,36171;5;5;1;;;;1,194917;;8,41866;3,751884;
8280000;8,954241;189,439484;5;5;1;0,023367;0,175332;0,00294;1,194421;0,158708;8,954241;4,013159;0,000176
8310000;8,571931;169,795456;5;5;1;0,023155;0,195929;0,002929;1,195194;0,158503;8,571931;4,280287;0,000176
8340000;8,807773;167,91011;5;5;1;;;;1,196933;;8,807773;4,026375;
8370000;8,517496;192,316132;5;5;1;0,022357;0,247878;0,002919;1,19588;0,158297;8,517496;3,85761;0,000175
8400000;8,702528;196,059204;5;5;1;0,025423;0,188512;0,002909;1,196544;0,158088;8,702528;3,780968;0,000174
8430000;8,905456;210,436615;5;5;1;0,026151;0,151027;0,002898;1,196147;0,157882;8,905456;3,740037;0,000174
8460000;8,772963;236,897644;5;5;1;;;;1,193939;;8,772963;3,487595;
8490000;9,058234;185;5;5;1;0,021681;0,140712;0,002888;1,194134;0,157676;9,058234;3,998986;0,000173
8520000;9,09291;169,757065;5;5;1;0,023951;0,138231;0,002878;1,192838;0,157471;9,09291;4,09502;0,000172
8550000;8,87987;194,398697;5;5;1;0,025874;0,135277;0,002868;1,190967;0,157265;8,87987;3,945158;0,000172
8580000;9,051871;205,406891;5;5;1;;;;1,190263;;9,051871;4,009398;
8610000;8,299861;206,156464;5;5;1;0,026801;0,14883;0,002857;1,191311;0,15706;8,299861;4,095965;0,000171
8640000;8,973951;191,549026;5;5;1;0,024465;0,22532;0,002847;1,190526;0,156855;8,973951;3,981782;0,000171
8670000;8,434682;216,071945;5;5;1;;;;1,188778;;8,434682;3,722008;
8700000;8,82103;229,57692;5;5;1;0,025641;0,198274;0,002837;1,186231;0,156649;8,82103;3,501586;0,00017
8730000;8,568892;238,839996;5;5;1;0,023633;0,172054;0,002827;1,188758;0,156443;8,568892;3,393383;0,000169
8760000;8,612312;224,186569;5;5;1;0,022604;0,133948;0,002816;1,189418;0,156237;8,612312;3,588325;0,000169
8790000;8,871313;213,201431;5;5;1;;;;1,18726;;8,871313;3,709117;
8820000;8,839776;217,057968;5;5;1;0,022763;0,148579;0,002806;1,185172;0,156032;8,839776;3,748851;0,000168
8850000;9,00444;196,688736;5;5;1;0,023891;0,128688;0,002796;1,18708;0,155827;9,00444;3,956282;0,000167
8880000;8,512881;203,408157;5;5;1;0,027099;0,179736;0,002785;1,188325;0,155621;8,512881;3,916849;0,000167
8910000;8,395867;190,382172;5;5;1;;;;1,186989;;8,395867;3,995466;
8940000;8,53656;213,936172;5;5;1;0,022391;0,211525;0,002775;1,187803;0,155416;8,53656;3,77407;0,000166
8970000;8,858116;220,455231;5;5;1;0,027543;0,175332;0,002765;1,187779;0,155211;8,858116;3,670973;0,000166
9000000;8,295218;235,078125;5;5;1;0,028233;0,171542;0,002755;1,187446;0,155004;8,295218;3,612278;0,000165
9030000;8,237265;218,102936;5;5;1;;;;1,186154;;8,237265;3,780577;
9060000;8,72523;184,220123;5;5;1;0,02565;0,179172;0,002744;1,18457;0,154797;8,72523;4,099912;0,000164
9090000;8,850587;177,470245;5;5;1;0,026767;0,189629;0,002734;1,183431;0,154591;8,850587;4,093822;0,000164
9120000;8,474806;196,974197;5;5;1;;;;1,183187;;8,474806;3,87077;
9150000;8,504507;204,691788;5;5;1;0,027389;0,22582;0,002724;1,184584;0,154386;8,504507;3,877185;0,000163
9180000;8,518751;201,317566;5;5;1;0,025976;0,185277;0,002714;1,183335;0,15418;8,518751;3,768105;0,000163
9210000;8,649936;205,26207;5;5;1;0,024408;0,255368;0,002703;1,182765;0,153975;8,649936;3,742478;0,000162
9240000;8,78543;202,412155;5;5;1;;;;1,184104;;8,78543;3,784442;
9270000;8,663202;212,163116;5;5;1;0,024388;0,14915;0,002693;1,182693;0,153769;8,663202;3,73795;0,000161
9300000;8,590078;225,659088;5;5;1;0,025526;0,160083;0,002683;1,181977;0,153562;8,590078;3,589321;0,000161
9330000;8,2526;237,714279;5;5;1;0,022229;0,179357;0,002673;1,181772;0,153357;8,2526;3,476793;0,00016
9360000;8,508112;249,058823;5;5;1;;;;1,183303;;8,508112;3,285769;
9390000;8,510586;219,661758;5;5;1;0,026868;0,163083;0,002662;1,183219;0,153151;8,510586;3,863404;0,000159
9420000;8,910504;202,601349;5;5;1;0,025709;0,176626;0,002652;1,182491;0,152946;8,910504;3,801157;0,000159
9450000;8,490254;202,428574;5;5;1;;;;1,180949;;8,490254;3,829166;
9480000;8,852648;199,279999;5;5;1;0,025287;0,202209;0,002642;1,181873;0,152741;8,852648;3,842992;0,000158
9510000;9,115807;177,636368;5;5;1;0,026114;0,156883;0,002632;1,181166;0,152536;9,115807;4,079271;0,000158
9540000;8,519847;195,412903;5;5;1;0,024978;0,193374;0,002621;1,180108;0,15233;8,519847;4,034638;0,000157
9570000;8,283401;208,833328;5;5;1;;;;1,177027;;8,283401;3,898533;
9600000;7,832445;212,828568;5;5;1;0,024757;0,2139;0,002611;1,178571;0,152124;7,832445;3,824823;0,000156
9630000;8,170305;209,573425;5;5;1;0,024898;0,30512;0,002601;1,178903;0,151918;8,170305;3,746312;0,000156
9660000;8,85369;204,717239;5;5;1;0,023811;0,225212;0,00259;1,178743;0,151712;8,85369;3,881763;0,000155
9690000;8,733029;223,343277;5;5;1;;;;1,177061;;8,733029;3,660012;
9720000;8,707174;204,440567;5;5;1;0,023312;0,204962;0,00258;1,175897;0,151505;8,707174;3,658304;0,000155
9750000;8,802398;207,172409;5;5;1;0,021296;0,217172;0,00257;1,174853;0,1513;8,802398;3,673287;0,000154
9780000;8,636863;223,162964;5;5;1;;;;1,173728;;8,636863;3,638117;
9810000;8,748114;225,165421;5;5;1;0,02435;0,197887;0,00256;1,176124;0,151095;8,748114;3,556455;0,000153
9840000;8,782245;211,302811;5;5;1;0,023624;0,189852;0,002549;1,174365;0,15089;8,782245;3,61878;0,000153
9870000;8,803564;220,213242;5;5;1;0,02655;0,18232;0,002539;1,172305;0,150683;8,803564;3,482158;0,000152
9900000;8,628017;231,286819;5;5;1;;;;1,171241;;8,628017;3,35608;
9930000;8,711459;211,709213;5;5;1;0,023813;0,177155;0,002529;1,170531;0,150477;8,711459;3,660883;0,000151
9960000;9,128551;194,54248;5;5;1;0,02398;0,167869;0,002519;1,169432;0,150272;9,128551;3,684639;0,000151
9990000;9,007756;186,543747;5;5;1;0,026471;0,179538;0,002508;1,168238;0,150066;9,007756;3,743149;0,00015
10020000;9,144141;217,051102;5;5;1;;;;1,168583;;9,144141;3,568566;
10050000;8,97519;208,258743;5;5;1;0,028029;0,142081;0,002498;1,167603;0,14986;8,97519;3,740182;0,00015
10080000;8,581909;218,855072;5;5;1;0,02638;0,168171;0,002488;1,167329;0,149655;8,581909;3,573849;0,000149
10110000;8,768492;226,519089;5;5;1;;;;1,167455;;8,768492;3,622633;
10140000;8,905621;235,881897;5;5;1;0,025946;0,15188;0,002478;1,16755;0,149449;8,905621;3,709224;0,000148
10170000;8,117199;223,518799;5;5;1;0,022814;0,142483;0,002467;1,165904;0,149244;8,117199;3,916852;0,000148
10200000;8,623897;191,45752;5;5;1;0,024086;0,249865;0,002457;1,165654;0,149039;8,623897;4,237753;0,000147
10230000;9,089237;162,935822;5;5;1;;;;1,166873;;9,089237;4,263643;
10260000;8,920386;179,628738;5;5;1;0,027007;0,201786;0,002447;1,165427;0,148835;8,920386;4,112897;0,000147
10290000;9,006813;196,225159;5;5;1;0,024103;0,20208;0,002437;1,164481;0,14863;9,006813;3,929247;0,000146
10320000;8,77501;208,268967;5;5;1;0,024438;0,17414;0,002426;1,163814;0,148424;8,77501;3,887219;0,000145
10350000;8,523504;188,25;5;5;1;;;;1,163279;;8,523504;4,034317;
10380000;8,420175;204,849319;5;5;1;0,024403;0,291879;0,002416;1,163221;0,148219;8,420175;3,880239;0,000145
10410000;8,187988;202,904755;5;5;1;0,024327;0,257318;0,002406;1,162986;0,148012;8,187988;3,944251;0,000144
10440000;8,862395;200,872482;5;5;1;0,026217;0,23121;0,002396;1,162813;0,147807;8,862395;3,849187;0,000143
10470000;9,176501;213,721436;5;5;1;;;;1,163792;;9,176501;3,626991;
10500000;9,091043;230,325577;5;5;1;0,022279;0,147496;0,002385;1,163106;0,147602;9,091043;3,631244;0,000143
10530000;8,787225;200,513336;5;5;1;0,025151;0,169101;0,002375;1,162743;0,147397;8,787225;3,897104;0,000142
10560000;8,682727;188,044296;5;5;1;;;;1,162456;;8,682727;3,889782;
10590000;9,073954;189,464966;5;5;1;0,022785;0,204124;0,002365;1,163705;0,147192;9,073954;3,97254;0,000142
10620000;8,679804;226,143936;5;5;1;0,021356;0,134939;0,002355;1,16276;0,146987;8,679804;3,739831;0,000141
10650000;8,711614;217,6884;5;5;1;0,024016;0,154584;0,002344;1,161849;0,146782;8,711614;3,686823;0,00014
10680000;8,566872;224,014603;5;5;1;;;;1,161068;;8,566872;3,604902;
10710000;8,583755;205,426468;5;5;1;0,024626;0,187699;0,002334;1,161118;0,146576;8,583755;3,648913;0,00014
10740000;8,663863;203,108841;5;5;1;0,022221;0,251723;0,002324;1,161759;0,146371;8,663863;3,69533;0,000139
10770000;8,768513;205,855179;5;5;1;0,025756;0,194177;0,002314;1,162459;0,146165;8,768513;3,731255;0,000138
10800000;8,49533;214,340271;5;5;1;;;;1,162156;;8,49533;3,63844;
10830000;8,7427;209,852112;5;5;1;0,023573;0,179845;0,002303;1,161385;0,145958;8,7427;3,710347;0,000138
10860000;8,813077;181,957321;5;5;1;0,024643;0,160066;0,002293;1,161247;0,145751;8,813077;3,954862;0,000137
10890000;8,840912;182,530487;5;5;1;;;;1,161689;;8,840912;4,002795;
10920000;9,353868;205,80986;5;5;1;0,026138;0,173687;0,002283;1,161187;0,145545;9,353868;3,797857;0,000137
10950000;8,925129;228,574631;5;5;1;0,023175;0,145035;0,002272;1,159077;0,14534;8,925129;3,702968;0,000136
10980000;8,858807;219,456528;5;5;1;0,024105;0,150613;0,002262;1,157104;0,145135;8,858807;3,785175;0,000135
11010000;8,615237;217,022217;5;5;1;;;;1,155872;;8,615237;3,75994;
11040000;8,665953;214,271423;5;5;1;0,023454;0,181421;0,002252;1,157151;0,144928;8,665953;3,907697;0,000135
11070000;8,860207;186,844589;5;5;1;0,029105;0,180061;0,002242;1,156636;0,144721;8,860207;3,952557;0,000134
11100000;8,491242;209,520004;5;5;1;0,025614;0,210359;0,002231;1,155978;0,144515;8,491242;3,798183;0,000134
11130000;8,808429;229,689392;5;5;1;;;;1,156084;;8,808429;3,487988;
11160000;8,698739;217,066666;5;5;1;0,025549;0,175156;0,002221;1,154638;0,14431;8,698739;3,662954;0,000133
11190000;8,524627;193,490448;5;5;1;0,022342;0,241223;0,002211;1,154581;0,144104;8,524627;4,144862;0,000132
11220000;9,156224;204,589035;5;5;1;;;;1,155217;;9,156224;4,081158;
11250000;8,967723;178,760483;5;5;1;0,025376;0,179291;0,002201;1,15501;0,143898;8,967723;4,212472;0,000132
11280000;8,807832;201,429535;5;5;1;0,026889;0,169569;0,00219;1,154291;0,143693;8,807832;3,937319;0,000131
11310000;9,207289;207,708328;5;5;1;0,024396;0,199993;0,00218;1,153875;0,143486;9,207289;3,778431;0,00013
11340000;8,357573;222,362961;5;5;1;;;;1,153949;;8,357573;3,662597;
11370000;8,481228;252,829056;5;5;1;0,024855;0,212852;0,00217;1,156236;0,14328;8,481228;3,51467;0,00013
11400000;8,438153;239,587296;5;5;1;0,026593;0,183864;0,002159;1,156502;0,143074;8,438153;3,565778;0,000129
11430000;8,578278;228,34108;5;5;1;0,023045;0,207552;0,002149;1,156441;0,142868;8,578278;3,582333;0,000129
11460000;7,864272;249,166672;5;5;1;;;;1,155748;;7,864272;3,448726;
11490000;8,530102;214,614288;5;5;1;0,025603;0,214892;0,002139;1,154931;0,142662;8,530102;3,880013;0,000128
11520000;8,385695;190,7742;5;5;1;0,024245;0,20287;0,002129;1,154361;0,142457;8,385695;3,927369;0,000127
11550000;8,700642;200,246674;5;5;1;0,023925;0,226572;0,002118;1,153566;0,14225;8,700642;3,825332;0,000127
11580000;8,566957;200,644302;5;5;1;;;;1,155584;;8,566957;3,760988;
11610000;8,633128;214,158279;5;5;1;0,024255;0,191161;0,002108;1,154368;0,142045;8,633128;3,624678;0,000126
11640000;8,541041;246,809921;5;5;1;0,023434;0,152151;0,002098;1,153051;0,141838;8,541041;3,315459;0,000126
11670000;9,063338;181,862274;5;5;1;;;;1,151911;;9,063338;3,928064;
11700000;8,985308;179,558289;5;5;1;0,026512;0,163509;0,002087;1,151143;0,141633;8,985308;3,933497;0,000125
11730000;8,569072;206,289658;5;5;1;0,024793;0,179014;0,002077;1,15006;0,141424;8,569072;3,630979;0,000124
11760000;9,040057;215,50354;5;5;1;0,024941;0,163113;0,002067;1,148974;0,141219;9,040057;3,640157;0,000124
11790000;9,015824;225,776917;5;5;1;;;;1,148794;;9,015824;3,50204;
11820000;8,949372;212,078018;5;5;1;0,023211;0,156009;0,002057;1,149009;0,141013;8,949372;3,666988;0,000123
11850000;8,892889;195,738556;5;5;1;0,021809;0,172471;0,002046;1,148507;0,140808;8,892889;3,920627;0,000122
11880000;8,743561;191,012817;5;5;1;0,025552;0,214316;0,002036;1,14746;0,140602;8,743561;3,915104;0,000122
11910000;9,157112;198,677856;5;5;1;;;;1,146467;;9,157112;3,864183;
11940000;9,366284;207,819443;5;5;1;0,023573;0,15615;0,002026;1,145897;0,140396;9,366284;3,66825;0,000121
11970000;8,974703;224,746262;5;5;1;0,023277;0,155847;0,002016;1,145367;0,140191;8,974703;3,589632;0,000121
12000000;8,289713;214,644928;5;5;1;;;;1,144397;;8,289713;3,653949;
12030000;8,712266;213,042862;5;5;1;0,023351;0,270425;0,002005;1,146296;0,139986;8,712266;3,581697;0,00012
12060000;8,737;219,656937;5;5;1;0,025063;0,181413;0,001995;1,145248;0,13978;8,737;3,61492;0,000119
12090000;8,657446;228,0923;5;5;1;0,025459;0,14831;0,001985;1,143363;0,139573;8,657446;3,500778;0,000119
12120000;8,464951;261,955353;5;5;1;;;;1,14189;;8,464951;3,198782;
12150000;7,979085;255,794876;5;5;1;0,02206;0,159204;0,001974;1,140326;0,139368;7,979085;3,415791;0,000118
12180000;8,460164;195,675156;5;5;1;0,025052;0,210232;0,001964;1,140599;0,139163;8,460164;4,04646;0,000117
12210000;9,129045;168,479996;5;5;1;0,022436;0,190962;0,001954;1,141572;0,138958;9,129045;4,094168;0,000117
12240000;9,342436;200,32666;5;5;1;;;;1,141665;;9,342436;3,823933;
12270000;9,158421;219,962967;5;5;1;0,026218;0,136054;0,001944;1,138954;0,138752;9,158421;3,61315;0,000116
12300000;8,676481;226,134323;5;5;1;0,022444;0,152878;0,001933;1,138151;0,138544;8,676481;3,625762;0,000116
12330000;8,671986;236,7742;5;5;1;;;;1,138479;;8,671986;3,464815;
12360000;8,856112;225,1194;5;5;1;0,02875;0,165207;0,001923;1,138621;0,138337;8,856112;3,612458;0,000115
12390000;8,830059;197,746674;5;5;1;0,025266;0,145044;0,001913;1,137852;0,138132;8,830059;3,790596;0,000114
12420000;8,711404;191,593552;5;5;1;0,02847;0,197714;0,001903;1,137062;0,137927;8,711404;3,862493;0,000114
12450000;8,892674;195,254898;5;5;1;;;;1,137269;;8,892674;3,914509;
12480000;8,601499;196,585526;5;5;1;0,023417;0,161893;0,001892;1,137189;0,137721;8,601499;3,951234;0,000113
12510000;8,823576;212,871429;5;5;1;0,024684;0,190289;0,001882;1,136759;0,137514;8,823576;3,893131;0,000113
12540000;8,847377;197,592102;5;5;1;0,02574;0,180901;0,001872;1,135928;0,137309;8,847377;4,017972;0,000112
12570000;9,004841;174,453491;5;5;1;;;;1,134121;;9,004841;4,051984;
12600000;9,349976;179,284851;5;5;1;0,027654;0,156761;0,001861;1,13388;0,137103;9,349976;4,077055;0,000111
12630000;9,116853;178,730545;5;5;1;0,025556;0,164607;0,001851;1,133872;0,136897;9,116853;4,230997;0,000111
12660000;8,97411;185,844727;5;5;1;;;;1,134148;;8,97411;4,215914;
12690000;8,997236;200,818787;5;5;1;0,025907;0,211206;0,001841;1,134752;0,136691;8,997236;4,060578;0,00011
12720000;8,874576;213,798569;5;5;1;0,024051;0,172459;0,001831;1,132464;0,136486;8,874576;4,034588;0,000109
12750000;8,456001;203,721085;5;5;1;0,024223;0,237847;0,00182;1,131718;0,13628;8,456001;4,18838;0,000109
12780000;8,947664;160,081085;5;5;1;;;;1,132797;;8,947664;4,449785;
12810000;9,291313;155,510422;5;5;1;0,025006;0,234441;0,00181;1,132692;0,136075;9,291313;4,466917;0,000108
12840000;9,191534;166,212296;5;5;1;0,024399;0,171843;0,0018;1,132125;0,135868;9,191534;4,343848;0,000108
12870000;9,07785;174,953217;5;5;1;0,024039;0,160441;0,00179;1,131538;0,135662;9,07785;4,145728;0,000107
12900000;9,213842;188,177216;5;5;1;;;;1,132314;;9,213842;3,999733;
12930000;8,613117;180,524094;5;5;1;0,023771;0,141695;0,001779;1,131376;0,135457;8,613117;4,154691;0,000106
12960000;8,819239;164,215469;5;5;1;0,025338;0,231415;0,001769;1,130886;0,135248;8,819239;4,291324;0,000106
12990000;8,980145;174,561401;5;5;1;;;;1,130569;;8,980145;4,159065;
13020000;8,729918;207,805557;5;5;1;0,023971;0,203571;0,001759;1,129667;0,135043;8,729918;3,842858;0,000105
13050000;8,685515;217,729919;5;5;1;0,023969;0,169934;0,001748;1,129501;0,134837;8,685515;3,753119;0,000105
13080000;8,927297;206,826385;5;5;1;0,025547;0,17617;0,001738;1,129308;0,134631;8,927297;3,766208;0,000104
13110000;9,088753;193,625809;5;5;1;;;;1,128964;;9,088753;3,910718;
13140000;8,864925;198,25;5;5;1;0,027016;0,150505;0,001728;1,128763;0,134426;8,864925;3,832014;0,000103
13170000;8,685749;204,722229;5;5;1;0,023658;0,206651;0,001718;1,12902;0,13422;8,685749;3,797543;0,000103
13200000;9,057515;214,042862;5;5;1;0,02238;0,152817;0,001707;1,129294;0,134012;9,057515;3,812148;0,000102
13230000;8,828577;228,519089;5;5;1;;;;1,128727;;8,828577;3,638733;
13260000;8,693535;222,684204;5;5;1;0,024065;0,145155;0,001697;1,12845;0,133807;8,693535;3,598462;0,000101
13290000;9,16186;207,944443;5;5;1;0,024576;0,150967;0,001687;1,128294;0,133602;9,16186;3,82879;0,000101
13320000;9,023328;195,810455;5;5;1;;;;1,128154;;9,023328;3,898822;
13350000;9,088504;206,104172;5;5;1;0,024155;0,142407;0,001676;1,127062;0,133396;9,088504;3,750394;0,0001
13380000;8,972003;213,364288;5;5;1;0,023286;0,133925;0,001666;1,126546;0,13319;8,972003;3,661413;0,0001
13410000;9,282959;219,808823;5;5;1;0,024641;0,129836;0,001656;1,125958;0,132983;9,282959;3,569751;0,000099
13440000;8,962327;223,932831;5;5;1;;;;1,125291;;8,962327;3,629462;
13470000;9,098186;216,729919;5;5;1;0,024939;0,15006;0,001646;1,125055;0,132777;9,098186;3,775627;0,000098
13500000;9,13136;188,563293;5;5;1;0,022201;0,14411;0,001635;1,124936;0,132571;9,13136;3,950209;0,000098
13530000;9,076681;197,901321;5;5;1;0,028032;0,185634;0,001625;1,124751;0,132365;9,076681;3,810847;0,000097
13560000;9,146041;198,979858;5;5;1;;;;1,123714;;9,146041;3,872535;
13590000;8,996734;216,535721;5;5;1;0,025768;0,145371;0,001615;1,124039;0,13216;8,996734;3,696725;0,000096
13620000;9,152434;233,440948;5;5;1;0,022657;0,147503;0,001605;1,124111;0,131954;9,152434;3,516518;0,000096
13650000;8,73319;237,880005;5;5;1;;;;1,123994;;8,73319;3,57085;
13680000;8,787524;230,553848;5;5;1;0,022218;0,14073;0,001594;1,124499;0,131749;8,787524;3,750611;0,000095
13710000;8,58674;230,565887;5;5;1;0,025996;0,146723;0,001584;1,124139;0,131544;8,58674;3,797006;0,000095
13740000;8,630305;207,048615;5;5;1;0,02372;0,168886;0,001574;1,12374;0,131339;8,630305;3,924449;0,000094
13770000;9,125317;168,033707;5;5;1;;;;1,123195;;9,125317;4,165186;
13800000;8,800228;166,255554;5;5;1;0,025437;0,203191;0,001564;1,122689;0,131133;8,800228;4,259567;0,000093
13830000;9,19541;177,341324;5;5;1;0,02495;0,199995;0,001553;1,123155;0,130929;9,19541;4,120374;0,000093
13860000;8,929054;179,512054;5;5;1;0,026635;0,180612;0,001543;1,123572;0,130724;8,929054;4,113428;0,000092
13890000;8,688;187,681244;5;5;1;;;;1,122366;;8,688;4,02551;
13920000;8,973348;204,579315;5;5;1;0,026518;0,204949;0,001533;1,120878;0,130518;8,973348;3,909353;0,000092
13950000;8,67572;193,33548;5;5;1;0,024544;0,183591;0,001523;1,120432;0,130312;8,67572;4,056502;0,000091
13980000;9,048244;168,776535;5;5;1;0,024145;0,153948;0,001512;1,120128;0,130107;9,048244;4,125881;0,00009
14010000;9,092205;180,693253;5;5;1;;;;1,118948;;9,092205;3,948644;
14040000;8,93077;193,603897;5;5;1;0,02474;0,17257;0,001502;1,119171;0,1299;8,93077;3,831946;0,00009
14070000;8,766628;199,406662;5;5;1;0,02361;0,180752;0,001492;1,119255;0,129693;8,766628;3,820082;0,000089
14100000;9,056991;196,046051;5;5;1;;;;1,119239;;9,056991;3,922073;
14130000;8,607804;213,75;5;5;1;0,028323;0,162612;0,001481;1,11755;0,129488;8,607804;3,763638;0,000088
14160000;8,346231;224,293228;5;5;1;0,02442;0,213142;0,001471;1,118037;0,129282;8,346231;3,6827;0,000088
14190000;8,902745;212,276596;5;5;1;0,021495;0,169205;0,001461;1,118467;0,129075;8,902745;3,856931;0,000087
14220000;8,806842;212,702133;5;5;1;;;;1,118295;;8,806842;3,769948;
14250000;9,194695;187,582275;5;5;1;0,025844;0,206983;0,001451;1,118514;0,12887;9,194695;3,951481;0,000087
14280000;9,132199;193,110382;5;5;1;0,025729;0,181785;0,00144;1,118198;0,128664;9,132199;3,951944;0,000086
14310000;9,263268;208,559433;5;5;1;0,023133;0,160296;0,00143;1,117616;0,128458;9,263268;3,813303;0,000085
14340000;9,183196;198,513153;5;5;1;;;;1,116348;;9,183196;3,919972;
14370000;8,996905;204,703445;5;5;1;0,025981;0,158294;0,00142;1,117004;0,128252;8,996905;3,818017;0,000085
14400000;8,870151;199,246674;5;5;1;0,022536;0,146728;0,00141;1,116969;0,128046;8,870151;3,880368;0,000084
14430000;8,996057;196,282898;5;5;1;;;;1,116407;;8,996057;3,972145;
14460000;8,915638;183,814819;5;5;1;0,022792;0,162527;0,001399;1,118349;0,127841;8,915638;4,109562;0,000084
14490000;9,129189;168,696625;5;5;1;0,025455;0,217075;0,001389;1,118335;0,127636;9,129189;4,2151;0,000083
14520000;9,13762;196,165558;5;5;1;0,027085;0,184548;0,001379;1,117978;0,127431;9,13762;4,024655;0,000082
14550000;9,151992;187,012497;5;5;1;;;;1,11733;;9,151992;4,216546;
14580000;9,266128;166,674164;5;5;1;0,026797;0,174438;0,001369;1,116376;0,127225;9,266128;4,338583;0,000082
14610000;9,012815;179,619049;5;5;1;0,024246;0,150253;0,001358;1,115797;0,12702;9,012815;4,131516;0,000081
14640000;8,94056;186,860764;5;5;1;0,023534;0,155024;0,001348;1,115269;0,126814;8,94056;4,059785;0,00008
14670000;9,043332;192,083328;5;5;1;;;;1,114517;;9,043332;4,065923;
14700000;8,847745;180,775757;5;5;1;0,027445;0,14969;0,001338;1,11401;0,126609;8,847745;4,038138;0,00008
14730000;9,144568;197,490067;5;5;1;0,02739;0,186338;0,001328;1,113459;0,126404;9,144568;3,964573;0,000079
14760000;8,605274;218,948898;5;5;1;;;;1,112702;;8,605274;3,875173;
14790000;9,132099;206,479172;5;5;1;0,022643;0,207476;0,001317;1,112506;0,126199;9,132099;3,817843;0,000079
14820000;9,114281;182,621948;5;5;1;0,025957;0,142502;0,001307;1,111816;0,125992;9,114281;4,049344;0,000078
14850000;8,569906;184,246918;5;5;1;0,025538;0,199352;0,001297;1,111493;0,125785;8,569906;3,974284;0,000077
14880000;8,85631;199,154358;5;5;1;;;;1,111751;;8,85631;3,922987;
14910000;8,98413;188,740509;5;5;1;0,025978;0,180392;0,001286;1,111109;0,12558;8,98413;4,064348;0,000077
14940000;8,523097;199,138153;5;5;1;0,024603;0,18985;0,001276;1,111428;0,125375;8,523097;3,953621;0,000076
14970000;8,781519;202,609589;5;5;1;0,02613;0,222979;0,001266;1,112042;0,12517;8,781519;3,850403;0,000076
15000000;8,520645;222,703705;5;5;1;;;;1,113091;;8,520645;3,731072;
15030000;8,796907;179,951218;5;5;1;0,025195;0,192439;0,001256;1,112771;0,124965;8,796907;4,030825;0,000075
15060000;9,020076;180,884842;5;5;1;0,027438;0,196773;0,001245;1,112469;0,124759;9,020076;3,958382;0,000074
15090000;9,048383;189,796173;5;5;1;0,023533;0,166872;0,001235;1,112196;0,124553;9,048383;3,867621;0,000074
15120000;8,928012;220,279419;5;5;1;;;;1,111916;;8,928012;3,622629;
15150000;8,793141;239,943542;5;5;1;0,024659;0,171039;0,001225;1,111089;0,124348;8,793141;3,485886;0,000073
15180000;8,607963;246,950821;5;5;1;0,027548;0,141993;0,001215;1,110504;0,124142;8,607963;3,476491;0,000072
15210000;8,66962;180,945786;5;5;1;;;;1,109944;;8,66962;4,206382;
15240000;9,223288;153,743454;5;5;1;0,024096;0,178619;0,001204;1,11092;0,123937;9,223288;4,368689;0,000072
15270000;9,296122;171,034088;5;5;1;0,02646;0,17853;0,001194;1,111234;0,123731;9,296122;4,207766;0,000071
15300000;9,389058;177,023804;5;5;1;0,022953;0,163015;0,001184;1,111427;0,123525;9,389058;4,273147;0,000071
15330000;9,110941;195,381577;5;5;1;;;;1,111241;;9,110941;3,987848;
15360000;9,301583;192,767746;5;5;1;0,023208;0,194615;0,001174;1,110081;0,12332;9,301583;4,103124;0,00007
15390000;9,048165;201,675674;5;5;1;0,026396;0,165045;0,001163;1,110322;0,123115;9,048165;4,107169;0,000069
15420000;9,005136;200,463089;5;5;1;0,022712;0,157074;0,001153;1,110942;0,122909;9,005136;4,115378;0,000069
15450000;8,628263;178,982254;5;5;1;;;;1,110794;;8,628263;4,122113;
15480000;8,896078;191,725494;5;5;1;0,02746;0,215879;0,001143;1,111287;0,122704;8,896078;3,971544;0,000068
15510000;9,191287;205,786209;5;5;1;0,027659;0,168728;0,001133;1,111677;0,122498;9,191287;3,886458;0,000067
15540000;8,806084;202,946304;5;5;1;;;;1,112008;;8,806084;3,883825;
15570000;8,910801;217,213242;5;5;1;0,024128;0,176077;0,001122;1,110178;0,122292;8,910801;3,745678;0,000067
15600000;9,115403;190,974365;5;5;1;0,026322;0,161713;0,001112;1,109733;0,122086;9,115403;3,953241;0,000066
15630000;9,463276;143,296646;5;5;1;0,022496;0,145331;0,001102;1,10934;0,121881;9,463276;4,381397;0,000066
15660000;9,25084;171,3526;5;5;1;;;;1,109096;;9,25084;4,265638;
15690000;8,674181;182,243896;5;5;1;0,025787;0,159461;0,001092;1,108391;0,121676;8,674181;4,263179;0,000065
15720000;8,920831;210,471832;5;5;1;0,02367;0,212821;0,001081;1,107887;0,121471;8,920831;4,030688;0,000064
15750000;9,184687;167,539322;5;5;1;0,022214;0,218487;0,001071;1,107568;0,121266;9,184687;4,3542;0,000064
15780000;9,151278;164,453033;5;5;1;;;;1,108151;;9,151278;4,174071;
15810000;9,202296;182,780487;5;5;1;0,022708;0,141566;0,001061;1,107485;0,12106;9,202296;4,016459;0,000063
15840000;9,141549;202,094589;5;5;1;0,023227;0,130569;0,001051;1,107277;0,120854;9,141549;3,859307;0,000063
15870000;8,871746;215,726624;5;5;1;;;;1,107342;;8,871746;3,744999;
15900000;8,921612;217,977936;5;5;1;0,025423;0,141325;0,00104;1,107588;0,120648;8,921612;3,788225;0,000062
15930000;9,310158;180,593933;5;5;1;0,022966;0,14416;0,00103;1,107339;0,120443;9,310158;4,022685;0,000061
15960000;9,112536;172,24855;5;5;1;0,024504;0,136958;0,00102;1,106967;0,120237;9,112536;4,214833;0,000061
15990000;9,027972;180,72728;5;5;1;;;;1,106011;;9,027972;4,241109;
16020000;8,775669;192,741928;5;5;1;0,022941;0,137073;0,00101;1,106917;0,120031;8,775669;4,116397;0,00006
16050000;8,883072;181,75;5;5;1;0,02725;0,160402;0,000999;1,106429;0,119826;8,883072;4,376502;0,000059
16080000;9,011796;187,100006;5;5;1;0,024694;0,20069;0,000989;1,105861;0,11962;9,011796;4,326356;0,000059
16110000;9,257952;181,614456;5;5;1;;;;1,105501;;9,257952;4,167907;
16140000;9,396188;176,538925;5;5;1;0,026647;0,162346;0,000979;1,10508;0,119415;9,396188;4,073221;0,000058
16170000;8,881235;175,523529;5;5;1;0,020902;0,187851;0,000969;1,105269;0,11921;8,881235;4,1075;0,000058
16200000;8,989281;188,094345;5;5;1;0,022024;0,205609;0,000958;1,105751;0,119004;8,989281;4,092456;0,000057
16230000;8,970534;210,253525;5;5;1;;;;1,105085;;8,970534;3,882486;
16260000;8,831308;226,969467;5;5;1;0,023718;0,139002;0,000948;1,104962;0,118798;8,831308;3,761462;0,000056
16290000;9,049332;208,804199;5;5;1;0,027148;0,146669;0,000938;1,104789;0,118593;9,049332;4,008473;0,000056
16320000;9,141102;161,096771;5;5;1;;;;1,104603;;9,141102;4,375983;
16350000;9,242892;161,032257;5;5;1;0,024705;0,172069;0,000928;1,103769;0,118388;9,242892;4,297649;0,000055
16380000;9,088528;179,47879;5;5;1;0,025325;0,172781;0,000917;1,103605;0,118183;9,088528;4,116266;0,000055
16410000;9,027884;201,905411;5;5;1;0,023589;0,163965;0,000907;1,10363;0,117977;9,027884;3,967825;0,000054
16440000;9,295431;207,631943;5;5;1;;;;1,104089;;9,295431;3,792671;
16470000;8,734282;199,228195;5;5;1;0,026772;0,154634;0,000897;1,103953;0,117771;8,734282;3,798287;0,000053
16500000;8,947107;174,374268;5;5;1;0,023729;0,147435;0,000887;1,103744;0,117566;8,947107;4,12782;0,000053
16530000;8,946107;197,243423;5;5;1;0,023751;0,174081;0,000876;1,10336;0,11736;8,946107;3,988048;0,000052
16560000;9,136976;208,020828;5;5;1;;;;1,102171;;9,136976;3,902158;
16590000;8,729749;216,992706;5;5;1;0,023413;0,190504;0,000866;1,101788;0,117152;8,729749;3,799007;0,000051
16620000;8,776315;225,560608;5;5;1;0,025694;0,180312;0,000856;1,101929;0,116946;8,776315;3,834588;0,000051
16650000;9,19373;171,620697;5;5;1;;;;1,102297;;9,19373;4,175769;
16680000;9,28901;177,595245;5;5;1;0,024998;0,217823;0,000845;1,102167;0,116741;9,28901;4,102103;0,00005
16710000;9,197721;182,701218;5;5;1;0,026322;0,159064;0,000835;1,102054;0,116536;9,197721;4,030423;0,00005
16740000;9,061945;195,539474;5;5;1;0,022313;0,185207;0,000825;1,101956;0,11633;9,061945;3,835172;0,000049
16770000;9,1664;206,027206;5;5;1;;;;1,10189;;9,1664;3,820487;
16800000;9,041829;207,401413;5;5;1;0,025248;0,13129;0,000815;1,101148;0,116125;9,041829;3,930645;0,000048
16830000;8,795366;201,229736;5;5;1;0,0242;0,14168;0,000804;1,100623;0,115919;8,795366;3,896198;0,000048
16860000;8,925318;180,006027;5;5;1;0,023573;0,189469;0,000794;1,100252;0,115714;8,925318;3,996959;0,000047
16890000;8,907635;174,50293;5;5;1;;;;1,100201;;8,907635;4,156651;
16920000;9,310091;177,317642;5;5;1;0,023915;0,223991;0,000784;1,100029;0,115508;9,310091;4,181726;0,000047
16950000;8,878156;179,621948;5;5;1;0,023268;0,188536;0,000774;1,099779;0,115303;8,878156;4,212896;0,000046
16980000;9,217281;152,83757;5;5;1;;;;1,099457;;9,217281;4,488277;
17010000;8,965943;168,517044;5;5;1;0,022766;0,198334;0,000763;1,098842;0,115098;8,965943;4,365109;0,000045
17040000;9,077892;181,333328;5;5;1;0,025519;0,238201;0,000753;1,09902;0,114894;9,077892;4,221599;0,000045
17070000;9,181458;190,730774;5;5;1;0,024084;0,161405;0,000743;1,098915;0,114689;9,181458;3,951312;0,000044
17100000;9,136707;214,48201;5;5;1;;;;1,098364;;9,136707;3,863086;
17130000;9,290709;186,600006;5;5;1;0,025545;0,126968;0,000733;1,097995;0,114483;9,290709;4,086744;0,000043
17160000;9,170566;167,511108;5;5;1;0,026241;0,135387;0,000722;1,097795;0,114277;9,170566;4,21171;0,000043
17190000;9,135126;167,885712;5;5;1;0,02441;0,16967;0,000712;1,097469;0,114071;9,135126;4,175257;0,000042
17220000;9,26347;189,240509;5;5;1;;;;1,096644;;9,26347;3,95148;
17250000;9,128977;184,067902;5;5;1;0,023147;0,163779;0,000702;1,096823;0,113866;9,128977;4,108796;0,000042
17280000;8,767094;207,611115;5;5;1;0,025027;0,193044;0,000692;1,096797;0,11366;8,767094;3,858977;0,000041
17310000;9,028142;201,236481;5;5;1;0,0255;0,138579;0,000681;1,09664;0,113455;9,028142;4,014484;0,00004
17340000;8,889941;182,487808;5;5;1;;;;1,096283;;8,889941;4,190695;
17370000;9,176551;205,441376;5;5;1;0,025884;0,17233;0,000671;1,09598;0,11325;9,176551;3,899716;0,00004
17400000;9,121611;209,111893;5;5;1;0,023517;0,113941;0,000661;1,095666;0,113044;9,121611;3,915144;0,000039
17430000;9,016915;174,715118;5;5;1;;;;1,095369;;9,016915;4,259264;
17460000;9,011453;165,161118;5;5;1;0,027104;0,153915;0,000651;1,094941;0,112839;9,011453;4,329504;0,000039
17490000;9,023129;177,772461;5;5;1;0,027085;0,172937;0,00064;1,095035;0,112633;9,023129;4,265927;0,000038
17520000;9,228733;185,055908;5;5;1;0,020997;0,143486;0,00063;1,094989;0,112427;9,228733;4,100252;0,000037
17550000;9,069216;191,506409;5;5;1;;;;1,094199;;9,069216;4,207859;
17580000;9,046854;182,950928;5;5;1;0,022363;0,148375;0,00062;1,094258;0,112222;9,046854;4,266172;0,000037
17610000;9,027448;207,358627;5;5;1;0,025147;0,164949;0,00061;1,094096;0,112017;9,027448;3,927093;0,000036
17640000;9,05583;213,812943;5;5;1;0,025419;0,147946;0,000599;1,093834;0,111811;9,05583;3,870754;0,000035
17670000;9,075642;197,333328;5;5;1;;;;1,093409;;9,075642;3,893121;
17700000;8,838033;217,087585;5;5;1;0,023692;0,156811;0,000589;1,093286;0,111605;8,838033;3,655324;0,000035
17730000;8,711894;236,579361;5;5;1;0,025506;0,176787;0,000579;1,093145;0,111401;8,711894;3,489824;0,000034
17760000;8,987027;240,741928;5;5;1;;;;1,092954;;8,987027;3,433972;
17790000;8,730072;228,29007;5;5;1;0,024675;0,146026;0,000569;1,092704;0,111193;8,730072;3,595137;0,000034
17820000;9,177407;165,692734;5;5;1;0,027494;0,174177;0,000558;1,092434;0,110987;9,177407;4,151573;0,000033
17850000;9,195915;175,488235;5;5;1;0,027367;0,167995;0,000548;1,092166;0,110781;9,195915;4,058142;0,000032
17880000;9,436305;167,385468;5;5;1;;;;1,091743;;9,436305;4,223852;
17910000;9,26131;178,933731;5;5;1;0,023518;0,135185;0,000538;1,091656;0,110575;9,26131;4,176038;0,000032
17940000;8,876379;198,126663;5;5;1;0,024593;0,166246;0,000527;1,091845;0,11037;8,876379;4,090307;0,000031
17970000;8,912624;202,317566;5;5;1;0,026014;0,214513;0,000517;1,09204;0,110165;8,912624;4,015478;0,00003
18000000;9,163239;195,352936;5;5;1;;;;1,092023;;9,163239;4,009931;
18030000;9,306575;174,68605;5;5;1;0,024774;0,168421;0,000507;1,091616;0,109959;9,306575;4,192478;0,00003
18060000;9,448145;170,839996;5;5;1;0,022497;0,132563;0,000497;1,09137;0,109753;9,448145;4,268347;0,000029
18090000;9,314487;179,751511;5;5;1;;;;1,091254;;9,314487;4,2109;
18120000;8,95261;196,807953;5;5;1;0,025284;0,139953;0,000486;1,09115;0,109548;8,95261;3,976277;0,000029
18150000;8,794942;203,952377;5;5;1;0,023835;0,157247;0,000476;1,091114;0,109341;8,794942;4,002496;0,000028
18180000;9,009337;203,191788;5;5;1;0,02484;0,174938;0,000466;1,091105;0,109135;9,009337;4,022201;0,000027
18210000;9,196001;185,552795;5;5;1;;;;1,091119;;9,196001;4,179926;
18240000;9,265094;170,367233;5;5;1;0,026205;0,154402;0,000456;1,091059;0,10893;9,265094;4,219162;0,000027
18270000;9,350203;171,150284;5;5;1;0,025691;0,150029;0,000445;1,091163;0,108724;9,350203;4,266811;0,000026
18300000;9,107944;174,335297;5;5;1;0,023352;0,159971;0,000435;1,091274;0,108517;9,107944;4,259561;0,000026
18330000;9,015169;195,27272;5;5;1;;;;1,091316;;9,015169;4,137038;
18360000;8,53649;194,418304;5;5;1;0,023205;0,194346;0,000425;1,090865;0,108311;8,53649;4,084356;0,000025
18390000;8,947398;163,75824;5;5;1;0,026164;0,240514;0,000414;1,090869;0,108105;8,947398;4,262169;0,000024
18420000;9,140577;176,639053;5;5;1;;;;1,091064;;9,140577;4,195015;
18450000;8,98552;190,993637;5;5;1;0,025662;0,258693;0,000404;1,090753;0,107899;8,98552;3,972903;0,000024
18480000;8,835092;208,957748;5;5;1;0,024137;0,226858;0,000394;1,090892;0,107694;8,835092;3,767288;0,000023
18510000;8,960427;218,712234;5;5;1;0,02384;0,193412;0,000384;1,090854;0,107488;8,960427;3,74304;0,000022
18540000;8,808042;201,510345;5;5;1;;;;1,090523;;8,808042;3,813556;
18570000;8,815803;183,121948;5;5;1;0,025868;0,192477;0,000373;1,090759;0,107283;8,815803;4,014585;0,000022
18600000;9,33534;169,66478;5;5;1;0,025024;0,197932;0,000363;1,090827;0,107078;9,33534;4,180513;0,000021
18630000;9,381445;171,890808;5;5;1;0,026636;0,148973;0,000353;1,090857;0,106873;9,381445;4,027662;0,000021
18660000;9,240414;201,161072;5;5;1;;;;1,090825;;9,240414;3,764378;
18690000;9,388893;202,848282;5;5;1;0,02308;0,135734;0,000343;1,090842;0,106667;9,388893;3,859654;0,00002
18720000;9,347738;200,966446;5;5;1;0,023708;0,137621;0,000332;1,090793;0,106463;9,347738;3,875139;0,000019
18750000;8,919221;203,068024;5;5;1;0,022126;0,154164;0,000322;1,090693;0,106258;8,919221;3,854699;0,000019
18780000;9,250896;203,986298;5;5;1;;;;1,090521;;9,250896;3,851041;
18810000;9,405621;168,252808;5;5;1;0,026248;0,124852;0,000312;1,090602;0,106052;9,405621;4,306069;0,000018
18840000;9,362189;179,909637;5;5;1;0,024883;0,143031;0,000302;1,090562;0,105846;9,362189;4,181985;0,000018
18870000;9,109007;203,294525;5;5;1;;;;1,090303;;9,109007;4,005576;
18900000;9,289592;208,762238;5;5;1;0,025377;0,143026;0,000291;1,090258;0,105641;9,289592;3,905912;0,000017
18930000;9,238848;230,70993;5;5;1;0,025829;0,128552;0,000281;1,090289;0,105432;9,238848;3,656459;0,000016
18960000;9,139912;225,406021;5;5;1;0,022953;0,161013;0,000271;1,090231;0,105227;9,139912;3,566926;0,000016
18990000;9,107514;202,568497;5;5;1;;;;1,089966;;9,107514;3,878794;
19020000;9,030777;166,694916;5;5;1;0,023564;0,169406;0,000261;1,089751;0,105022;9,030777;4,341964;0,000015
19050000;9,062557;171,274292;5;5;1;0,024504;0,155521;0,00025;1,089702;0,104815;9,062557;4,312866;0,000014
19080000;9,03518;197,186661;5;5;1;0,024941;0,181606;0,00024;1,089715;0,104609;9,03518;4,104249;0,000014
19110000;8,918097;214,956833;5;5;1;;;;1,089723;;8,918097;3,937657;
19140000;8,709164;228,909088;5;5;1;0,02415;0,161691;0,00023;1,089598;0,104403;8,709164;3,841592;0,000013
19170000;8,722824;161,57608;5;5;1;0,023781;0,186586;0,000219;1,089591;0,104198;8,722824;4,415329;0,000013
19200000;9,142066;156,09375;5;5;1;;;;1,08966;;9,142066;4,230931;
19230000;9,307306;181,430298;5;5;1;0,02623;0,271913;0,000209;1,089868;0,103993;9,307306;4,027092;0,000012
19260000;9,401126;184,712494;5;5;1;0,025953;0,179543;0,000199;1,08981;0,103788;9,401126;3,995626;0,000011
19290000;8,900954;204,993149;5;5;1;0,022765;0,203793;0,000189;1,089778;0,103581;8,900954;3,845885;0,000011
19320000;8,862138;210,345078;5;5;1;;;;1,089897;;8,862138;3,833507;
19350000;9,115732;189,78981;5;5;1;0,025214;0,20517;0,000178;1,089894;0,103376;9,115732;3,992218;0,00001
19380000;9,397711;152,177658;5;5;1;0,025741;0,211855;0,000168;1,089886;0,10317;9,397711;4,293451;0,00001
19410000;9,223882;162,130432;5;5;1;0,02429;0,230928;0,000158;1,089859;0,102965;9,223882;4,194279;0,000009
19440000;8,93994;179,090363;5;5;1;;;;1,089749;;8,93994;4,090133;
19470000;9,004867;189,411392;5;5;1;0,022665;0,23233;0,000148;1,089671;0,10276;9,004867;4,028137;0,000008
19500000;9,151496;173,730988;5;5;1;0,02496;0,226888;0,000137;1,089658;0,102554;9,151496;4,252606;0,000008
19530000;9,131975;159,819153;5;5;1;;;;1,089686;;9,131975;4,262932;
19560000;9,2102;176,934525;5;5;1;0,025359;0,20896;0,000127;1,089495;0,102348;9,2102;4,112325;0,000007
19590000;9,180662;159,693542;5;5;1;0,025699;0,170976;0,000117;1,089471;0,102143;9,180662;4,32969;0,000006
19620000;9,101873;180,472733;5;5;1;0,023088;0,176412;0,000107;1,089466;0,101937;9,101873;4,126931;0,000006
19650000;9,39487;196,189545;5;5;1;;;;1,089497;;9,39487;3,968102;
19680000;9,392853;190,717941;5;5;1;0,023455;0,167396;0,000096;1,089537;0,101732;9,392853;3,955062;0,000005
19710000;9,067567;184,809814;5;5;1;0,023743;0,15983;0,000086;1,089566;0,101526;9,067567;4,01518;0,000005
19740000;9,175341;194,447372;5;5;1;0,023396;0,196319;0,000076;1,089585;0,101321;9,175341;3,978177;0,000004
19770000;9,138999;202,463089;5;5;1;;;;1,089513;;9,138999;3,86212;
19800000;8,931949;217,933823;5;5;1;0,023103;0,157679;0,000066;1,089493;0,101114;8,931949;3,713173;0,000003
19830000;9,27908;202,292511;5;5;1;0,024219;0,159017;0,000055;1,089493;0,100909;9,27908;3,951853;0,000003
19860000;9,26372;182,496933;5;5;1;0,021005;0,154175;0,000045;1,089498;0,100704;9,26372;4,105084;0,000002
19890000;9,140899;162,048645;5;5;1;;;;1,08944;;9,140899;4,374087;
19920000;9,24332;156,010468;5;5;1;0,023826;0,176102;0,000035;1,089452;0,100498;9,24332;4,305089;0,000001
19950000;9,175923;183,456787;5;5;1;0,024952;0,163912;0,000025;1,089457;0,100293;9,175923;3,989998;0,000001
19980000;8,817781;193,928574;5;5;1;;;;1,08945;;8,817781;3,931448;
