time;grid_x;grid_z;density
4,580;6;1;1,0000
6,600;3;1;1,0000
6,600;2;0;1,0000
6,600;0;4;1,0000
6,600;5;1;2,0000
6,600;4;0;1,0000
6,600;0;5;1,0000
6,600;-1;5;1,0000
6,600;-1;6;1,0000
6,600;5;0;1,0000
6,600;0;6;1,0000
6,600;-1;7;1,0000
6,600;7;-1;1,0000
8,620;0;1;2,0000
8,620;0;0;2,0000
8,620;2;1;1,0000
8,620;1;0;1,0000
8,620;-1;2;1,0000
8,620;3;1;1,0000
8,620;-1;3;1,0000
8,620;2;0;1,0000
8,620;0;4;1,0000
8,620;-1;6;2,0000
8,620;4;0;1,0000
8,620;3;0;1,0000
8,620;0;5;1,0000
8,620;0;6;1,0000
8,620;4;1;1,0000
8,620;5;1;1,0000
8,620;5;-1;1,0000
8,620;5;0;1,0000
8,620;-1;7;1,0000
10,640;-1;0;3,0000
10,640;-2;-1;2,0000
10,640;0;-3;1,0000
10,640;0;1;2,0000
10,640;-1;-2;1,0000
10,640;0;0;1,0000
10,640;1;2;1,0000
10,640;0;4;2,0000
10,640;2;0;2,0000
10,640;1;0;1,0000
10,640;-1;2;1,0000
10,640;-2;4;1,0000
10,640;0;3;1,0000
10,640;1;1;1,0000
10,640;3;1;1,0000
10,640;3;-1;1,0000
10,640;-1;5;1,0000
10,640;4;-1;1,0000
10,640;0;6;1,0000
10,640;4;0;1,0000
10,640;4;1;1,0000
10,640;0;7;1,0000
10,640;5;1;1,0000
10,640;-2;6;1,0000
10,640;5;0;1,0000
12,660;-4;0;1,0000
12,660;-5;0;1,0000
12,660;-3;0;2,0000
12,660;-1;-3;1,0000
12,660;-1;1;2,0000
12,660;-2;-1;2,0000
12,660;1;1;2,0000
12,660;0;2;2,0000
12,660;-1;-1;1,0000
12,660;-2;0;1,0000
12,660;-2;1;1,0000
12,660;0;1;1,0000
12,660;-1;0;1,0000
12,660;0;-1;1,0000
12,660;0;0;1,0000
12,660;-1;2;1,0000
12,660;3;-1;1,0000
12,660;0;3;1,0000
12,660;1;0;1,0000
12,660;2;1;2,0000
12,660;0;4;1,0000
12,660;-2;3;1,0000
12,660;3;0;1,0000
12,660;4;0;1,0000
12,660;-1;5;1,0000
12,660;5;1;1,0000
12,660;6;1;1,0000
14,660;-5;1;1,0000
14,660;-4;1;1,0000
14,660;-1;-5;1,0000
14,660;-4;-1;1,0000
14,660;0;-1;1,0000
14,660;-1;0;1,0000
14,660;-3;-1;2,0000
14,660;-5;0;1,0000
14,660;-1;-1;2,0000
14,660;-1;-2;1,0000
14,660;-3;1;1,0000
14,660;-1;1;2,0000
14,660;-2;-1;1,0000
14,660;-3;0;1,0000
14,660;1;-1;1,0000
14,660;1;1;1,0000
14,660;0;1;2,0000
14,660;0;2;1,0000
14,660;0;0;1,0000
14,660;-2;0;1,0000
14,660;1;0;1,0000
14,660;2;0;1,0000
14,660;-1;3;1,0000
14,660;2;1;1,0000
14,660;3;1;1,0000
14,660;3;0;1,0000
14,660;-1;5;1,0000
14,660;-2;5;1,0000
14,660;-1;6;1,0000
14,660;5;0;1,0000
14,660;0;6;1,0000
14,660;5;1;1,0000
14,660;6;0;1,0000
16,680;0;-3;1,0000
16,680;-1;-2;1,0000
16,680;-5;0;1,0000
16,680;-3;-1;2,0000
16,680;-1;-4;1,0000
16,680;-4;0;1,0000
16,680;-3;0;1,0000
16,680;0;-1;2,0000
16,680;0;0;2,0000
16,680;-1;0;2,0000
16,680;-2;-1;1,0000
16,680;-3;1;1,0000
16,680;-2;0;1,0000
16,680;-2;-3;1,0000
16,680;-1;1;1,0000
16,680;-1;2;1,0000
16,680;0;1;1,0000
16,680;1;0;1,0000
16,680;0;2;1,0000
16,680;-2;2;1,0000
16,680;-1;3;1,0000
16,680;2;0;1,0000
16,680;0;3;1,0000
16,680;3;1;1,0000
16,680;4;0;1,0000
16,680;-1;6;2,0000
16,680;4;1;1,0000
16,680;5;0;1,0000
16,680;5;1;1,0000
16,680;0;6;1,0000
18,700;0;-4;1,0000
18,700;-1;-4;1,0000
18,700;-3;-1;2,0000
18,700;-3;0;1,0000
18,700;-2;-2;1,0000
18,700;-1;-2;2,0000
18,700;-4;-1;1,0000
18,700;-5;1;1,0000
18,700;0;-1;1,0000
18,700;-4;1;1,0000
18,700;0;-2;1,0000
18,700;-1;-1;1,0000
18,700;-4;2;1,0000
18,700;-3;1;1,0000
18,700;-2;0;2,0000
18,700;0;0;1,0000
18,700;-1;0;2,0000
18,700;0;1;1,0000
18,700;1;1;2,0000
18,700;1;0;1,0000
18,700;-1;4;2,0000
18,700;2;0;1,0000
18,700;3;1;1,0000
18,700;-1;3;1,0000
18,700;1;4;1,0000
18,700;0;4;1,0000
18,700;4;1;1,0000
18,700;5;1;1,0000
18,700;-1;5;1,0000
18,700;5;0;1,0000
18,700;-1;7;1,0000
18,700;6;-1;1,0000
18,700;0;7;1,0000
18,700;6;0;1,0000
20,700;-3;-1;2,0000
20,700;-2;-2;2,0000
20,700;-1;-4;1,0000
20,700;0;-3;2,0000
20,700;-5;0;1,0000
20,700;-2;-3;1,0000
20,700;-1;-2;2,0000
20,700;-5;1;1,0000
20,700;0;-2;1,0000
20,700;-4;0;1,0000
20,700;-1;1;1,0000
20,700;-1;0;2,0000
20,700;-2;1;1,0000
20,700;0;0;1,0000
20,700;0;1;2,0000
20,700;-2;0;1,0000
20,700;1;1;1,0000
20,700;-1;2;1,0000
20,700;2;1;2,0000
20,700;-1;3;1,0000
20,700;3;0;2,0000
20,700;-1;4;1,0000
20,700;3;-1;1,0000
20,700;0;4;1,0000
20,700;3;1;1,0000
20,700;-2;4;1,0000
20,700;-1;5;1,0000
20,700;-2;5;1,0000
20,700;4;0;1,0000
20,700;0;7;1,0000
20,700;0;6;1,0000
20,700;6;0;1,0000
20,700;6;1;1,0000
22,720;-1;-3;1,0000
22,720;-3;-1;2,0000
22,720;-2;-2;1,0000
22,720;-2;-3;1,0000
22,720;-1;-5;1,0000
22,720;0;-5;1,0000
22,720;-1;-4;1,0000
22,720;0;-4;1,0000
22,720;-2;1;2,0000
22,720;-2;-1;1,0000
22,720;-3;0;1,0000
22,720;-2;0;1,0000
22,720;-1;-1;2,0000
22,720;-4;0;1,0000
22,720;0;0;3,0000
22,720;-1;0;1,0000
22,720;0;1;1,0000
22,720;-1;1;1,0000
22,720;-1;2;2,0000
22,720;1;-1;1,0000
22,720;0;2;2,0000
22,720;1;0;2,0000
22,720;-1;3;1,0000
22,720;0;5;1,0000
22,720;0;4;1,0000
22,720;3;0;1,0000
22,720;3;1;1,0000
22,720;5;0;1,0000
22,720;4;1;1,0000
22,720;-1;6;1,0000
22,720;0;7;1,0000
24,720;-3;-1;1,0000
24,720;-2;-2;2,0000
24,720;-2;-3;1,0000
24,720;-4;1;1,0000
24,720;-3;0;1,0000
24,720;-4;0;2,0000
24,720;-4;-1;1,0000
24,720;0;-2;1,0000
24,720;-1;-3;1,0000
24,720;-1;-4;1,0000
24,720;-2;-1;3,0000
24,720;-2;1;2,0000
24,720;-1;-1;2,0000
24,720;-1;-2;1,0000
24,720;0;-1;1,0000
24,720;0;0;2,0000
24,720;-3;1;1,0000
24,720;-1;2;1,0000
24,720;-1;0;1,0000
24,720;0;3;1,0000
24,720;0;1;1,0000
24,720;1;1;1,0000
24,720;2;0;1,0000
24,720;2;1;1,0000
24,720;0;4;1,0000
24,720;-1;5;2,0000
24,720;4;0;1,0000
24,720;-1;4;1,0000
24,720;4;1;1,0000
24,720;-2;3;1,0000
24,720;0;5;1,0000
24,720;5;0;1,0000
24,720;5;1;1,0000
24,720;0;6;1,0000
26,740;-3;-1;2,0000
26,740;-2;-2;1,0000
26,740;-2;-3;2,0000
26,740;-4;0;2,0000
26,740;-5;-1;1,0000
26,740;-2;-1;1,0000
26,740;-4;-1;1,0000
26,740;0;-5;1,0000
26,740;-3;0;2,0000
26,740;-4;1;1,0000
26,740;0;-3;1,0000
26,740;-1;-3;1,0000
26,740;-2;0;1,0000
26,740;0;-2;1,0000
26,740;-5;1;1,0000
26,740;-1;0;1,0000
26,740;-1;-2;1,0000
26,740;0;1;1,0000
26,740;0;-1;1,0000
26,740;-1;1;2,0000
26,740;0;0;1,0000
26,740;0;2;1,0000
26,740;0;3;1,0000
26,740;1;0;1,0000
26,740;-1;2;1,0000
26,740;2;1;2,0000
26,740;-2;1;1,0000
26,740;1;2;1,0000
26,740;-1;3;1,0000
26,740;2;0;1,0000
26,740;-1;4;1,0000
26,740;0;6;1,0000
26,740;0;4;1,0000
26,740;4;1;1,0000
26,740;5;0;1,0000
26,740;5;-1;1,0000
26,740;4;0;1,0000
26,740;-1;5;1,0000
26,740;0;7;1,0000
28,740;-3;-1;3,0000
28,740;-2;-2;2,0000
28,740;-2;-3;1,0000
28,740;-4;-1;2,0000
28,740;-5;0;1,0000
28,740;-4;0;1,0000
28,740;0;-4;2,0000
28,740;-1;-2;1,0000
28,740;-1;0;2,0000
28,740;-4;1;1,0000
28,740;-2;0;1,0000
28,740;-3;1;1,0000
28,740;-1;1;2,0000
28,740;-1;-1;1,0000
28,740;0;0;3,0000
28,740;-2;-1;1,0000
28,740;0;1;2,0000
28,740;-2;1;1,0000
28,740;1;1;1,0000
28,740;-1;2;2,0000
28,740;0;4;1,0000
28,740;2;1;1,0000
28,740;2;0;1,0000
28,740;3;0;1,0000
28,740;0;6;1,0000
28,740;-1;4;1,0000
28,740;4;-1;1,0000
28,740;-1;5;1,0000
28,740;4;0;1,0000
28,740;4;1;1,0000
28,740;5;0;1,0000
28,740;5;1;1,0000
28,740;0;7;1,0000
28,740;6;0;1,0000
30,760;-3;-1;1,0000
30,760;-2;-2;2,0000
30,760;-2;-3;2,0000
30,760;-4;-1;2,0000
30,760;-5;0;1,0000
30,760;-2;-1;3,0000
30,760;-1;-4;1,0000
30,760;0;-3;1,0000
30,760;-4;0;1,0000
30,760;-1;-1;2,0000
30,760;-1;0;2,0000
30,760;-1;-2;2,0000
30,760;0;-2;1,0000
30,760;-3;0;1,0000
30,760;-1;1;2,0000
30,760;-2;0;1,0000
30,760;0;3;1,0000
30,760;0;-1;1,0000
30,760;0;2;1,0000
30,760;0;0;2,0000
30,760;0;4;2,0000
30,760;1;0;1,0000
30,760;-1;2;1,0000
30,760;0;1;1,0000
30,760;1;1;1,0000
30,760;2;0;1,0000
30,760;2;1;1,0000
30,760;3;0;1,0000
30,760;-1;5;2,0000
30,760;4;-1;1,0000
30,760;3;1;1,0000
30,760;4;1;1,0000
30,760;5;2;1,0000
30,760;-1;6;1,0000
30,760;0;6;1,0000
30,760;0;7;1,0000
30,760;-1;7;1,0000
32,780;-2;-1;2,0000
32,780;-2;-2;2,0000
32,780;-2;-4;1,0000
32,780;-4;-1;2,0000
32,780;-3;-1;1,0000
32,780;-1;-3;1,0000
32,780;-1;-2;2,0000
32,780;-2;-3;1,0000
32,780;-1;-4;1,0000
32,780;0;-2;2,0000
32,780;-5;1;1,0000
32,780;-4;1;1,0000
32,780;0;1;2,0000
32,780;0;-4;1,0000
32,780;-2;2;1,0000
32,780;-3;1;1,0000
32,780;-2;0;1,0000
32,780;-5;0;1,0000
32,780;-1;2;1,0000
32,780;-1;-1;1,0000
32,780;-1;0;1,0000
32,780;-2;1;1,0000
32,780;-3;0;1,0000
32,780;-1;1;1,0000
32,780;0;0;1,0000
32,780;1;2;1,0000
32,780;1;0;1,0000
32,780;0;3;1,0000
32,780;2;-1;1,0000
32,780;1;1;1,0000
32,780;-1;3;1,0000
32,780;2;1;1,0000
32,780;2;2;1,0000
32,780;-1;4;2,0000
32,780;0;4;1,0000
32,780;0;5;1,0000
32,780;4;0;1,0000
32,780;3;1;1,0000
32,780;3;0;1,0000
32,780;4;2;1,0000
32,780;-1;6;1,0000
32,780;5;1;1,0000
34,780;-1;-2;1,0000
34,780;-2;-1;1,0000
34,780;-2;-4;1,0000
34,780;-4;-1;1,0000
34,780;-3;-1;3,0000
34,780;-2;-2;1,0000
34,780;-2;-3;2,0000
34,780;-1;-3;2,0000
34,780;-1;0;3,0000
34,780;-4;2;1,0000
34,780;-4;0;1,0000
34,780;0;-5;1,0000
34,780;0;-3;1,0000
34,780;-3;0;1,0000
34,780;-4;1;1,0000
34,780;-2;0;1,0000
34,780;-3;1;1,0000
34,780;0;1;2,0000
34,780;-1;-1;2,0000
34,780;-2;1;1,0000
34,780;0;0;2,0000
34,780;0;2;3,0000
34,780;-1;1;1,0000
34,780;0;4;1,0000
34,780;-1;2;1,0000
34,780;2;0;1,0000
34,780;1;1;1,0000
34,780;-1;3;1,0000
34,780;2;1;1,0000
34,780;3;0;1,0000
34,780;-1;5;1,0000
34,780;0;5;1,0000
34,780;-1;6;1,0000
34,780;4;1;1,0000
34,780;0;7;1,0000
34,780;5;1;1,0000
34,780;-2;7;1,0000
36,780;-1;-4;1,0000
36,780;-2;-1;2,0000
36,780;-2;-3;3,0000
36,780;-4;-1;2,0000
36,780;-3;-1;2,0000
36,780;-2;-2;2,0000
36,780;0;-5;1,0000
36,780;-1;-1;2,0000
36,780;-2;0;3,0000
36,780;-5;0;1,0000
36,780;-4;1;1,0000
36,780;0;-2;1,0000
36,780;-4;0;1,0000
36,780;0;-1;1,0000
36,780;-3;0;1,0000
36,780;-4;2;1,0000
36,780;-1;0;1,0000
36,780;0;1;1,0000
36,780;0;2;1,0000
36,780;0;0;2,0000
36,780;-2;1;1,0000
36,780;-3;1;1,0000
36,780;-1;1;2,0000
36,780;-1;2;1,0000
36,780;1;2;1,0000
36,780;-1;3;1,0000
36,780;1;1;1,0000
36,780;0;5;1,0000
36,780;3;1;1,0000
36,780;-1;4;1,0000
36,780;0;4;1,0000
36,780;4;1;1,0000
36,780;4;0;1,0000
36,780;0;6;1,0000
36,780;5;0;1,0000
36,780;-1;7;1,0000
36,780;6;1;1,0000
38,780;-3;0;2,0000
38,780;-2;-3;3,0000
38,780;-4;-1;1,0000
38,780;-3;-1;3,0000
38,780;-2;-2;2,0000
38,780;0;-3;1,0000
38,780;-1;-2;1,0000
38,780;-5;-1;1,0000
38,780;0;-4;1,0000
38,780;-4;0;1,0000
38,780;0;-2;1,0000
38,780;1;-2;1,0000
38,780;0;-1;2,0000
38,780;-1;-1;1,0000
38,780;-5;1;1,0000
38,780;-2;-1;1,0000
38,780;-1;0;1,0000
38,780;-4;1;1,0000
38,780;-2;0;2,0000
38,780;0;0;1,0000
38,780;0;1;1,0000
38,780;0;2;1,0000
38,780;1;1;1,0000
38,780;-1;1;2,0000
38,780;2;1;1,0000
38,780;2;0;1,0000
38,780;0;4;1,0000
38,780;3;0;1,0000
38,780;-1;5;1,0000
38,780;3;1;1,0000
38,780;3;2;1,0000
38,780;0;5;1,0000
38,780;0;6;1,0000
38,780;4;0;1,0000
38,780;-1;6;1,0000
38,780;-2;7;1,0000
38,780;5;1;1,0000
40,780;-5;0;1,0000
40,780;-2;-3;2,0000
40,780;-4;-1;2,0000
40,780;-2;-1;1,0000
40,780;-2;-2;3,0000
40,780;-3;-1;2,0000
40,780;0;-4;2,0000
40,780;1;-4;1,0000
40,780;0;-3;1,0000
40,780;-1;-4;1,0000
40,780;-4;0;1,0000
40,780;-1;-3;1,0000
40,780;-4;1;1,0000
40,780;0;-2;1,0000
40,780;-1;-2;1,0000
40,780;-2;0;2,0000
40,780;-1;1;1,0000
40,780;-1;0;1,0000
40,780;-1;-1;1,0000
40,780;0;0;2,0000
40,780;0;2;2,0000
40,780;1;-1;1,0000
40,780;-1;3;2,0000
40,780;1;1;2,0000
40,780;0;3;1,0000
40,780;1;3;1,0000
40,780;2;0;1,0000
40,780;-2;4;1,0000
40,780;-1;5;1,0000
40,780;0;6;1,0000
40,780;3;1;1,0000
40,780;4;0;1,0000
40,780;1;4;1,0000
40,780;5;1;1,0000
40,780;-1;6;1,0000
40,780;5;2;1,0000
40,780;0;7;1,0000
42,800;-2;-3;2,0000
42,800;-4;-1;2,0000
42,800;-1;-3;1,0000
42,800;-2;-1;2,0000
42,800;-2;-2;2,0000
42,800;-3;-1;2,0000
42,800;0;-4;1,0000
42,800;-5;0;1,0000
42,800;-2;0;2,0000
42,800;-1;-4;1,0000
42,800;-3;0;1,0000
42,800;-1;-1;2,0000
42,800;0;1;1,0000
42,800;-2;2;1,0000
42,800;-1;0;2,0000
42,800;-3;1;1,0000
42,800;0;2;2,0000
42,800;1;1;1,0000
42,800;-1;1;2,0000
42,800;-1;2;1,0000
42,800;-2;1;1,0000
42,800;-1;3;1,0000
42,800;0;4;1,0000
42,800;0;0;1,0000
42,800;2;1;2,0000
42,800;-1;4;1,0000
42,800;1;4;1,0000
42,800;3;0;1,0000
42,800;4;0;1,0000
42,800;-2;5;1,0000
42,800;-1;5;1,0000
42,800;5;1;1,0000
42,800;0;7;2,0000
42,800;6;0;1,0000
42,800;-1;7;1,0000
44,800;-2;-3;3,0000
44,800;-4;-1;2,0000
44,800;-2;-1;2,0000
44,800;-2;-2;2,0000
44,800;-1;-2;1,0000
44,800;-3;-1;3,0000
44,800;-5;0;1,0000
44,800;0;-1;3,0000
44,800;-2;1;1,0000
44,800;-5;1;1,0000
44,800;-1;0;2,0000
44,800;-3;0;2,0000
44,800;-1;-1;1,0000
44,800;-1;1;2,0000
44,800;0;2;1,0000
44,800;-4;1;1,0000
44,800;0;0;1,0000
44,800;1;0;1,0000
44,800;0;1;1,0000
44,800;1;2;1,0000
44,800;2;0;1,0000
44,800;-1;3;1,0000
44,800;0;3;1,0000
44,800;2;1;1,0000
44,800;0;4;1,0000
44,800;3;0;1,0000
44,800;-2;5;1,0000
44,800;0;6;1,0000
44,800;-1;4;1,0000
44,800;4;2;1,0000
44,800;4;1;1,0000
44,800;1;6;1,0000
44,800;-1;5;1,0000
44,800;-1;6;1,0000
44,800;0;7;1,0000
46,800;-2;-3;1,0000
46,800;-4;-1;2,0000
46,800;-3;0;1,0000
46,800;-2;-2;2,0000
46,800;-2;-4;1,0000
46,800;-1;-5;1,0000
46,800;-2;-1;1,0000
46,800;-1;-4;1,0000
46,800;-3;-1;2,0000
46,800;-4;0;2,0000
46,800;0;-3;1,0000
46,800;-2;0;1,0000
46,800;0;-2;2,0000
46,800;1;-3;1,0000
46,800;-1;-3;1,0000
46,800;-1;-1;3,0000
46,800;-1;0;1,0000
46,800;-2;1;1,0000
46,800;-3;1;1,0000
46,800;0;0;2,0000
46,800;0;-1;1,0000
46,800;-1;1;1,0000
46,800;0;1;2,0000
46,800;0;2;2,0000
46,800;-2;3;1,0000
46,800;0;4;1,0000
46,800;-1;2;1,0000
46,800;2;1;1,0000
46,800;2;0;1,0000
46,800;1;4;1,0000
46,800;-1;3;1,0000
46,800;0;5;1,0000
46,800;4;0;1,0000
46,800;-1;5;1,0000
46,800;0;6;1,0000
46,800;5;1;1,0000
46,800;-1;7;1,0000
46,800;6;1;1,0000
46,800;1;6;1,0000
46,800;5;0;1,0000
48,800;-2;-3;1,0000
48,800;-3;-1;3,0000
48,800;-5;0;1,0000
48,800;-2;-1;3,0000
48,800;-2;-4;1,0000
48,800;-4;-1;1,0000
48,800;-3;0;1,0000
48,800;0;-4;1,0000
48,800;-1;-4;1,0000
48,800;0;-3;2,0000
48,800;0;-1;1,0000
48,800;0;-5;1,0000
48,800;-4;1;1,0000
48,800;-1;-3;1,0000
48,800;-2;-2;1,0000
48,800;-1;-2;1,0000
48,800;-2;0;2,0000
48,800;-1;0;2,0000
48,800;1;0;2,0000
48,800;-2;1;1,0000
48,800;0;2;1,0000
48,800;1;1;1,0000
48,800;0;0;2,0000
48,800;0;1;1,0000
48,800;-1;1;1,0000
48,800;1;2;1,0000
48,800;-1;2;1,0000
48,800;0;3;1,0000
48,800;3;1;2,0000
48,800;-1;5;1,0000
48,800;1;4;1,0000
48,800;2;0;1,0000
48,800;1;5;1,0000
48,800;-2;5;1,0000
48,800;-1;7;1,0000
48,800;-1;6;1,0000
48,800;0;5;1,0000
48,800;0;6;1,0000
48,800;6;2;1,0000
50,820;-2;-3;1,0000
50,820;-3;-1;3,0000
50,820;-2;-2;3,0000
50,820;-2;-4;1,0000
50,820;-4;-1;2,0000
50,820;-1;-3;1,0000
50,820;0;-3;2,0000
50,820;-1;-2;1,0000
50,820;-2;-1;2,0000
50,820;-3;0;1,0000
50,820;1;-3;1,0000
50,820;-2;0;1,0000
50,820;-3;1;1,0000
50,820;-1;1;2,0000
50,820;0;1;2,0000
50,820;0;-1;1,0000
50,820;0;-2;1,0000
50,820;0;0;2,0000
50,820;-1;0;1,0000
50,820;-1;-1;1,0000
50,820;1;2;1,0000
50,820;-1;3;1,0000
50,820;1;1;1,0000
50,820;1;3;1,0000
50,820;-2;3;1,0000
50,820;-2;4;1,0000
50,820;-1;4;1,0000
50,820;0;2;1,0000
50,820;0;3;1,0000
50,820;3;2;1,0000
50,820;3;1;1,0000
50,820;-1;5;1,0000
50,820;3;0;1,0000
50,820;-1;6;1,0000
50,820;5;0;2,0000
50,820;4;1;1,0000
50,820;-1;7;1,0000
50,820;6;1;1,0000
52,820;-2;-3;1,0000
52,820;-3;-1;2,0000
52,820;-2;-2;3,0000
52,820;-2;-4;1,0000
52,820;-4;-1;2,0000
52,820;-2;-1;2,0000
52,820;-1;-4;1,0000
52,820;-1;-2;1,0000
52,820;1;-4;1,0000
52,820;-3;0;2,0000
52,820;-2;0;2,0000
52,820;-1;-1;1,0000
52,820;-4;0;1,0000
52,820;0;-4;1,0000
52,820;0;-5;1,0000
52,820;0;-2;2,0000
52,820;-1;-3;1,0000
52,820;-1;0;3,0000
52,820;0;1;1,0000
52,820;-1;1;2,0000
52,820;1;2;1,0000
52,820;-2;1;1,0000
52,820;0;2;1,0000
52,820;1;1;1,0000
52,820;0;0;2,0000
52,820;-1;2;1,0000
52,820;-1;4;1,0000
52,820;2;0;1,0000
52,820;2;1;1,0000
52,820;-1;5;1,0000
52,820;3;0;1,0000
52,820;4;1;2,0000
52,820;0;4;1,0000
52,820;0;5;1,0000
52,820;-1;6;1,0000
52,820;0;6;1,0000
52,820;5;0;1,0000
52,820;5;1;1,0000
52,820;-1;7;1,0000
54,820;-2;-3;2,0000
54,820;-3;-1;3,0000
54,820;-2;-4;1,0000
54,820;-5;-1;1,0000
54,820;-4;-1;1,0000
54,820;-1;-4;1,0000
54,820;-2;-2;2,0000
54,820;-1;-5;1,0000
54,820;-2;-1;4,0000
54,820;-1;-2;1,0000
54,820;-1;-3;1,0000
54,820;-2;1;1,0000
54,820;-2;0;1,0000
54,820;0;-4;1,0000
54,820;1;0;3,0000
54,820;-3;0;1,0000
54,820;0;1;1,0000
54,820;0;-3;1,0000
54,820;-1;-1;1,0000
54,820;-1;1;1,0000
54,820;-1;0;2,0000
54,820;-1;2;1,0000
54,820;0;0;1,0000
54,820;1;1;2,0000
54,820;-1;3;2,0000
54,820;0;2;2,0000
54,820;2;1;2,0000
54,820;1;4;1,0000
54,820;-1;5;1,0000
54,820;0;4;1,0000
54,820;4;1;1,0000
54,820;-1;6;2,0000
54,820;5;0;1,0000
54,820;0;7;1,0000
54,820;0;6;1,0000
56,820;-2;-3;2,0000
56,820;-3;-1;3,0000
56,820;-2;-4;1,0000
56,820;-5;-1;1,0000
56,820;-4;-1;2,0000
56,820;-2;-2;3,0000
56,820;-1;-2;1,0000
56,820;-1;-3;1,0000
56,820;-4;1;2,0000
56,820;-2;0;2,0000
56,820;-4;0;1,0000
56,820;0;-2;1,0000
56,820;-3;0;1,0000
56,820;-1;-1;2,0000
56,820;0;-4;1,0000
56,820;-3;1;1,0000
56,820;-2;-1;1,0000
56,820;-1;0;2,0000
56,820;-2;1;1,0000
56,820;0;-1;1,0000
56,820;0;2;2,0000
56,820;0;0;2,0000
56,820;0;1;2,0000
56,820;-1;1;1,0000
56,820;1;2;1,0000
56,820;-1;2;1,0000
56,820;1;1;1,0000
56,820;-1;3;1,0000
56,820;-1;4;1,0000
56,820;2;0;1,0000
56,820;0;5;1,0000
56,820;0;3;1,0000
56,820;-1;6;1,0000
56,820;-2;5;1,0000
56,820;1;6;1,0000
56,820;4;0;2,0000
56,820;0;7;2,0000
56,820;5;2;1,0000
56,820;-2;6;1,0000
56,820;5;1;1,0000
56,820;6;0;1,0000
58,820;-2;-3;2,0000
58,820;-3;-1;3,0000
58,820;-2;-4;1,0000
58,820;-5;-1;1,0000
58,820;-4;-1;3,0000
58,820;-2;-1;2,0000
58,820;-2;-2;2,0000
58,820;-1;-3;2,0000
58,820;-1;-4;1,0000
58,820;0;-4;1,0000
58,820;-5;0;1,0000
58,820;-3;1;1,0000
58,820;-3;0;2,0000
58,820;-1;-2;2,0000
58,820;-2;1;2,0000
58,820;0;-2;1,0000
58,820;-1;0;1,0000
58,820;-1;-1;1,0000
58,820;0;0;2,0000
58,820;-2;0;1,0000
58,820;0;1;1,0000
58,820;-1;1;2,0000
58,820;0;2;1,0000
58,820;0;3;1,0000
58,820;1;1;1,0000
58,820;-1;4;1,0000
58,820;-1;2;1,0000
58,820;1;3;1,0000
58,820;1;0;2,0000
58,820;0;4;1,0000
58,820;2;2;1,0000
58,820;-2;4;1,0000
58,820;3;1;1,0000
58,820;0;5;1,0000
58,820;3;0;1,0000
58,820;-1;6;1,0000
58,820;0;6;1,0000
58,820;5;0;1,0000
58,820;4;0;1,0000
58,820;4;1;1,0000
58,820;5;2;1,0000
60,840;-2;-2;2,0000
60,840;-3;-1;3,0000
60,840;-2;-3;2,0000
60,840;-2;-4;1,0000
60,840;-5;-1;2,0000
60,840;-2;-1;2,0000
60,840;-4;-1;2,0000
60,840;0;-4;2,0000
60,840;-1;-5;1,0000
60,840;-1;-4;1,0000
60,840;-4;0;1,0000
60,840;-4;1;1,0000
60,840;-3;0;2,0000
60,840;-1;-3;1,0000
60,840;0;-2;1,0000
60,840;-5;0;1,0000
60,840;-1;-2;2,0000
60,840;-3;1;1,0000
60,840;-1;-1;1,0000
60,840;0;0;2,0000
60,840;-2;0;1,0000
60,840;-1;1;2,0000
60,840;-1;3;2,0000
60,840;-1;0;2,0000
60,840;1;1;1,0000
60,840;0;2;2,0000
60,840;-2;1;1,0000
60,840;0;1;1,0000
60,840;1;-1;1,0000
60,840;0;4;1,0000
60,840;2;0;1,0000
60,840;1;0;1,0000
60,840;2;1;1,0000
60,840;3;2;1,0000
60,840;-1;5;1,0000
60,840;1;3;1,0000
60,840;4;2;1,0000
60,840;3;1;1,0000
60,840;1;6;1,0000
60,840;4;0;1,0000
60,840;-1;6;1,0000
60,840;5;1;1,0000
60,840;6;1;1,0000
62,840;-2;-2;3,0000
62,840;-2;-1;1,0000
62,840;-2;-3;2,0000
62,840;-2;-4;1,0000
62,840;-5;-1;1,0000
62,840;-4;-1;2,0000
62,840;-5;0;1,0000
62,840;-3;-1;3,0000
62,840;-1;-2;1,0000
62,840;-1;-1;2,0000
62,840;0;-4;1,0000
62,840;-1;-3;2,0000
62,840;-5;1;1,0000
62,840;-1;0;2,0000
62,840;1;-2;1,0000
62,840;-1;1;1,0000
62,840;0;-1;2,0000
62,840;-2;0;3,0000
62,840;-3;1;1,0000
62,840;-3;0;1,0000
62,840;0;0;2,0000
62,840;0;-2;1,0000
62,840;-2;1;1,0000
62,840;0;2;2,0000
62,840;1;1;2,0000
62,840;1;2;1,0000
62,840;-1;2;1,0000
62,840;0;1;1,0000
62,840;1;0;1,0000
62,840;-1;4;2,0000
62,840;3;1;2,0000
62,840;0;5;1,0000
62,840;-1;6;1,0000
62,840;4;0;1,0000
62,840;5;0;1,0000
62,840;-1;7;1,0000
62,840;5;2;1,0000
62,840;0;7;1,0000
64,860;-2;-2;2,0000
64,860;-1;-2;3,0000
64,860;-2;-3;3,0000
64,860;-2;-4;1,0000
64,860;-5;-1;1,0000
64,860;-4;-1;2,0000
64,860;-2;-1;3,0000
64,860;-3;-1;3,0000
64,860;-1;-4;1,0000
64,860;-1;-3;1,0000
64,860;0;-4;1,0000
64,860;-1;-1;1,0000
64,860;-2;0;2,0000
64,860;0;-3;1,0000
64,860;-5;0;1,0000
64,860;-5;1;1,0000
64,860;0;-2;1,0000
64,860;-1;0;2,0000
64,860;0;-1;1,0000
64,860;-4;0;1,0000
64,860;0;0;1,0000
64,860;-1;1;1,0000
64,860;-2;1;1,0000
64,860;0;1;2,0000
64,860;0;2;1,0000
64,860;1;1;2,0000
64,860;0;3;1,0000
64,860;-2;2;1,0000
64,860;-1;3;1,0000
64,860;1;0;1,0000
64,860;3;0;1,0000
64,860;-1;4;1,0000
64,860;3;1;1,0000
64,860;0;5;1,0000
64,860;4;0;1,0000
64,860;-1;5;1,0000
64,860;4;1;1,0000
64,860;5;1;1,0000
64,860;-1;7;1,0000
66,860;-2;-1;2,0000
66,860;-1;-4;1,0000
66,860;-2;-3;1,0000
66,860;-2;-4;2,0000
66,860;-5;-1;1,0000
66,860;-4;-1;3,0000
66,860;-3;-1;3,0000
66,860;-1;-3;2,0000
66,860;0;-3;1,0000
66,860;-3;0;3,0000
66,860;-2;-2;2,0000
66,860;-1;-2;1,0000
66,860;-1;-1;1,0000
66,860;-2;0;2,0000
66,860;-3;1;1,0000
66,860;0;-4;1,0000
66,860;-2;1;1,0000
66,860;0;-1;1,0000
66,860;-1;0;2,0000
66,860;-1;1;2,0000
66,860;0;0;2,0000
66,860;0;1;1,0000
66,860;-1;2;1,0000
66,860;1;1;1,0000
66,860;0;2;1,0000
66,860;1;0;1,0000
66,860;-1;3;1,0000
66,860;2;1;1,0000
66,860;3;1;1,0000
66,860;-1;4;1,0000
66,860;-1;6;1,0000
66,860;4;1;1,0000
66,860;4;0;1,0000
66,860;5;0;1,0000
66,860;0;6;1,0000
66,860;6;0;1,0000
68,860;-4;0;1,0000
68,860;-2;-3;2,0000
68,860;-2;-4;1,0000
68,860;-4;-1;2,0000
68,860;-5;-1;2,0000
68,860;-3;-1;2,0000
68,860;0;-5;1,0000
68,860;-5;0;2,0000
68,860;-2;-1;2,0000
68,860;-2;-2;1,0000
68,860;-1;-4;1,0000
68,860;-1;-2;1,0000
68,860;-4;1;1,0000
68,860;-1;-3;1,0000
68,860;-4;2;1,0000
68,860;-5;1;1,0000
68,860;0;-4;1,0000
68,860;0;-2;1,0000
68,860;-2;1;2,0000
68,860;-3;0;2,0000
68,860;0;-1;1,0000
68,860;-1;-1;2,0000
68,860;-2;0;1,0000
68,860;0;1;2,0000
68,860;-1;0;1,0000
68,860;-1;1;1,0000
68,860;0;2;1,0000
68,860;-1;2;1,0000
68,860;-1;5;2,0000
68,860;1;1;1,0000
68,860;1;0;1,0000
68,860;2;0;1,0000
68,860;1;3;1,0000
68,860;3;0;1,0000
68,860;0;3;1,0000
68,860;0;5;1,0000
68,860;-1;4;1,0000
68,860;-2;4;1,0000
68,860;4;2;1,0000
68,860;4;1;1,0000
68,860;-2;6;1,0000
68,860;5;0;1,0000
68,860;0;7;1,0000
70,860;-2;-3;2,0000
70,860;-2;-4;1,0000
70,860;-4;-1;2,0000
70,860;-3;-1;1,0000
70,860;-2;-1;2,0000
70,860;-2;-2;2,0000
70,860;0;-4;1,0000
70,860;-4;1;1,0000
70,860;-5;0;1,0000
70,860;0;-3;2,0000
70,860;-1;-3;1,0000
70,860;-1;-4;1,0000
70,860;-4;0;2,0000
70,860;-3;0;1,0000
70,860;-2;0;3,0000
70,860;-1;-2;1,0000
70,860;-2;1;2,0000
70,860;-1;3;1,0000
70,860;-1;1;1,0000
70,860;-1;0;1,0000
70,860;1;0;1,0000
70,860;0;0;1,0000
70,860;0;1;1,0000
70,860;0;2;1,0000
70,860;-1;2;1,0000
70,860;-2;2;1,0000
70,860;0;3;1,0000
70,860;1;2;1,0000
70,860;2;0;1,0000
70,860;-2;3;1,0000
70,860;3;0;1,0000
70,860;0;4;1,0000
70,860;4;1;1,0000
70,860;4;0;1,0000
70,860;0;5;1,0000
70,860;4;2;1,0000
70,860;5;0;1,0000
70,860;-1;5;1,0000
70,860;-1;7;1,0000
70,860;0;7;1,0000
70,860;5;1;1,0000
72,860;-2;-3;2,0000
72,860;-2;-4;1,0000
72,860;-3;-1;3,0000
72,860;-2;-1;2,0000
72,860;-1;-1;1,0000
72,860;-4;-1;2,0000
72,860;-2;-2;2,0000
72,860;-5;0;1,0000
72,860;-1;-4;1,0000
72,860;-4;1;1,0000
72,860;-3;1;1,0000
72,860;-3;0;2,0000
72,860;-1;2;1,0000
72,860;-2;0;2,0000
72,860;0;-3;1,0000
72,860;0;-2;1,0000
72,860;0;-1;1,0000
72,860;-1;0;1,0000
72,860;-1;1;2,0000
72,860;0;1;1,0000
72,860;0;0;2,0000
72,860;0;2;2,0000
72,860;1;1;1,0000
72,860;2;0;1,0000
72,860;2;2;1,0000
72,860;2;1;1,0000
72,860;-1;3;1,0000
72,860;-1;4;1,0000
72,860;0;4;1,0000
72,860;3;1;1,0000
72,860;4;0;1,0000
72,860;-1;5;1,0000
72,860;5;0;1,0000
72,860;5;1;1,0000
72,860;0;7;1,0000
72,860;-1;7;1,0000
72,860;6;1;1,0000
74,880;-2;-2;3,0000
74,880;-2;-4;1,0000
74,880;-3;-1;2,0000
74,880;-2;-3;2,0000
74,880;-1;-3;1,0000
74,880;-4;-1;2,0000
74,880;-5;0;1,0000
74,880;-3;1;1,0000
74,880;-4;1;1,0000
74,880;-5;-1;1,0000
74,880;-4;0;1,0000
74,880;0;-4;1,0000
74,880;0;-3;1,0000
74,880;-2;-1;2,0000
74,880;-2;0;1,0000
74,880;-2;1;1,0000
74,880;-1;-2;1,0000
74,880;-1;-1;1,0000
74,880;1;0;2,0000
74,880;-1;0;1,0000
74,880;0;-1;1,0000
74,880;0;0;2,0000
74,880;0;2;1,0000
74,880;-1;1;2,0000
74,880;0;1;1,0000
74,880;1;1;1,0000
74,880;-1;2;1,0000
74,880;2;0;1,0000
74,880;2;1;1,0000
74,880;0;4;1,0000
74,880;-1;4;1,0000
74,880;5;1;1,0000
74,880;3;0;1,0000
74,880;4;0;1,0000
74,880;4;1;1,0000
74,880;-1;5;1,0000
74,880;0;5;1,0000
74,880;0;6;2,0000
74,880;-1;7;1,0000
76,880;-2;-2;2,0000
76,880;-2;-4;1,0000
76,880;-3;-1;3,0000
76,880;-2;-3;2,0000
76,880;-1;-2;2,0000
76,880;-4;-1;2,0000
76,880;-5;-1;1,0000
76,880;-3;0;2,0000
76,880;-1;-3;1,0000
76,880;-4;1;2,0000
76,880;-2;-1;2,0000
76,880;0;-3;1,0000
76,880;-2;2;1,0000
76,880;-2;0;1,0000
76,880;-1;-1;2,0000
76,880;0;-1;2,0000
76,880;-2;1;1,0000
76,880;-1;0;2,0000
76,880;-1;1;1,0000
76,880;0;2;1,0000
76,880;-1;2;1,0000
76,880;3;1;1,0000
76,880;0;0;1,0000
76,880;1;0;1,0000
76,880;2;1;1,0000
76,880;-1;3;1,0000
76,880;0;3;1,0000
76,880;0;4;1,0000
76,880;1;3;1,0000
76,880;-1;4;1,0000
76,880;3;0;1,0000
76,880;4;0;1,0000
76,880;5;0;1,0000
76,880;0;5;1,0000
76,880;4;2;1,0000
76,880;-1;5;1,0000
76,880;0;6;1,0000
76,880;5;1;1,0000
76,880;6;0;1,0000
76,880;1;7;1,0000
78,880;-2;-2;3,0000
78,880;-2;-4;1,0000
78,880;-3;-1;1,0000
78,880;-2;-1;2,0000
78,880;-2;-3;2,0000
78,880;-4;-1;3,0000
78,880;-5;-1;1,0000
78,880;-3;0;2,0000
78,880;-2;0;1,0000
78,880;-5;2;1,0000
78,880;-5;0;1,0000
78,880;-1;-4;1,0000
78,880;0;-3;1,0000
78,880;0;-4;1,0000
78,880;-4;1;2,0000
78,880;-1;-1;1,0000
78,880;-1;-2;1,0000
78,880;-3;1;1,0000
78,880;0;0;2,0000
78,880;-1;0;2,0000
78,880;2;1;2,0000
78,880;-1;1;2,0000
78,880;0;1;2,0000
78,880;1;1;1,0000
78,880;1;-1;1,0000
78,880;1;0;1,0000
78,880;2;0;1,0000
78,880;0;2;1,0000
78,880;2;2;1,0000
78,880;-1;2;1,0000
78,880;0;3;1,0000
78,880;4;0;1,0000
78,880;0;6;1,0000
78,880;-1;6;1,0000
78,880;-1;5;1,0000
78,880;-2;6;1,0000
78,880;5;-1;1,0000
78,880;5;1;1,0000
78,880;5;0;1,0000
78,880;-1;7;1,0000
78,880;6;0;1,0000
80,880;-2;-2;2,0000
80,880;-2;-4;1,0000
80,880;-3;-1;2,0000
80,880;0;-4;1,0000
80,880;-2;-3;3,0000
80,880;-4;-1;2,0000
80,880;-5;-1;1,0000
80,880;-1;-3;1,0000
80,880;-4;0;1,0000
80,880;-1;-2;2,0000
80,880;0;-3;1,0000
80,880;-2;-1;4,0000
80,880;0;2;1,0000
80,880;-2;0;1,0000
80,880;0;0;2,0000
80,880;1;-1;1,0000
80,880;-1;-1;1,0000
80,880;-1;0;3,0000
80,880;0;-1;1,0000
80,880;-1;2;3,0000
80,880;1;1;1,0000
80,880;1;0;1,0000
80,880;0;4;1,0000
80,880;0;3;1,0000
80,880;2;0;1,0000
80,880;3;1;1,0000
80,880;4;0;1,0000
80,880;-1;4;1,0000
80,880;3;0;1,0000
80,880;1;5;1,0000
80,880;0;6;1,0000
80,880;-1;5;1,0000
80,880;5;1;1,0000
80,880;-1;6;1,0000
80,880;5;0;1,0000
80,880;-1;7;1,0000
80,880;0;7;2,0000
82,880;-2;-2;2,0000
82,880;-2;-4;1,0000
82,880;-3;-1;3,0000
82,880;-2;-3;3,0000
82,880;-4;-1;1,0000
82,880;-5;-1;1,0000
82,880;-4;0;1,0000
82,880;-1;-2;2,0000
82,880;-1;-3;1,0000
82,880;-1;1;2,0000
82,880;-2;-1;3,0000
82,880;-5;1;1,0000
82,880;-2;0;2,0000
82,880;-1;-5;1,0000
82,880;0;-3;1,0000
82,880;0;-4;1,0000
82,880;-4;1;1,0000
82,880;1;-3;1,0000
82,880;-3;2;1,0000
82,880;0;-2;1,0000
82,880;-2;1;1,0000
82,880;-1;0;2,0000
82,880;0;3;1,0000
82,880;0;2;1,0000
82,880;-1;-1;1,0000
82,880;0;1;1,0000
82,880;2;0;1,0000
82,880;0;0;1,0000
82,880;1;3;1,0000
82,880;1;4;1,0000
82,880;-1;2;1,0000
82,880;3;1;1,0000
82,880;-1;3;1,0000
82,880;3;0;1,0000
82,880;-1;4;2,0000
82,880;0;5;1,0000
82,880;4;0;1,0000
82,880;3;2;1,0000
82,880;0;6;1,0000
82,880;-1;5;1,0000
82,880;5;1;2,0000
82,880;5;0;1,0000
82,880;5;2;1,0000
82,880;6;0;1,0000
84,900;-2;-2;3,0000
84,900;-2;-4;1,0000
84,900;-3;-1;2,0000
84,900;-2;-3;3,0000
84,900;-4;-1;1,0000
84,900;-5;0;1,0000
84,900;-5;-1;1,0000
84,900;-2;1;1,0000
84,900;-4;0;1,0000
84,900;-2;-1;1,0000
84,900;-1;-1;1,0000
84,900;-1;-2;2,0000
84,900;0;-5;1,0000
84,900;-5;1;1,0000
84,900;-4;1;1,0000
84,900;0;1;2,0000
84,900;0;0;2,0000
84,900;0;-3;1,0000
84,900;-3;0;1,0000
84,900;-2;0;3,0000
84,900;1;2;2,0000
84,900;-1;0;2,0000
84,900;1;1;1,0000
84,900;1;0;1,0000
84,900;-1;1;1,0000
84,900;-1;2;1,0000
84,900;0;2;1,0000
84,900;2;0;1,0000
84,900;0;4;1,0000
84,900;-1;3;1,0000
84,900;2;1;1,0000
84,900;2;-1;1,0000
84,900;3;1;1,0000
84,900;3;2;1,0000
84,900;4;0;1,0000
84,900;-1;5;1,0000
84,900;4;1;1,0000
84,900;5;0;1,0000
84,900;5;2;1,0000
84,900;5;1;1,0000
84,900;5;-1;1,0000
84,900;0;6;1,0000
84,900;-1;6;1,0000
86,900;-2;0;2,0000
86,900;-2;-4;1,0000
86,900;-4;-1;1,0000
86,900;-2;-2;2,0000
86,900;-2;-3;3,0000
86,900;-3;-1;3,0000
86,900;-5;-1;1,0000
86,900;-4;1;1,0000
86,900;-1;-3;1,0000
86,900;0;-4;1,0000
86,900;-2;-1;2,0000
86,900;-1;0;2,0000
86,900;-1;-1;2,0000
86,900;-3;0;1,0000
86,900;-1;-2;2,0000
86,900;-5;0;1,0000
86,900;0;-1;2,0000
86,900;0;2;2,0000
86,900;0;-3;1,0000
86,900;0;0;1,0000
86,900;1;0;2,0000
86,900;-1;1;1,0000
86,900;-2;1;1,0000
86,900;0;1;2,0000
86,900;1;1;2,0000
86,900;3;0;1,0000
86,900;-1;2;1,0000
86,900;2;2;1,0000
86,900;2;1;1,0000
86,900;3;-1;1,0000
86,900;0;4;1,0000
86,900;-1;3;1,0000
86,900;-1;4;1,0000
86,900;-1;6;1,0000
86,900;4;2;1,0000
86,900;4;0;1,0000
86,900;-2;6;1,0000
86,900;5;0;1,0000
86,900;1;6;1,0000
86,900;5;1;1,0000
86,900;0;7;1,0000
88,900;-5;1;2,0000
88,900;-2;-4;1,0000
88,900;-4;-1;1,0000
88,900;-2;-1;3,0000
88,900;-2;-2;3,0000
88,900;-3;-1;3,0000
88,900;-2;-3;2,0000
88,900;-5;-1;1,0000
88,900;-4;0;1,0000
88,900;0;-1;1,0000
88,900;-1;-3;2,0000
88,900;0;-3;1,0000
88,900;0;1;2,0000
88,900;-3;0;1,0000
88,900;-1;-4;1,0000
88,900;-1;-1;1,0000
88,900;0;0;2,0000
88,900;-4;1;2,0000
88,900;-1;0;2,0000
88,900;-1;-2;1,0000
88,900;-2;0;1,0000
88,900;-1;1;2,0000
88,900;1;0;1,0000
88,900;-2;1;1,0000
88,900;1;1;3,0000
88,900;1;-1;1,0000
88,900;0;2;1,0000
88,900;-1;2;1,0000
88,900;-1;4;2,0000
88,900;-2;3;1,0000
88,900;3;0;1,0000
88,900;1;4;1,0000
88,900;2;1;1,0000
88,900;0;4;1,0000
88,900;-1;5;1,0000
88,900;3;1;1,0000
88,900;0;6;1,0000
88,900;5;0;1,0000
88,900;6;0;1,0000
90,900;-2;-4;1,0000
90,900;-4;-1;2,0000
90,900;-4;0;1,0000
90,900;-2;-2;2,0000
90,900;-3;-1;3,0000
90,900;-2;-3;2,0000
90,900;-5;-1;1,0000
90,900;1;-3;1,0000
90,900;-1;-5;1,0000
90,900;-1;-3;2,0000
90,900;-1;1;3,0000
90,900;-5;1;1,0000
90,900;-2;-1;4,0000
90,900;0;-4;1,0000
90,900;-1;-2;1,0000
90,900;-5;0;1,0000
90,900;-3;1;1,0000
90,900;0;0;2,0000
90,900;-3;0;2,0000
90,900;-2;0;3,0000
90,900;-1;-1;1,0000
90,900;0;1;3,0000
90,900;-1;0;1,0000
90,900;-2;1;1,0000
90,900;1;0;1,0000
90,900;1;2;1,0000
90,900;0;2;1,0000
90,900;-2;2;1,0000
90,900;-1;2;1,0000
90,900;0;3;1,0000
90,900;2;0;1,0000
90,900;3;0;1,0000
90,900;3;1;1,0000
90,900;0;5;1,0000
90,900;-1;6;1,0000
90,900;-2;5;1,0000
90,900;4;1;1,0000
90,900;5;0;1,0000
90,900;0;6;1,0000
90,900;6;0;1,0000
92,920;-2;-4;1,0000
92,920;-4;-1;3,0000
92,920;-2;-2;3,0000
92,920;-3;-1;2,0000
92,920;-2;-3;2,0000
92,920;-5;-1;2,0000
92,920;-5;0;1,0000
92,920;0;-4;1,0000
92,920;-1;-3;2,0000
92,920;-1;-1;2,0000
92,920;-4;0;2,0000
92,920;-2;-1;3,0000
92,920;-1;-5;1,0000
92,920;0;-1;1,0000
92,920;-4;1;1,0000
92,920;-1;0;2,0000
92,920;-3;1;1,0000
92,920;-3;0;2,0000
92,920;1;0;1,0000
92,920;-1;1;2,0000
92,920;0;0;2,0000
92,920;-2;0;1,0000
92,920;-2;1;1,0000
92,920;0;1;1,0000
92,920;1;-1;1,0000
92,920;1;1;1,0000
92,920;0;2;1,0000
92,920;-1;3;1,0000
92,920;-1;2;1,0000
92,920;2;1;1,0000
92,920;3;0;1,0000
92,920;0;3;1,0000
92,920;4;0;1,0000
92,920;0;5;1,0000
92,920;3;1;1,0000
92,920;4;2;1,0000
92,920;-1;5;1,0000
92,920;5;1;1,0000
92,920;-1;6;1,0000
92,920;6;0;1,0000
92,920;5;0;1,0000
94,920;-2;-4;1,0000
94,920;-4;-1;3,0000
94,920;-2;-1;3,0000
94,920;-3;-1;2,0000
94,920;-2;-3;3,0000
94,920;-1;-4;1,0000
94,920;-5;-1;1,0000
94,920;0;-3;1,0000
94,920;-1;-3;2,0000
94,920;0;-2;3,0000
94,920;-1;-2;2,0000
94,920;-2;-2;1,0000
94,920;-3;0;1,0000
94,920;-3;1;1,0000
94,920;1;-2;1,0000
94,920;-4;1;1,0000
94,920;0;-1;1,0000
94,920;-2;0;1,0000
94,920;-1;-1;2,0000
94,920;-1;0;1,0000
94,920;0;0;3,0000
94,920;-2;1;1,0000
94,920;-1;1;1,0000
94,920;2;0;2,0000
94,920;0;3;1,0000
94,920;1;1;1,0000
94,920;1;2;1,0000
94,920;-1;2;1,0000
94,920;2;1;1,0000
94,920;-1;4;1,0000
94,920;4;0;1,0000
94,920;4;1;1,0000
94,920;-2;5;1,0000
94,920;6;0;1,0000
94,920;5;1;1,0000
94,920;5;0;1,0000
94,920;0;7;1,0000
96,920;-2;-5;1,0000
96,920;-4;-1;3,0000
96,920;-3;0;2,0000
96,920;-2;-1;3,0000
96,920;-2;-3;2,0000
96,920;-2;-2;2,0000
96,920;-2;-4;1,0000
96,920;-5;-1;1,0000
96,920;-4;0;1,0000
96,920;0;-4;1,0000
96,920;-3;-1;2,0000
96,920;-1;-4;2,0000
96,920;1;-5;1,0000
96,920;1;-4;1,0000
96,920;-1;-3;1,0000
96,920;0;-3;2,0000
96,920;-5;1;1,0000
96,920;-3;1;1,0000
96,920;-2;0;2,0000
96,920;-1;-1;1,0000
96,920;-1;-2;1,0000
96,920;0;-1;1,0000
96,920;0;1;2,0000
96,920;-1;1;1,0000
96,920;-2;2;1,0000
96,920;-1;2;2,0000
96,920;2;0;1,0000
96,920;-1;0;1,0000
96,920;1;1;1,0000
96,920;3;0;1,0000
96,920;2;1;1,0000
96,920;3;-1;1,0000
96,920;-1;5;2,0000
96,920;-1;4;1,0000
96,920;3;2;1,0000
96,920;0;5;2,0000
96,920;1;7;1,0000
96,920;4;1;1,0000
96,920;-1;6;1,0000
96,920;5;1;1,0000
96,920;-1;7;1,0000
98,920;-2;-4;2,0000
98,920;-4;-1;2,0000
98,920;-2;-1;3,0000
98,920;-2;-3;1,0000
98,920;-3;-1;3,0000
98,920;-2;-2;3,0000
98,920;-5;-1;1,0000
98,920;-1;-5;2,0000
98,920;0;-4;1,0000
98,920;-1;-3;1,0000
98,920;-3;0;1,0000
98,920;-2;0;1,0000
98,920;0;-2;1,0000
98,920;-5;1;1,0000
98,920;-4;0;1,0000
98,920;-2;1;2,0000
98,920;0;0;1,0000
98,920;-4;1;1,0000
98,920;-1;2;3,0000
98,920;-1;-1;1,0000
98,920;0;1;2,0000
98,920;-1;0;1,0000
98,920;1;-1;1,0000
98,920;-1;1;1,0000
98,920;1;2;1,0000
98,920;1;5;1,0000
98,920;1;1;1,0000
98,920;0;3;1,0000
98,920;-1;3;1,0000
98,920;2;1;1,0000
98,920;-1;4;1,0000
98,920;0;4;1,0000
98,920;3;0;1,0000
98,920;5;0;1,0000
98,920;0;6;1,0000
98,920;4;-1;1,0000
98,920;-1;6;1,0000
98,920;0;7;1,0000
100,920;-2;-4;1,0000
100,920;-4;-1;3,0000
100,920;-1;-1;2,0000
100,920;-2;-3;2,0000
100,920;-3;-1;2,0000
100,920;-2;-1;3,0000
100,920;-5;-1;1,0000
100,920;-2;-2;2,0000
100,920;-2;-5;1,0000
100,920;-4;0;2,0000
100,920;-5;0;1,0000
100,920;-1;-2;1,0000
100,920;0;-5;1,0000
100,920;-3;0;2,0000
100,920;-2;0;2,0000
100,920;-4;1;1,0000
100,920;-1;-4;1,0000
100,920;-2;1;2,0000
100,920;-1;0;1,0000
100,920;-3;1;1,0000
100,920;1;1;1,0000
100,920;0;3;1,0000
100,920;0;0;3,0000
100,920;-1;1;1,0000
100,920;-1;2;1,0000
100,920;0;1;1,0000
100,920;4;0;1,0000
100,920;0;4;1,0000
100,920;1;0;1,0000
100,920;-1;3;1,0000
100,920;0;5;1,0000
100,920;-1;5;1,0000
100,920;4;2;1,0000
100,920;5;0;1,0000
100,920;6;1;2,0000
100,920;0;7;2,0000
100,920;6;2;1,0000
102,940;-2;-4;1,0000
102,940;-4;-1;2,0000
102,940;0;-4;2,0000
102,940;-2;-3;2,0000
102,940;-3;-1;3,0000
102,940;-2;-2;3,0000
102,940;-5;-1;1,0000
102,940;-2;-5;1,0000
102,940;-2;-1;3,0000
102,940;-1;-2;2,0000
102,940;-4;0;1,0000
102,940;-3;0;1,0000
102,940;-5;1;2,0000
102,940;-1;-3;1,0000
102,940;1;-1;1,0000
102,940;0;1;2,0000
102,940;-2;0;2,0000
102,940;-1;0;2,0000
102,940;0;-1;1,0000
102,940;2;0;2,0000
102,940;-1;-1;1,0000
102,940;-1;1;1,0000
102,940;0;2;1,0000
102,940;-1;2;1,0000
102,940;1;1;1,0000
102,940;2;1;1,0000
102,940;-1;4;1,0000
102,940;0;5;1,0000
102,940;3;2;1,0000
102,940;3;1;1,0000
102,940;3;0;1,0000
102,940;4;-1;1,0000
102,940;0;6;1,0000
102,940;5;1;1,0000
102,940;6;0;1,0000
102,940;0;7;1,0000
104,940;-2;-4;1,0000
104,940;-4;-1;2,0000
104,940;-2;-3;2,0000
104,940;-2;-1;2,0000
104,940;-2;-2;3,0000
104,940;-1;-3;2,0000
104,940;-5;-1;1,0000
104,940;-2;-5;1,0000
104,940;-3;-1;2,0000
104,940;-1;-2;2,0000
104,940;-4;0;1,0000
104,940;0;-5;1,0000
104,940;1;-4;1,0000
104,940;0;-2;1,0000
104,940;-1;-1;2,0000
104,940;0;-3;1,0000
104,940;-4;1;1,0000
104,940;0;-4;1,0000
104,940;-3;1;1,0000
104,940;0;0;2,0000
104,940;0;-1;1,0000
104,940;-2;0;1,0000
104,940;-1;0;1,0000
104,940;-1;2;2,0000
104,940;-1;1;1,0000
104,940;0;3;1,0000
104,940;1;1;1,0000
104,940;0;1;1,0000
104,940;1;0;2,0000
104,940;0;4;1,0000
104,940;3;1;1,0000
104,940;3;0;1,0000
104,940;-1;4;1,0000
104,940;4;0;1,0000
104,940;0;6;1,0000
104,940;-1;6;1,0000
104,940;-2;6;1,0000
104,940;4;1;1,0000
104,940;5;1;1,0000
104,940;6;0;1,0000
106,940;-2;-4;1,0000
106,940;-4;-1;1,0000
106,940;-2;-3;3,0000
106,940;-1;-2;2,0000
106,940;-2;-1;2,0000
106,940;-5;-1;1,0000
106,940;-2;-2;3,0000
106,940;-2;-5;1,0000
106,940;-3;-1;3,0000
106,940;-3;0;1,0000
106,940;1;-4;1,0000
106,940;-1;-4;1,0000
106,940;-2;0;3,0000
106,940;0;-3;2,0000
106,940;-5;1;1,0000
106,940;0;-5;1,0000
106,940;-4;2;1,0000
106,940;-4;1;1,0000
106,940;-1;1;3,0000
106,940;0;1;2,0000
106,940;-3;1;1,0000
106,940;-1;0;1,0000
106,940;1;1;1,0000
106,940;0;0;1,0000
106,940;1;0;1,0000
106,940;0;2;1,0000
106,940;-1;5;2,0000
106,940;-1;3;1,0000
106,940;2;1;2,0000
106,940;3;0;1,0000
106,940;0;4;1,0000
106,940;0;6;1,0000
106,940;4;1;1,0000
106,940;5;1;1,0000
106,940;5;-1;1,0000
106,940;-1;6;1,0000
106,940;6;0;1,0000
108,940;-2;-4;2,0000
108,940;-4;-1;3,0000
108,940;-2;-3;2,0000
108,940;-5;-1;1,0000
108,940;-3;-1;3,0000
108,940;-2;-2;2,0000
108,940;-4;0;2,0000
108,940;-2;-1;2,0000
108,940;-1;-3;1,0000
108,940;-4;1;2,0000
108,940;0;-4;1,0000
108,940;-2;0;2,0000
108,940;-1;-1;2,0000
108,940;-3;0;1,0000
108,940;0;-1;1,0000
108,940;0;1;1,0000
108,940;-1;-2;1,0000
108,940;-1;0;3,0000
108,940;-1;3;2,0000
108,940;-1;2;1,0000
108,940;0;0;1,0000
108,940;0;2;1,0000
108,940;0;4;1,0000
108,940;1;1;1,0000
108,940;2;1;1,0000
108,940;2;0;1,0000
108,940;-2;3;1,0000
108,940;4;-1;1,0000
108,940;0;5;1,0000
108,940;5;2;1,0000
108,940;4;1;1,0000
108,940;-1;5;1,0000
108,940;4;0;1,0000
108,940;5;1;1,0000
108,940;-1;6;1,0000
108,940;0;7;2,0000
108,940;5;0;1,0000
110,940;-2;-4;2,0000
110,940;-4;-1;2,0000
110,940;-2;-3;3,0000
110,940;-5;-1;1,0000
110,940;-2;-1;1,0000
110,940;-2;-2;2,0000
110,940;-3;-1;1,0000
110,940;-3;0;2,0000
110,940;-1;-2;2,0000
110,940;-4;0;1,0000
110,940;0;-4;1,0000
110,940;-2;1;1,0000
110,940;-5;0;1,0000
110,940;0;-3;1,0000
110,940;-1;1;1,0000
110,940;0;-2;1,0000
110,940;-2;0;2,0000
110,940;-4;1;1,0000
110,940;-1;-1;1,0000
110,940;0;1;2,0000
110,940;0;2;1,0000
110,940;-1;0;1,0000
110,940;0;0;1,0000
110,940;-3;1;1,0000
110,940;1;-1;1,0000
110,940;0;3;1,0000
110,940;2;2;1,0000
110,940;1;1;1,0000
110,940;-1;3;2,0000
110,940;1;0;1,0000
110,940;2;1;1,0000
110,940;0;4;1,0000
110,940;2;0;1,0000
110,940;0;5;1,0000
110,940;4;1;1,0000
110,940;-1;5;1,0000
110,940;-1;6;1,0000
110,940;5;0;1,0000
110,940;6;2;1,0000
110,940;-1;7;1,0000
110,940;6;-1;1,0000
110,940;6;1;1,0000
112,960;-2;-4;2,0000
112,960;-3;-1;4,0000
112,960;-2;-3;2,0000
112,960;-5;-1;1,0000
112,960;-1;-3;1,0000
112,960;-2;-1;1,0000
112,960;-2;-2;2,0000
112,960;-4;-1;1,0000
112,960;-4;1;1,0000
112,960;-1;-4;1,0000
112,960;-1;0;1,0000
112,960;-5;0;1,0000
112,960;0;-4;1,0000
112,960;0;-1;1,0000
112,960;-1;1;2,0000
112,960;-3;1;1,0000
112,960;-3;0;2,0000
112,960;-1;-1;1,0000
112,960;1;1;2,0000
112,960;0;1;2,0000
112,960;-1;2;2,0000
112,960;-2;0;2,0000
112,960;0;2;1,0000
112,960;0;0;1,0000
112,960;0;3;1,0000
112,960;0;4;1,0000
112,960;2;0;1,0000
112,960;4;2;1,0000
112,960;-1;5;1,0000
112,960;3;-1;1,0000
112,960;3;1;1,0000
112,960;0;6;2,0000
112,960;4;0;1,0000
112,960;5;1;1,0000
112,960;5;0;1,0000
112,960;0;7;1,0000
112,960;-2;7;1,0000
114,960;-2;-3;2,0000
114,960;-3;-1;3,0000
114,960;-2;-2;3,0000
114,960;-5;-1;1,0000
114,960;-2;-4;1,0000
114,960;-4;0;1,0000
114,960;-2;-1;2,0000
114,960;-4;-1;1,0000
114,960;-1;-2;1,0000
114,960;0;-4;1,0000
114,960;-2;0;3,0000
114,960;-5;1;1,0000
114,960;1;0;2,0000
114,960;-2;1;2,0000
114,960;-3;1;1,0000
114,960;-1;-3;1,0000
114,960;0;0;2,0000
114,960;0;1;1,0000
114,960;-1;0;1,0000
114,960;-1;1;1,0000
114,960;0;2;1,0000
114,960;2;1;1,0000
114,960;-1;3;1,0000
114,960;-1;-1;1,0000
114,960;1;1;1,0000
114,960;0;4;2,0000
114,960;3;1;1,0000
114,960;1;4;1,0000
114,960;2;0;1,0000
114,960;-2;4;1,0000
114,960;4;2;1,0000
114,960;-1;5;1,0000
114,960;3;0;1,0000
114,960;0;5;1,0000
114,960;4;1;1,0000
114,960;-1;6;1,0000
114,960;5;0;1,0000
114,960;0;7;1,0000
116,960;-2;-3;3,0000
116,960;-3;-1;3,0000
116,960;-5;-1;1,0000
116,960;-2;-4;1,0000
116,960;-2;-1;2,0000
116,960;-1;-3;1,0000
116,960;-4;-1;2,0000
116,960;-2;-2;2,0000
116,960;0;-3;1,0000
116,960;-3;0;1,0000
116,960;0;-2;2,0000
116,960;-4;1;1,0000
116,960;-5;2;1,0000
116,960;-5;0;1,0000
116,960;0;-1;2,0000
116,960;-3;1;1,0000
116,960;-1;-1;1,0000
116,960;-1;1;1,0000
116,960;0;1;2,0000
116,960;-1;0;2,0000
116,960;-2;0;1,0000
116,960;0;2;1,0000
116,960;1;1;2,0000
116,960;-1;2;1,0000
116,960;-2;1;1,0000
116,960;1;2;1,0000
116,960;-1;3;1,0000
116,960;0;0;1,0000
116,960;0;3;1,0000
116,960;2;1;1,0000
116,960;-1;4;1,0000
116,960;3;0;1,0000
116,960;0;4;1,0000
116,960;4;0;1,0000
116,960;-1;5;1,0000
116,960;6;0;1,0000
116,960;5;1;1,0000
116,960;6;2;1,0000
118,960;-2;-3;2,0000
118,960;-3;-1;3,0000
118,960;-2;-2;3,0000
118,960;-5;-1;1,0000
118,960;-2;-4;1,0000
118,960;-4;1;1,0000
118,960;-4;-1;2,0000
118,960;-3;0;2,0000
118,960;1;-4;1,0000
118,960;0;-4;1,0000
118,960;-1;-3;1,0000
118,960;-2;-1;3,0000
118,960;-1;0;1,0000
118,960;-1;-2;1,0000
118,960;-5;1;1,0000
118,960;-2;1;1,0000
118,960;0;0;2,0000
118,960;0;-1;2,0000
118,960;-1;-1;1,0000
118,960;-1;1;2,0000
118,960;0;2;2,0000
118,960;-2;0;1,0000
118,960;0;1;2,0000
118,960;-2;2;1,0000
118,960;1;0;1,0000
118,960;-1;2;1,0000
118,960;2;0;1,0000
118,960;3;1;1,0000
118,960;3;2;1,0000
118,960;0;3;1,0000
118,960;0;5;2,0000
118,960;-1;5;1,0000
118,960;-1;4;1,0000
118,960;-2;4;1,0000
118,960;4;0;1,0000
118,960;5;1;1,0000
118,960;0;6;1,0000
118,960;6;1;1,0000
118,960;-1;6;1,0000
120,960;-2;-3;2,0000
120,960;-2;-2;3,0000
120,960;-5;-1;2,0000
120,960;-2;-4;1,0000
120,960;-4;-1;2,0000
120,960;-3;-1;2,0000
120,960;-1;-2;2,0000
120,960;-4;0;1,0000
120,960;-3;0;2,0000
120,960;0;-4;1,0000
120,960;-5;2;1,0000
120,960;-4;1;1,0000
120,960;-1;-3;1,0000
120,960;0;-2;1,0000
120,960;-2;-1;2,0000
120,960;-2;0;2,0000
120,960;-2;1;1,0000
120,960;-1;0;3,0000
120,960;-5;1;1,0000
120,960;-1;-1;2,0000
120,960;-1;1;1,0000
120,960;0;0;2,0000
120,960;1;1;1,0000
120,960;0;1;1,0000
120,960;0;2;1,0000
120,960;0;3;1,0000
120,960;-1;2;2,0000
120,960;-2;2;1,0000
120,960;1;0;1,0000
120,960;1;2;1,0000
120,960;2;1;1,0000
120,960;0;4;1,0000
120,960;3;1;1,0000
120,960;-1;4;1,0000
120,960;4;0;1,0000
120,960;0;5;1,0000
120,960;-1;6;1,0000
120,960;5;1;1,0000
120,960;5;0;1,0000
120,960;6;-1;1,0000
122,980;-2;-4;2,0000
122,980;-1;-3;2,0000
122,980;-2;-2;3,0000
122,980;-2;-3;1,0000
122,980;-5;-1;2,0000
122,980;-4;-1;2,0000
122,980;-3;-1;3,0000
122,980;-1;-2;2,0000
122,980;-4;0;1,0000
122,980;-5;0;1,0000
122,980;0;-3;1,0000
122,980;-1;-4;1,0000
122,980;-3;0;2,0000
122,980;-4;1;1,0000
122,980;-2;-1;3,0000
122,980;0;-2;1,0000
122,980;-1;-1;3,0000
122,980;-1;0;2,0000
122,980;0;0;2,0000
122,980;-2;1;1,0000
122,980;0;1;3,0000
122,980;-1;1;1,0000
122,980;-2;0;1,0000
122,980;1;1;1,0000
122,980;-1;2;1,0000
122,980;1;0;1,0000
122,980;0;2;1,0000
122,980;-1;3;1,0000
122,980;2;1;1,0000
122,980;2;0;1,0000
122,980;4;0;2,0000
122,980;3;1;1,0000
122,980;-1;4;1,0000
122,980;0;5;1,0000
122,980;0;6;1,0000
122,980;-1;6;1,0000
122,980;4;1;1,0000
124,980;-2;-4;2,0000
124,980;-2;-2;4,0000
124,980;-2;-3;3,0000
124,980;-5;-1;2,0000
124,980;-4;-1;2,0000
124,980;-3;-1;2,0000
124,980;-4;0;1,0000
124,980;-1;-3;2,0000
124,980;0;-5;1,0000
124,980;-5;0;1,0000
124,980;-4;1;1,0000
124,980;-1;-5;1,0000
124,980;-1;-2;1,0000
124,980;-1;0;3,0000
124,980;-2;-1;2,0000
124,980;0;-1;2,0000
124,980;-2;0;1,0000
124,980;-3;0;1,0000
124,980;-1;-1;2,0000
124,980;1;-1;1,0000
124,980;-1;2;1,0000
124,980;0;-2;1,0000
124,980;-1;1;2,0000
124,980;0;0;1,0000
124,980;1;0;1,0000
124,980;1;1;2,0000
124,980;-2;2;1,0000
124,980;0;2;1,0000
124,980;0;3;1,0000
124,980;-1;4;1,0000
124,980;2;0;1,0000
124,980;3;-1;1,0000
124,980;3;0;1,0000
124,980;0;5;1,0000
124,980;-2;6;1,0000
124,980;6;1;1,0000
124,980;-1;7;1,0000
124,980;-1;5;1,0000
124,980;0;7;1,0000
124,980;0;6;1,0000
124,980;5;1;1,0000
124,980;6;-1;1,0000
124,980;6;0;1,0000
126,980;-2;-4;2,0000
126,980;-2;-2;3,0000
126,980;-2;-3;3,0000
126,980;-5;-1;1,0000
126,980;-4;-1;3,0000
126,980;-3;-1;3,0000
126,980;-1;-4;1,0000
126,980;-4;0;1,0000
126,980;0;-4;1,0000
126,980;-1;0;3,0000
126,980;-1;-3;1,0000
126,980;0;-3;1,0000
126,980;-1;-2;2,0000
126,980;-2;-1;2,0000
126,980;1;-4;1,0000
126,980;-1;-1;1,0000
126,980;1;-3;1,0000
126,980;-3;2;1,0000
126,980;-2;0;1,0000
126,980;0;-2;1,0000
126,980;-3;1;1,0000
126,980;-2;1;2,0000
126,980;-3;0;1,0000
126,980;-1;1;1,0000
126,980;0;2;1,0000
126,980;-1;2;1,0000
126,980;0;1;2,0000
126,980;0;-1;1,0000
126,980;0;3;1,0000
126,980;-2;4;1,0000
126,980;4;1;1,0000
126,980;-1;5;1,0000
126,980;-1;3;1,0000
126,980;0;4;2,0000
126,980;2;1;1,0000
126,980;3;-1;1,0000
126,980;4;0;1,0000
126,980;-1;6;1,0000
126,980;5;0;1,0000
126,980;5;1;1,0000
126,980;0;7;1,0000
126,980;-1;7;1,0000
126,980;5;2;1,0000
129,000;-2;-4;1,0000
129,000;-2;-2;3,0000
129,000;-2;-3;3,0000
129,000;-5;-1;2,0000
129,000;-4;-1;3,0000
129,000;-3;-1;4,0000
129,000;-4;1;2,0000
129,000;-1;-4;1,0000
129,000;-4;0;2,0000
129,000;-1;-2;2,0000
129,000;-2;-1;2,0000
129,000;0;-5;1,0000
129,000;-3;0;1,0000
129,000;-2;0;1,0000
129,000;0;0;2,0000
129,000;-2;1;2,0000
129,000;-1;0;1,0000
129,000;-3;1;1,0000
129,000;0;1;2,0000
129,000;-2;3;1,0000
129,000;2;1;1,0000
129,000;-1;2;1,0000
129,000;-1;1;2,0000
129,000;0;2;1,0000
129,000;1;0;1,0000
129,000;-1;3;1,0000
129,000;3;0;1,0000
129,000;3;1;1,0000
129,000;0;3;1,0000
129,000;-1;5;1,0000
129,000;2;2;1,0000
129,000;0;5;1,0000
129,000;-2;5;1,0000
129,000;5;1;2,0000
129,000;0;6;1,0000
129,000;5;0;1,0000
129,000;0;7;1,0000
129,000;-2;7;1,0000
129,000;-1;7;1,0000
129,000;6;0;1,0000
131,000;-2;-4;1,0000
131,000;-2;-1;3,0000
131,000;-2;-3;3,0000
131,000;-5;-1;2,0000
131,000;-3;0;2,0000
131,000;-4;0;1,0000
131,000;-3;-1;2,0000
131,000;-4;-1;3,0000
131,000;-1;-2;2,0000
131,000;-1;-3;1,0000
131,000;-2;-2;1,0000
131,000;-1;-5;1,0000
131,000;-5;0;1,0000
131,000;-2;0;2,0000
131,000;-4;1;1,0000
131,000;-5;1;1,0000
131,000;0;-1;2,0000
131,000;-2;1;1,0000
131,000;1;1;2,0000
131,000;-1;0;3,0000
131,000;-1;-1;1,0000
131,000;0;0;1,0000
131,000;-1;1;1,0000
131,000;1;0;1,0000
131,000;0;1;2,0000
131,000;-1;2;1,0000
131,000;0;2;1,0000
131,000;-2;2;1,0000
131,000;2;1;1,0000
131,000;0;3;1,0000
131,000;2;0;1,0000
131,000;0;4;1,0000
131,000;-2;5;1,0000
131,000;2;2;1,0000
131,000;-1;4;1,0000
131,000;4;0;1,0000
131,000;3;1;1,0000
131,000;-1;6;1,0000
131,000;5;1;1,0000
131,000;0;7;2,0000
131,000;5;0;1,0000
131,000;-1;7;1,0000
133,000;-2;-4;1,0000
133,000;-3;-1;3,0000
133,000;-2;-3;2,0000
133,000;-5;-1;1,0000
133,000;-3;1;2,0000
133,000;-4;-1;2,0000
133,000;-3;0;2,0000
133,000;-2;-2;3,0000
133,000;-1;-1;2,0000
133,000;0;-4;2,0000
133,000;-2;0;2,0000
133,000;-2;-1;1,0000
133,000;-1;0;2,0000
133,000;-1;-2;3,0000
133,000;-1;-4;1,0000
133,000;0;-3;1,0000
133,000;-5;0;1,0000
133,000;-4;0;1,0000
133,000;0;-2;1,0000
133,000;0;-1;1,0000
133,000;-1;1;1,0000
133,000;0;0;3,0000
133,000;1;1;2,0000
133,000;0;2;1,0000
133,000;-1;2;3,0000
133,000;1;0;1,0000
133,000;-1;3;1,0000
133,000;3;1;1,0000
133,000;0;4;1,0000
133,000;2;0;1,0000
133,000;0;5;1,0000
133,000;-1;4;1,0000
133,000;-1;5;1,0000
133,000;0;6;1,0000
133,000;5;0;1,0000
133,000;0;7;1,0000
135,000;-2;-4;2,0000
135,000;-4;0;2,0000
135,000;-5;0;1,0000
135,000;-3;-1;3,0000
135,000;-2;-3;1,0000
135,000;-4;-1;2,0000
135,000;-2;-2;2,0000
135,000;-2;-1;2,0000
135,000;-5;-1;1,0000
135,000;-1;-3;2,0000
135,000;-1;-2;1,0000
135,000;-3;1;2,0000
135,000;-2;0;2,0000
135,000;0;-5;1,0000
135,000;-1;-4;2,0000
135,000;0;-3;1,0000
135,000;-3;0;2,0000
135,000;-1;-1;1,0000
135,000;-4;1;1,0000
135,000;1;-3;1,0000
135,000;-1;1;2,0000
135,000;0;-2;1,0000
135,000;0;0;2,0000
135,000;-2;1;2,0000
135,000;-1;0;1,0000
135,000;0;1;2,0000
135,000;0;2;1,0000
135,000;-1;2;1,0000
135,000;-1;3;1,0000
135,000;0;3;1,0000
135,000;2;0;1,0000
135,000;0;5;1,0000
135,000;4;1;1,0000
135,000;-1;5;1,0000
135,000;3;0;1,0000
135,000;5;0;1,0000
135,000;5;1;1,0000
135,000;-1;6;1,0000
137,000;-2;-4;1,0000
137,000;-2;-3;2,0000
137,000;-3;-1;2,0000
137,000;-4;-1;2,0000
137,000;-2;-2;2,0000
137,000;-2;-1;2,0000
137,000;-5;-1;2,0000
137,000;-1;-4;2,0000
137,000;-3;0;3,0000
137,000;-1;-3;1,0000
137,000;-5;0;1,0000
137,000;-3;1;1,0000
137,000;0;-4;1,0000
137,000;-4;0;2,0000
137,000;0;-3;1,0000
137,000;-2;0;1,0000
137,000;-4;1;1,0000
137,000;-1;-1;1,0000
137,000;-2;1;1,0000
137,000;0;-2;1,0000
137,000;1;0;2,0000
137,000;-1;0;1,0000
137,000;-1;1;1,0000
137,000;0;0;2,0000
137,000;0;3;1,0000
137,000;1;1;1,0000
137,000;-1;2;1,0000
137,000;2;0;1,0000
137,000;2;1;1,0000
137,000;-1;4;1,0000
137,000;-2;5;1,0000
137,000;3;0;1,0000
137,000;5;1;2,0000
137,000;-1;6;1,0000
137,000;6;0;1,0000
137,000;6;1;1,0000
139,000;-2;-4;1,0000
139,000;-2;-3;2,0000
139,000;-3;-1;2,0000
139,000;-2;-2;2,0000
139,000;-4;-1;2,0000
139,000;-2;-1;1,0000
139,000;-4;0;1,0000
139,000;-3;1;1,0000
139,000;-5;0;2,0000
139,000;-3;0;1,0000
139,000;-1;-2;1,0000
139,000;-1;-4;1,0000
139,000;-4;1;1,0000
139,000;0;-4;1,0000
139,000;-2;0;2,0000
139,000;1;-2;1,0000
139,000;-1;-3;1,0000
139,000;-1;-1;2,0000
139,000;0;-2;1,0000
139,000;0;1;2,0000
139,000;-1;1;2,0000
139,000;-1;0;2,0000
139,000;-1;3;1,0000
139,000;0;0;1,0000
139,000;4;1;1,0000
139,000;0;3;1,0000
139,000;2;1;1,0000
139,000;3;0;1,0000
139,000;4;2;1,0000
139,000;0;6;1,0000
139,000;0;4;1,0000
139,000;-2;5;1,0000
139,000;5;-1;1,0000
139,000;-1;6;2,0000
139,000;5;0;1,0000
139,000;5;1;1,0000
139,000;-2;7;1,0000
141,000;-2;-4;1,0000
141,000;-2;-2;2,0000
141,000;-3;-1;3,0000
141,000;-2;-1;2,0000
141,000;-4;-1;2,0000
141,000;-4;0;2,0000
141,000;-3;1;1,0000
141,000;-2;-3;1,0000
141,000;-1;-4;1,0000
141,000;-5;0;1,0000
141,000;0;-3;1,0000
141,000;0;-5;1,0000
141,000;-4;1;1,0000
141,000;-1;0;1,0000
141,000;-3;0;2,0000
141,000;-1;-2;1,0000
141,000;-2;0;1,0000
141,000;-2;1;1,0000
141,000;-1;1;2,0000
141,000;2;1;1,0000
141,000;0;1;1,0000
141,000;0;0;1,0000
141,000;2;2;1,0000
141,000;0;4;1,0000
141,000;0;2;1,0000
141,000;-1;2;1,0000
141,000;2;0;1,0000
141,000;0;3;1,0000
141,000;3;0;1,0000
141,000;3;1;1,0000
141,000;-1;3;1,0000
141,000;-1;5;1,0000
141,000;4;0;1,0000
141,000;-1;6;1,0000
141,000;5;1;1,0000
141,000;5;0;1,0000
141,000;0;5;1,0000
141,000;0;6;1,0000
141,000;6;0;1,0000
141,000;6;1;1,0000
143,000;-2;-4;1,0000
143,000;-2;-2;2,0000
143,000;-3;-1;2,0000
143,000;-3;0;1,0000
143,000;-4;-1;1,0000
143,000;-2;-1;3,0000
143,000;-3;1;1,0000
143,000;-2;-3;1,0000
143,000;-5;-1;1,0000
143,000;-1;-3;1,0000
143,000;-5;1;1,0000
143,000;-1;-5;1,0000
143,000;-4;0;1,0000
143,000;-1;-2;1,0000
143,000;-5;0;1,0000
143,000;1;1;2,0000
143,000;-1;0;1,0000
143,000;-1;-1;2,0000
143,000;0;1;1,0000
143,000;0;2;1,0000
143,000;0;0;2,0000
143,000;-2;0;1,0000
143,000;1;0;1,0000
143,000;-1;1;1,0000
143,000;-1;2;1,0000
143,000;2;0;2,0000
143,000;-1;3;1,0000
143,000;2;1;1,0000
143,000;0;4;2,0000
143,000;4;0;1,0000
143,000;3;1;1,0000
143,000;-1;5;1,0000
143,000;0;5;1,0000
143,000;5;0;1,0000
143,000;7;1;1,0000
143,000;-1;6;1,0000
145,000;-2;-4;1,0000
145,000;-2;-2;1,0000
145,000;-2;-1;2,0000
145,000;-3;-1;2,0000
145,000;-4;-1;1,0000
145,000;-1;-3;2,0000
145,000;-3;0;2,0000
145,000;-2;-3;2,0000
145,000;-5;-1;1,0000
145,000;-1;-2;1,0000
145,000;0;-4;1,0000
145,000;-1;0;3,0000
145,000;-3;1;1,0000
145,000;-2;1;1,0000
145,000;-1;1;2,0000
145,000;0;-3;1,0000
145,000;0;-2;1,0000
145,000;0;1;2,0000
145,000;-1;-1;1,0000
145,000;-2;0;1,0000
145,000;1;1;1,0000
145,000;0;0;2,0000
145,000;0;2;2,0000
145,000;1;0;1,0000
145,000;-1;2;1,0000
145,000;2;0;1,0000
145,000;5;1;1,0000
145,000;-1;3;1,0000
145,000;5;2;1,0000
145,000;5;0;1,0000
145,000;-2;6;1,0000
145,000;0;7;1,0000
147,000;-2;-4;1,0000
147,000;-2;-2;3,0000
147,000;-1;-3;1,0000
147,000;-3;-1;2,0000
147,000;-4;-1;2,0000
147,000;-2;-3;1,0000
147,000;-1;-4;1,0000
147,000;-3;0;3,0000
147,000;-4;1;1,0000
147,000;-1;0;2,0000
147,000;-4;0;1,0000
147,000;0;-5;1,0000
147,000;-2;0;2,0000
147,000;0;-4;1,0000
147,000;-1;-2;1,0000
147,000;-2;-1;2,0000
147,000;0;1;1,0000
147,000;0;-1;1,0000
147,000;-1;-1;1,0000
147,000;-2;1;1,0000
147,000;1;1;1,0000
147,000;0;0;1,0000
147,000;3;1;1,0000
147,000;-1;1;1,0000
147,000;3;2;1,0000
147,000;3;0;1,0000
147,000;-1;3;1,0000
147,000;0;5;1,0000
147,000;-2;5;1,0000
147,000;4;1;2,0000
147,000;-1;4;1,0000
147,000;4;0;1,0000
147,000;-1;6;1,0000
147,000;0;6;1,0000
147,000;5;0;1,0000
147,000;0;7;2,0000
147,000;-1;7;1,0000
147,000;5;1;1,0000
149,000;-2;-4;1,0000
149,000;-2;-2;2,0000
149,000;-3;-1;3,0000
149,000;-4;-1;1,0000
149,000;-2;-3;1,0000
149,000;-5;-1;1,0000
149,000;-4;1;1,0000
149,000;-1;-1;2,0000
149,000;-1;-3;1,0000
149,000;-3;0;2,0000
149,000;-1;-4;1,0000
149,000;-5;1;1,0000
149,000;-2;-1;1,0000
149,000;0;0;2,0000
149,000;-4;0;1,0000
149,000;-2;0;1,0000
149,000;0;-2;1,0000
149,000;1;0;2,0000
149,000;-1;0;1,0000
149,000;0;2;1,0000
149,000;-1;1;1,0000
149,000;0;3;2,0000
149,000;-1;3;1,0000
149,000;1;1;1,0000
149,000;-1;2;1,0000
149,000;2;1;2,0000
149,000;-1;4;1,0000
149,000;3;0;1,0000
149,000;-1;5;1,0000
149,000;-2;5;1,0000
149,000;0;4;1,0000
149,000;4;1;1,0000
149,000;4;-1;1,0000
149,000;1;6;1,0000
149,000;0;7;1,0000
151,020;-2;-3;2,0000
151,020;-2;-2;2,0000
151,020;-2;-1;2,0000
151,020;-3;-1;2,0000
151,020;-4;-1;1,0000
151,020;-5;-1;1,0000
151,020;-1;-3;2,0000
151,020;-5;1;1,0000
151,020;-4;0;1,0000
151,020;0;0;3,0000
151,020;-2;0;1,0000
151,020;-1;0;1,0000
151,020;-2;2;2,0000
151,020;-1;-1;2,0000
151,020;-1;-2;1,0000
151,020;1;1;1,0000
151,020;-2;1;2,0000
151,020;0;-1;1,0000
151,020;-1;2;1,0000
151,020;-1;1;1,0000
151,020;0;3;1,0000
151,020;0;1;1,0000
151,020;0;2;1,0000
151,020;2;1;1,0000
151,020;1;0;1,0000
151,020;0;4;1,0000
151,020;-1;5;1,0000
151,020;-1;4;1,0000
151,020;-1;6;1,0000
151,020;0;5;1,0000
151,020;-2;5;1,0000
151,020;0;6;1,0000
153,020;-2;-4;1,0000
153,020;-2;-3;1,0000
153,020;-1;-3;1,0000
153,020;-2;-2;3,0000
153,020;-4;-1;2,0000
153,020;-5;-1;1,0000
153,020;-3;-1;2,0000
153,020;-1;-1;2,0000
153,020;-3;0;1,0000
153,020;-2;-1;1,0000
153,020;-4;1;2,0000
153,020;-1;-2;2,0000
153,020;-1;-4;1,0000
153,020;1;-1;1,0000
153,020;-1;0;3,0000
153,020;-2;0;2,0000
153,020;0;1;2,0000
153,020;-2;1;1,0000
153,020;-3;1;1,0000
153,020;0;0;1,0000
153,020;0;2;2,0000
153,020;-1;3;1,0000
153,020;-1;2;1,0000
153,020;-1;4;1,0000
153,020;-2;2;1,0000
153,020;0;3;1,0000
153,020;0;7;1,0000
153,020;1;6;1,0000
153,020;-1;7;2,0000
155,020;-2;-4;1,0000
155,020;-2;-3;1,0000
155,020;-1;-4;1,0000
155,020;-4;-1;2,0000
155,020;-2;-2;2,0000
155,020;-5;-1;1,0000
155,020;-3;-1;2,0000
155,020;-1;-3;1,0000
155,020;-1;-2;2,0000
155,020;-4;0;1,0000
155,020;1;-3;1,0000
155,020;-2;-1;2,0000
155,020;-2;0;1,0000
155,020;0;-2;1,0000
155,020;-4;1;1,0000
155,020;0;-1;1,0000
155,020;-3;0;1,0000
155,020;0;-4;1,0000
155,020;0;0;2,0000
155,020;-1;1;2,0000
155,020;-1;-1;1,0000
155,020;1;-1;1,0000
155,020;-1;0;1,0000
155,020;0;1;1,0000
155,020;0;4;1,0000
155,020;0;2;1,0000
155,020;-2;4;1,0000
155,020;-1;4;1,0000
155,020;-2;5;1,0000
155,020;1;5;1,0000
155,020;0;6;1,0000
157,020;-2;-4;1,0000
157,020;-2;-3;2,0000
157,020;-3;-1;2,0000
157,020;-2;-2;1,0000
157,020;-2;-1;2,0000
157,020;-5;-1;1,0000
157,020;-1;-5;1,0000
157,020;-1;-4;1,0000
157,020;-1;-3;1,0000
157,020;-4;-1;1,0000
157,020;-4;0;1,0000
157,020;-3;1;1,0000
157,020;0;-4;1,0000
157,020;0;-3;2,0000
157,020;-3;0;1,0000
157,020;-5;0;1,0000
157,020;0;-2;1,0000
157,020;-1;0;2,0000
157,020;1;-3;1,0000
157,020;-1;-2;1,0000
157,020;1;-2;1,0000
157,020;0;1;1,0000
157,020;0;-1;1,0000
157,020;-2;1;1,0000
157,020;-1;1;1,0000
157,020;-1;3;1,0000
157,020;0;4;2,0000
157,020;-1;5;1,0000
157,020;0;6;1,0000
157,020;-1;6;2,0000
157,020;0;7;2,0000
157,020;-1;7;1,0000
159,020;-2;-4;1,0000
159,020;-2;-2;2,0000
159,020;-3;-1;3,0000
159,020;-2;-1;1,0000
159,020;-5;-1;1,0000
159,020;-2;-3;1,0000
159,020;-4;-1;1,0000
159,020;-3;0;1,0000
159,020;0;-3;1,0000
159,020;0;-2;1,0000
159,020;-1;-3;1,0000
159,020;-1;-5;1,0000
159,020;0;-1;1,0000
159,020;0;-4;1,0000
159,020;-1;-1;1,0000
159,020;-1;-2;1,0000
159,020;-1;0;1,0000
159,020;0;2;1,0000
159,020;0;3;1,0000
159,020;-1;2;1,0000
159,020;0;4;1,0000
159,020;-1;3;1,0000
159,020;-2;3;1,0000
159,020;1;5;1,0000
159,020;0;5;1,0000
159,020;-1;4;1,0000
159,020;0;6;1,0000
159,020;0;7;1,0000
159,020;-2;6;1,0000
159,020;-1;7;1,0000
161,020;-2;-4;1,0000
161,020;-2;-2;1,0000
161,020;-3;0;2,0000
161,020;-2;-1;2,0000
161,020;-4;-1;1,0000
161,020;-3;-1;2,0000
161,020;-2;-3;1,0000
161,020;-5;1;1,0000
161,020;0;-4;1,0000
161,020;0;-3;1,0000
161,020;-1;-4;1,0000
161,020;0;-5;1,0000
161,020;-1;-3;1,0000
161,020;0;0;1,0000
161,020;0;1;1,0000
161,020;-1;-1;1,0000
161,020;0;2;1,0000
161,020;-1;0;1,0000
161,020;-2;1;1,0000
161,020;1;3;1,0000
161,020;0;3;1,0000
161,020;-1;1;1,0000
161,020;1;4;1,0000
161,020;0;5;1,0000
161,020;-1;3;1,0000
161,020;-1;4;1,0000
161,020;-1;6;1,0000
161,020;0;6;1,0000
161,020;-1;7;1,0000
163,020;-2;-3;1,0000
163,020;-2;-2;2,0000
163,020;-4;0;1,0000
163,020;-2;-1;2,0000
163,020;-5;1;1,0000
163,020;-4;-1;1,0000
163,020;-3;-1;2,0000
163,020;0;-2;1,0000
163,020;1;-1;1,0000
163,020;-1;-4;1,0000
163,020;0;0;1,0000
163,020;0;-3;1,0000
163,020;-1;-1;1,0000
163,020;1;0;1,0000
163,020;0;1;1,0000
163,020;-1;-3;1,0000
163,020;0;2;2,0000
163,020;-1;0;1,0000
163,020;-1;1;1,0000
163,020;-1;3;1,0000
163,020;0;3;1,0000
163,020;-1;4;1,0000
163,020;0;4;1,0000
163,020;0;6;1,0000
163,020;0;7;1,0000
163,020;-1;7;1,0000
165,020;-2;-3;1,0000
165,020;-2;-2;3,0000
165,020;-3;-1;2,0000
165,020;-4;0;1,0000
165,020;-4;-1;1,0000
165,020;-2;-1;1,0000
165,020;0;-4;1,0000
165,020;1;-3;1,0000
165,020;0;-2;1,0000
165,020;-1;-4;1,0000
165,020;1;-2;1,0000
165,020;0;-1;1,0000
165,020;1;0;1,0000
165,020;-1;0;1,0000
165,020;-1;-3;1,0000
165,020;-1;-2;1,0000
165,020;-2;1;1,0000
165,020;0;0;1,0000
165,020;-1;1;1,0000
165,020;0;2;1,0000
165,020;0;3;1,0000
165,020;0;4;1,0000
165,020;-1;4;1,0000
165,020;0;6;2,0000
165,020;-1;7;1,0000
167,020;-2;-3;2,0000
167,020;-3;-1;1,0000
167,020;-4;-1;1,0000
167,020;-1;-4;1,0000
167,020;-2;-2;1,0000
167,020;-2;-1;1,0000
167,020;-1;-3;1,0000
167,020;1;-5;1,0000
167,020;1;-4;1,0000
167,020;0;-3;2,0000
167,020;1;-3;1,0000
167,020;-1;-5;1,0000
167,020;-1;-1;1,0000
167,020;0;-2;1,0000
167,020;-1;-2;1,0000
167,020;0;-1;1,0000
167,020;0;1;1,0000
167,020;0;2;1,0000
167,020;-1;2;1,0000
167,020;0;3;1,0000
167,020;0;4;1,0000
167,020;-1;5;1,0000
167,020;-2;5;1,0000
167,020;0;6;1,0000
167,020;-1;7;1,0000
167,020;0;7;1,0000
169,020;-2;-3;1,0000
169,020;-2;-2;1,0000
169,020;-2;-1;2,0000
169,020;-3;-1;1,0000
169,020;-1;-2;1,0000
169,020;-1;-4;1,0000
169,020;0;-4;1,0000
169,020;0;-3;1,0000
169,020;0;-2;1,0000
169,020;0;0;1,0000
169,020;-1;0;1,0000
169,020;0;1;2,0000
169,020;-1;2;1,0000
169,020;-1;3;1,0000
169,020;0;3;1,0000
169,020;-1;4;1,0000
169,020;0;4;1,0000
169,020;-1;6;1,0000
169,020;-1;7;2,0000
169,020;0;7;2,0000
171,020;-2;-3;1,0000
171,020;-2;-2;1,0000
171,020;-2;0;1,0000
171,020;-3;-1;1,0000
171,020;-2;-1;1,0000
171,020;-1;-4;1,0000
171,020;0;-4;1,0000
171,020;0;-3;1,0000
171,020;-1;-2;1,0000
171,020;0;-2;2,0000
171,020;-1;-1;1,0000
171,020;-1;0;1,0000
171,020;0;1;1,0000
171,020;-1;1;1,0000
171,020;0;2;1,0000
171,020;-1;3;1,0000
171,020;-1;4;1,0000
171,020;0;5;1,0000
171,020;0;6;1,0000
171,020;-1;6;1,0000
173,020;-2;-3;1,0000
173,020;-2;-1;1,0000
173,020;-2;0;1,0000
173,020;-3;-1;1,0000
173,020;-3;0;1,0000
173,020;-1;-4;1,0000
173,020;0;-4;1,0000
173,020;0;-5;1,0000
173,020;0;-3;1,0000
173,020;-1;-3;1,0000
173,020;0;-2;1,0000
173,020;-1;-2;1,0000
173,020;0;-1;1,0000
173,020;-1;1;1,0000
173,020;-1;2;1,0000
173,020;0;3;1,0000
173,020;0;4;1,0000
173,020;-1;3;1,0000
173,020;0;5;1,0000
173,020;-1;6;1,0000
173,020;0;7;1,0000
175,020;-2;-2;1,0000
175,020;-2;-1;1,0000
175,020;-1;-1;2,0000
175,020;-3;-1;1,0000
175,020;0;-4;1,0000
175,020;-1;-4;1,0000
175,020;-1;0;1,0000
175,020;0;1;1,0000
175,020;0;2;1,0000
175,020;-1;1;1,0000
175,020;-1;2;1,0000
175,020;-1;5;1,0000
175,020;0;5;1,0000
177,020;-2;-2;1,0000
177,020;-3;0;1,0000
177,020;-1;-2;2,0000
177,020;-3;-1;1,0000
177,020;0;-4;1,0000
177,020;0;0;1,0000
177,020;1;0;1,0000
177,020;-2;-1;1,0000
177,020;-1;-1;1,0000
177,020;-1;3;1,0000
177,020;0;3;1,0000
179,020;-2;-2;1,0000
179,020;-5;0;1,0000
179,020;-1;-4;1,0000
179,020;-2;-1;1,0000
179,020;0;-4;1,0000
179,020;0;-2;1,0000
179,020;1;-1;1,0000
179,020;-1;-3;2,0000
179,020;-1;2;1,0000
179,020;0;1;1,0000
181,020;-2;-2;2,0000
181,020;-1;-3;1,0000
181,020;0;-3;1,0000
181,020;-1;-5;1,0000
181,020;-1;0;1,0000
181,020;0;-1;1,0000
183,040;-2;-2;1,0000
183,040;-1;-4;1,0000
183,040;-1;-1;1,0000
183,040;0;-3;1,0000
185,040;-2;-1;1,0000
185,040;-1;-3;1,0000
187,040;-4;0;1,0000
187,040;-1;-4;1,0000
