agentId;time;posX;posZ;speed
36;0,1200;-0,3352;-0,4055;0,0920
33;0,1200;0,0607;-0,1256;0,0710
36;0,2400;-0,3129;-0,4112;0,2679
34;0,2400;0,4964;-0,1509;0,0536
33;0,2400;0,0565;-0,1312;0,1152
36;0,3600;-0,2704;-0,4352;0,5024
34;0,3600;0,4919;-0,1560;0,0505
33;0,3600;0,0601;-0,1513;0,2175
31;0,3600;-0,3897;0,0959;0,1485
36;0,4800;-0,2177;-0,4915;0,7496
34;0,4800;0,4898;-0,1705;0,1801
33;0,4800;0,0605;-0,1856;0,2833
31;0,4800;-0,3965;0,0714;0,2830
36;0,6000;-0,1731;-0,5780;0,8713
34;0,6000;0,4877;-0,2032;0,3953
33;0,6000;0,0557;-0,2265;0,3998
31;0,6000;-0,3951;0,0296;0,4230
36;0,7200;-0,1384;-0,6873;1,0192
34;0,7200;0,4744;-0,2584;0,5723
33;0,7200;0,0388;-0,2760;0,4798
31;0,7200;-0,3837;-0,0296;0,5799
36;0,8400;-0,1169;-0,8202;1,1862
34;0,8400;0,4405;-0,3252;0,6502
33;0,8400;0,0010;-0,3432;0,7988
31;0,8400;-0,3629;-0,1032;0,6522
29;0,8400;0,3107;0,0793;0,3868
36;0,9600;-0,1102;-0,9781;1,3679
34;0,9600;0,3855;-0,3898;0,7091
33;0,9600;-0,0333;-0,4420;0,9784
31;0,9600;-0,3387;-0,1849;0,6695
29;0,9600;0,3120;0,0258;0,4964
34;1,0800;0,3194;-0,4539;0,7869
33;1,0800;-0,0468;-0,5639;1,0668
31;1,0800;-0,3240;-0,2603;0,5919
29;1,0800;0,3038;-0,0404;0,6533
26;1,0800;-0,0657;0,0409;0,5294
34;1,1800;0,2683;-0,5152;0,7965
33;1,1800;-0,0423;-0,6722;1,0552
31;1,1800;-0,3212;-0,3185;0,6050
29;1,1800;0,2862;-0,1048;0,7169
26;1,1800;-0,0552;-0,0040;0,4268
34;1,3000;0,2127;-0,6040;0,9822
33;1,3000;-0,0450;-0,8048;1,1461
31;1,3000;-0,3272;-0,3900;0,6333
29;1,3000;0,2606;-0,1852;0,7785
26;1,3000;-0,0460;-0,0559;0,4476
34;1,4200;0,1693;-0,7174;1,0758
33;1,4200;-0,0700;-0,9340;1,0113
31;1,4200;-0,3323;-0,4752;0,7237
29;1,4200;0,2413;-0,2795;0,8254
26;1,4200;-0,0466;-0,1088;0,4564
34;1,5200;0,1447;-0,8376;1,2932
33;1,5200;-0,0986;-1,0211;0,8891
31;1,5200;-0,3276;-0,5479;0,6843
29;1,5200;0,2304;-0,3631;0,8775
26;1,5200;-0,0568;-0,1567;0,4963
34;1,6400;0,1207;-0,9902;1,1798
31;1,6400;-0,3062;-0,6322;0,7107
29;1,6400;0,2245;-0,4597;0,7849
26;1,6400;-0,0758;-0,2130;0,5348
22;1,6400;0,2110;0,0681;0,6068
31;1,7400;-0,2769;-0,6988;0,7006
29;1,7400;0,2228;-0,5466;0,8736
26;1,7400;-0,0894;-0,2653;0,5306
22;1,7400;0,2025;0,0129;0,5161
20;1,7400;-0,3266;0,0634;0,6619
31;1,8600;-0,2387;-0,7764;0,7307
29;1,8600;0,2038;-0,6616;1,1013
26;1,8600;-0,0961;-0,3360;0,6732
22;1,8600;0,1926;-0,0470;0,5056
20;1,8600;-0,2790;-0,0098;0,6888
31;1,9600;-0,2114;-0,8505;0,8251
29;1,9600;0,1796;-0,7612;1,0101
26;1,9600;-0,0924;-0,4044;0,7536
22;1,9600;0,1857;-0,0932;0,4479
20;1,9600;-0,2548;-0,0672;0,5590
31;2,0800;-0,1931;-0,9490;0,8115
29;2,0800;0,1484;-0,8895;1,1319
28;2,0800;-0,4836;-0,2761;0,5857
26;2,0800;-0,0831;-0,5075;0,8847
22;2,0800;0,1923;-0,1555;0,5516
20;2,0800;-0,2265;-0,1270;0,5804
32;2,2000;-0,4506;-0,6629;0,6479
31;2,2000;-0,1848;-1,0567;0,9644
29;2,2000;0,1161;-1,0191;1,1552
28;2,2000;-0,4478;-0,3251;0,4308
26;2,2000;-0,0652;-0,6300;1,1196
22;2,2000;0,2130;-0,2215;0,4969
21;2,2000;0,4598;-0,4398;0,7410
20;2,2000;-0,1871;-0,1817;0,5931
15;2,2000;-0,0205;0,0664;0,3557
14;2,2000;0,3211;0,0926;0,5850
32;2,3200;-0,3981;-0,7059;0,5925
28;2,3200;-0,4313;-0,3586;0,2832
26;2,3200;-0,0405;-0,7822;1,4184
22;2,3200;0,2269;-0,2905;0,6812
21;2,3200;0,4202;-0,5241;0,7642
20;2,3200;-0,1447;-0,2306;0,5044
15;2,3200;-0,0395;0,0362;0,3506
14;2,3200;0,3068;0,0254;0,5367
32;2,4400;-0,3419;-0,7494;0,6324
28;2,4400;-0,4179;-0,3953;0,4130
26;2,4400;-0,0163;-0,9392;1,2836
22;2,4400;0,2301;-0,3644;0,5631
21;2,4400;0,3819;-0,6106;0,8395
20;2,4400;-0,1115;-0,2721;0,5056
15;2,4400;-0,0809;0,0020;0,5237
14;2,4400;0,2945;-0,0292;0,4097
32;2,5600;-0,2844;-0,8035;0,7192
28;2,5600;-0,3913;-0,4417;0,4845
26;2,5600;0,0138;-1,0804;1,1930
22;2,5600;0,2249;-0,4229;0,4060
21;2,5600;0,3392;-0,6957;0,7313
20;2,5600;-0,0972;-0,3234;0,4691
17;2,5600;-0,4805;-0,0227;0,2790
15;2,5600;-0,1176;-0,0379;0,3993
14;2,5600;0,2836;-0,0694;0,2989
32;2,6600;-0,2480;-0,8608;0,6434
28;2,6600;-0,3690;-0,4841;0,5105
22;2,6600;0,2213;-0,4650;0,4805
21;2,6600;0,2949;-0,7554;0,7882
20;2,6600;-0,0981;-0,3655;0,4040
17;2,6600;-0,4690;-0,0432;0,2353
15;2,6600;-0,1157;-0,0769;0,3760
14;2,6600;0,2828;-0,1098;0,4185
32;2,7800;-0,2102;-0,9403;0,7506
28;2,7800;-0,3359;-0,5418;0,6221
25;2,7800;0,4725;-0,6935;0,4533
22;2,7800;0,2204;-0,5132;0,3265
21;2,7800;0,2504;-0,8444;0,8485
20;2,7800;-0,1157;-0,4074;0,4089
17;2,7800;-0,4536;-0,0659;0,2971
15;2,7800;-0,0832;-0,1183;0,5159
14;2,7800;0,2913;-0,1712;0,5772
32;2,9000;-0,1712;-1,0195;0,8915
28;2,9000;-0,2977;-0,5991;0,4561
25;2,9000;0,4331;-0,7214;0,3651
22;2,9000;0,2040;-0,5512;0,4087
21;2,9000;0,2203;-0,9351;0,7599
20;2,9000;-0,1264;-0,4530;0,4091
17;2,9000;-0,4264;-0,0868;0,2877
15;2,9000;-0,0232;-0,1480;0,5663
14;2,9000;0,3041;-0,2315;0,5001
35;3,0000;-0,4896;-0,8211;0,4061
28;3,0000;-0,2784;-0,6511;0,5778
25;3,0000;0,4031;-0,7441;0,3465
22;3,0000;0,1816;-0,5867;0,4101
21;3,0000;0,2080;-1,0126;0,7976
20;3,0000;-0,1127;-0,4934;0,4108
17;3,0000;-0,4118;-0,1026;0,2173
15;3,0000;0,0134;-0,1753;0,3308
14;3,0000;0,3149;-0,2729;0,3802
10;3,0000;0,4239;0,0497;0,5045
35;3,1200;-0,4601;-0,8329;0,1578
28;3,1200;-0,2572;-0,7392;0,8381
25;3,1200;0,3675;-0,7574;0,2836
22;3,1200;0,1516;-0,6311;0,4868
20;3,1200;-0,0879;-0,5351;0,3919
17;3,1200;-0,4008;-0,1247;0,1798
15;3,1200;0,0313;-0,2090;0,2709
14;3,1200;0,3182;-0,3098;0,2445
10;3,1200;0,4260;-0,0092;0,4670
35;3,2400;-0,4457;-0,8529;0,2396
28;3,2400;-0,2028;-0,8332;0,9297
25;3,2400;0,3384;-0,7674;0,2104
22;3,2400;0,1246;-0,6870;0,5411
20;3,2400;-0,0680;-0,5621;0,1712
17;3,2400;-0,3856;-0,1463;0,2174
15;3,2400;0,0380;-0,2478;0,3422
14;3,2400;0,3045;-0,3379;0,2886
10;3,2400;0,4294;-0,0725;0,5133
35;3,3600;-0,4197;-0,8690;0,2901
28;3,3600;-0,1523;-0,9403;1,0860
25;3,3600;0,3173;-0,7921;0,2731
22;3,3600;0,1023;-0,7544;0,6589
20;3,3600;-0,0716;-0,6003;0,4161
17;3,3600;-0,3694;-0,1646;0,1575
15;3,3600;0,0319;-0,2861;0,2967
14;3,3600;0,2727;-0,3669;0,3828
10;3,3600;0,4214;-0,1221;0,3600
8;3,3600;-0,2366;0,0819;0,1670
7;3,3600;0,1159;0,0857;0,2261
35;3,4600;-0,3868;-0,8820;0,4174
28;3,4600;-0,1257;-1,0350;0,9518
25;3,4600;0,3046;-0,8151;0,3854
22;3,4600;0,0878;-0,8303;0,8800
20;3,4600;-0,0808;-0,6315;0,3299
17;3,4600;-0,3658;-0,1791;0,1495
15;3,4600;0,0231;-0,3117;0,2809
14;3,4600;0,2480;-0,3950;0,3625
10;3,4600;0,4083;-0,1516;0,3971
8;3,4600;-0,2186;0,0632;0,2976
7;3,4600;0,1357;0,0601;0,3662
35;3,5800;-0,3522;-0,9066;0,3968
25;3,5800;0,2902;-0,8494;0,3382
22;3,5800;0,0840;-0,9396;0,9753
20;3,5800;-0,0808;-0,6642;0,2531
17;3,5800;-0,3657;-0,1946;0,1311
15;3,5800;0,0119;-0,3366;0,2304
14;3,5800;0,2313;-0,4283;0,3041
10;3,5800;0,3956;-0,1745;0,2649
8;3,5800;-0,1915;0,0469;0,2884
7;3,5800;0,1716;0,0282;0,4690
35;3,7000;-0,3211;-0,9401;0,4327
25;3,7000;0,2636;-0,8829;0,3936
22;3,7000;0,0866;-1,0656;1,1553
20;3,7000;-0,0430;-0,6948;0,4498
17;3,7000;-0,3621;-0,2139;0,2452
15;3,7000;-0,0001;-0,3632;0,2235
14;3,7000;0,2302;-0,4525;0,1916
10;3,7000;0,3819;-0,1993;0,2726
8;3,7000;-0,1744;0,0348;0,1325
7;3,7000;0,2214;-0,0063;0,5417
35;3,8000;-0,2861;-0,9784;0,5974
25;3,8000;0,2329;-0,9122;0,4960
20;3,8000;-0,0038;-0,7240;0,4992
17;3,8000;-0,3598;-0,2373;0,2877
15;3,8000;-0,0103;-0,3824;0,2472
14;3,8000;0,2568;-0,4583;0,2688
10;3,8000;0,3762;-0,2300;0,3695
8;3,8000;-0,1727;0,0243;0,1427
7;3,8000;0,2399;-0,0314;0,2534
35;3,9200;-0,2411;-1,0465;0,7046
25;3,9200;0,1908;-0,9530;0,4432
20;3,9200;0,0365;-0,7612;0,4066
17;3,9200;-0,3653;-0,2785;0,4297
15;3,9200;-0,0237;-0,4142;0,3574
14;3,9200;0,2870;-0,4698;0,2221
10;3,9200;0,3772;-0,2576;0,0964
8;3,9200;-0,1831;-0,0002;0,2529
7;3,9200;0,2300;-0,0569;0,3014
25;4,0400;0,1654;-0,9967;0,4315
20;4,0400;0,0641;-0,7943;0,3206
17;4,0400;-0,3763;-0,3259;0,3759
15;4,0400;-0,0473;-0,4648;0,4786
14;4,0400;0,3089;-0,4733;0,1668
10;4,0400;0,3806;-0,2635;0,0091
8;4,0400;-0,1955;-0,0316;0,2880
7;4,0400;0,1953;-0,0894;0,4704
25;4,1600;0,1611;-1,0609;0,6170
20;4,1600;0,0834;-0,8375;0,3938
17;4,1600;-0,3814;-0,3684;0,3825
15;4,1600;-0,0713;-0,5173;0,4562
14;4,1600;0,3188;-0,4709;0,1704
10;4,1600;0,3846;-0,2606;0,1125
8;4,1600;-0,2038;-0,0658;0,3415
7;4,1600;0,1510;-0,1189;0,3903
20;4,2800;0,0875;-0,8821;0,4074
17;4,2800;-0,3768;-0,3975;0,2215
15;4,2800;-0,0779;-0,5557;0,3037
14;4,2800;0,3109;-0,4762;0,1759
10;4,2800;0,3845;-0,2655;0,0632
8;4,2800;-0,2042;-0,0990;0,2654
7;4,2800;0,1255;-0,1317;0,1160
20;4,3800;0,0689;-0,9288;0,5377
17;4,3800;-0,3621;-0,4152;0,3160
15;4,3800;-0,0615;-0,5783;0,3173
14;4,3800;0,2847;-0,4916;0,3363
10;4,3800;0,3848;-0,2701;0,1400
8;4,3800;-0,1933;-0,1235;0,2678
7;4,3800;0,1274;-0,1391;0,1865
20;4,5000;0,0287;-0,9998;0,7817
17;4,5000;-0,3301;-0,4462;0,3959
15;4,5000;-0,0279;-0,6046;0,4303
14;4,5000;0,2441;-0,5352;0,5909
13;4,5000;-0,4976;-0,2568;0,2883
10;4,5000;0,3865;-0,2866;0,1860
8;4,5000;-0,1733;-0,1486;0,2649
7;4,5000;0,1709;-0,1545;0,4429
19;4,6200;0,4953;-0,6643;0,2681
17;4,6200;-0,3113;-0,4721;0,2247
15;4,6200;0,0056;-0,6387;0,3484
14;4,6200;0,2022;-0,6053;0,8230
13;4,6200;-0,4821;-0,2858;0,3004
10;4,6200;0,3937;-0,3087;0,1388
8;4,6200;-0,1537;-0,1689;0,2299
7;4,6200;0,2228;-0,1745;0,3376
4;4,6200;0,3463;0,0920;0,3392
2;4,6200;-0,4700;0,0773;0,3192
19;4,7400;0,4529;-0,6785;0,4168
17;4,7400;-0,2930;-0,5036;0,3519
15;4,7400;-0,0111;-0,6616;0,0552
14;4,7400;0,1700;-0,6911;0,9011
13;4,7400;-0,4744;-0,3139;0,2184
10;4,7400;0,3998;-0,3405;0,3493
8;4,7400;-0,1393;-0,1862;0,2341
7;4,7400;0,2447;-0,2026;0,3194
4;4,7400;0,3696;0,0716;0,1703
2;4,7400;-0,4556;0,0444;0,3199
19;4,8600;0,4040;-0,7132;0,5512
17;4,8600;-0,2618;-0,5428;0,4227
15;4,8600;0,0732;-0,7221;1,6858
14;4,8600;0,1405;-0,7729;0,8481
13;4,8600;-0,4663;-0,3378;0,2389
10;4,8600;0,3938;-0,3682;0,2282
8;4,8600;-0,1387;-0,2151;0,2997
7;4,8600;0,2374;-0,2250;0,1985
4;4,8600;0,3744;0,0648;0,0829
2;4,8600;-0,4414;0,0116;0,2934
19;4,9800;0,3585;-0,7666;0,5981
17;4,9800;-0,2414;-0,5865;0,3656
15;4,9800;0,1053;-0,7215;0,4873
14;4,9800;0,0987;-0,8953;0,8033
13;4,9800;-0,4527;-0,3693;0,3066
10;4,9800;0,3936;-0,3899;0,0442
8;4,9800;-0,1454;-0,2553;0,3548
7;4,9800;0,2185;-0,2388;0,2384
4;4,9800;0,3602;0,0602;0,2076
2;4,9800;-0,4218;-0,0199;0,3210
19;5,1000;0,3112;-0,8268;0,6864
17;5,1000;-0,2355;-0,6332;0,4124
15;5,1000;0,1382;-0,7299;0,2888
14;5,1000;0,0586;-0,9651;0,8160
13;5,1000;-0,4390;-0,4023;0,2934
10;5,1000;0,4080;-0,4049;0,2271
8;5,1000;-0,1398;-0,2953;0,3017
7;5,1000;0,1892;-0,2685;0,3752
4;5,1000;0,3338;0,0562;0,2250
2;5,1000;-0,4063;-0,0539;0,2570
1;5,1000;-0,1163;0,0968;0,2329
19;5,2000;0,2857;-0,8977;1,1392
17;5,2000;-0,2383;-0,6730;0,3447
15;5,2000;0,1359;-0,7982;2,0094
14;5,2000;0,0343;-1,0541;1,0084
13;5,2000;-0,4334;-0,4300;0,2652
10;5,2000;0,4273;-0,4294;0,4104
8;5,2000;-0,1313;-0,3275;0,3021
7;5,2000;0,1716;-0,3063;0,4446
4;5,2000;0,3150;0,0521;0,1942
2;5,2000;-0,3956;-0,0838;0,3267
1;5,2000;-0,1145;0,0714;0,2849
19;5,3200;0,2173;-0,9593;0,6980
17;5,3200;-0,2356;-0,7267;0,4677
15;5,3200;0,1107;-0,8039;0,6288
13;5,3200;-0,4332;-0,4582;0,2095
10;5,3200;0,4527;-0,4642;0,3674
8;5,3200;-0,1245;-0,3610;0,2868
7;5,3200;0,1703;-0,3611;0,4927
4;5,3200;0,3023;0,0407;0,1537
2;5,3200;-0,3852;-0,1114;0,1795
1;5,3200;-0,1182;0,0394;0,2492
19;5,4400;0,1941;-1,0626;1,0235
17;5,4400;-0,2331;-0,7862;0,5081
15;5,4400;0,0935;-0,9017;0,8331
13;5,4400;-0,4414;-0,4806;0,1782
10;5,4400;0,4681;-0,4967;0,3039
8;5,4400;-0,1213;-0,3895;0,1936
7;5,4400;0,1789;-0,4145;0,3916
4;5,4400;0,2898;0,0184;0,2307
2;5,4400;-0,3799;-0,1250;0,0353
1;5,4400;-0,1221;0,0144;0,2055
17;5,5600;-0,2350;-0,8450;0,4364
15;5,5600;0,1091;-1,0386;0,7190
13;5,5600;-0,4587;-0,4927;0,0740
10;5,5600;0,4577;-0,5345;0,4311
8;5,5600;-0,1279;-0,4180;0,2109
7;5,5600;0,1984;-0,4660;0,4430
4;5,5600;0,2743;-0,0092;0,2389
2;5,5600;-0,3821;-0,1202;0,0888
1;5,5600;-0,1289;-0,0173;0,2896
23;5,6800;-0,4970;-0,8000;0,4807
17;5,6800;-0,2301;-0,8942;0,3960
13;5,6800;-0,4656;-0,5066;0,1084
10;5,6800;0,4237;-0,5806;0,5115
8;5,6800;-0,1349;-0,4413;0,1618
7;5,6800;0,2239;-0,4949;0,2374
4;5,6800;0,2638;-0,0427;0,2972
2;5,6800;-0,3900;-0,1211;0,0536
1;5,6800;-0,1367;-0,0541;0,2762
23;5,8000;-0,4307;-0,7954;0,6479
17;5,8000;-0,2150;-0,9488;0,5396
13;5,8000;-0,4639;-0,5111;0,0384
10;5,8000;0,3827;-0,6390;0,6493
8;5,8000;-0,1319;-0,4547;0,0478
7;5,8000;0,2319;-0,5191;0,2555
4;5,8000;0,2744;-0,0888;0,4318
2;5,8000;-0,3969;-0,1328;0,1744
1;5,8000;-0,1366;-0,0887;0,2765
23;5,9200;-0,3496;-0,8066;0,7416
17;5,9200;-0,1991;-1,0227;0,7543
13;5,9200;-0,4600;-0,5035;0,0024
10;5,9200;0,3288;-0,7119;0,8683
8;5,9200;-0,1354;-0,4623;0,1346
7;5,9200;0,2054;-0,5673;0,5823
4;5,9200;0,3128;-0,1383;0,5719
2;5,9200;-0,4001;-0,1423;0,0389
1;5,9200;-0,1259;-0,1230;0,3207
23;6,0200;-0,2726;-0,8286;0,8403
13;6,0200;-0,4589;-0,5101;0,1869
10;6,0200;0,2788;-0,7772;0,7511
8;6,0200;-0,1420;-0,4663;0,0522
7;6,0200;0,1668;-0,6130;0,6103
4;6,0200;0,3442;-0,1845;0,5348
2;6,0200;-0,3955;-0,1456;0,0983
1;6,0200;-0,1072;-0,1522;0,3560
23;6,1400;-0,1854;-0,8850;0,8233
13;6,1400;-0,4490;-0,5374;0,2815
10;6,1400;0,2352;-0,8491;0,6833
8;6,1400;-0,1437;-0,4819;0,1992
7;6,1400;0,1179;-0,6717;0,6449
4;6,1400;0,3650;-0,2410;0,4416
2;6,1400;-0,3881;-0,1485;0,0711
1;6,1400;-0,0847;-0,1845;0,2816
23;6,2600;-0,1353;-0,9383;0,5205
13;6,2600;-0,4434;-0,5584;0,1997
10;6,2600;0,1827;-0,9327;0,8513
8;6,2600;-0,1450;-0,5141;0,3426
7;6,2600;0,0850;-0,7159;0,3910
4;6,2600;0,3705;-0,2939;0,4713
2;6,2600;-0,3737;-0,1506;0,1052
1;6,2600;-0,0687;-0,2056;0,2139
0;6,2600;-0,3993;0,0902;0,1661
41;6,3800;0,1022;0,0933;0,2560
23;6,3800;-0,1064;-1,0072;0,7950
13;6,3800;-0,4436;-0,5778;0,1601
11;6,3800;0,4751;-0,4773;0,3975
10;6,3800;0,1623;-1,0432;1,0560
8;6,3800;-0,1354;-0,5559;0,4189
7;6,3800;0,0908;-0,7613;0,4199
4;6,3800;0,3649;-0,3494;0,3421
2;6,3800;-0,3632;-0,1623;0,2420
1;6,3800;-0,0558;-0,2297;0,2601
0;6,3800;-0,3886;0,0746;0,2062
41;6,5000;0,0989;0,0586;0,3924
13;6,5000;-0,4350;-0,5925;0,1931
11;6,5000;0,4547;-0,5127;0,3048
8;6,5000;-0,1091;-0,5911;0,4189
7;6,5000;0,1142;-0,8247;0,7333
4;6,5000;0,3486;-0,3906;0,4170
2;6,5000;-0,3499;-0,1855;0,2817
1;6,5000;-0,0433;-0,2585;0,3041
0;6,5000;-0,3744;0,0540;0,2671
41;6,6200;0,1049;0,0185;0,3460
13;6,6200;-0,4108;-0,5993;0,2437
11;6,6200;0,4373;-0,5523;0,7249
8;6,6200;-0,1005;-0,6299;0,3172
7;6,6200;0,1319;-0,9088;0,7164
4;6,6200;0,3251;-0,4258;0,4019
3;6,6200;0,4978;0,0849;0,1914
2;6,6200;-0,3236;-0,2107;0,3553
1;6,6200;-0,0414;-0,2874;0,2323
0;6,6200;-0,3559;0,0319;0,2456
41;6,7400;0,1239;-0,0247;0,4452
13;6,7400;-0,3753;-0,5917;0,2909
11;6,7400;0,4328;-0,6026;0,3381
8;6,7400;-0,1058;-0,6714;0,4159
7;6,7400;0,1204;-0,9899;0,6810
4;6,7400;0,3175;-0,4586;0,3170
3;6,7400;0,4962;0,0563;0,2810
2;6,7400;-0,2973;-0,2382;0,3032
1;6,7400;-0,0394;-0,3165;0,2896
0;6,7400;-0,3451;0,0069;0,2088
41;6,8400;0,1442;-0,0492;0,2748
13;6,8400;-0,3496;-0,5876;0,1980
11;6,8400;0,4172;-0,6471;0,7055
8;6,8400;-0,1045;-0,7135;0,4150
7;6,8400;0,0979;-1,0640;0,8892
4;6,8400;0,3303;-0,4551;1,1318
2;6,8400;-0,2817;-0,2588;0,2195
1;6,8400;-0,0302;-0,3414;0,2572
0;6,8400;-0,3449;-0,0095;0,1498
41;6,9600;0,1582;-0,0688;0,1777
13;6,9600;-0,3249;-0,6155;0,4275
11;6,9600;0,3988;-0,6952;0,4695
8;6,9600;-0,0983;-0,7720;0,5692
4;6,9600;0,3664;-0,4802;0,3991
2;6,9600;-0,2679;-0,2784;0,1699
1;6,9600;-0,0117;-0,3747;0,3886
0;6,9600;-0,3502;-0,0281;0,1636
41;7,0800;0,1673;-0,0905;0,2135
13;7,0800;-0,2965;-0,6585;0,4752
11;7,0800;0,3807;-0,7400;0,9720
8;7,0800;-0,0816;-0,8412;0,6918
4;7,0800;0,3833;-0,5147;1,6725
2;7,0800;-0,2546;-0,2865;0,1190
1;7,0800;0,0084;-0,4159;0,4138
0;7,0800;-0,3581;-0,0409;0,0947
41;7,2000;0,1692;-0,1216;0,3299
13;7,2000;-0,2637;-0,7093;0,6379
11;7,2000;0,3559;-0,7825;0,4332
8;7,2000;-0,0587;-0,9240;0,8656
4;7,2000;0,3646;-0,5745;0,4186
2;7,2000;-0,2430;-0,2944;0,1301
1;7,2000;0,0138;-0,4680;0,5403
0;7,2000;-0,3742;-0,0478;0,1672
42;7,3200;-0,0498;0,0954;0,2545
41;7,3200;0,1642;-0,1678;0,4541
13;7,3200;-0,2175;-0,7701;0,7526
11;7,3200;0,3162;-0,8242;0,5327
8;7,3200;-0,0357;-1,0267;0,9347
4;7,3200;0,3359;-0,6153;0,4459
2;7,3200;-0,2306;-0,3095;0,2145
1;7,3200;0,0054;-0,5210;0,4145
0;7,3200;-0,3913;-0,0586;0,1749
42;7,4400;-0,0805;0,0771;0,2871
41;7,4400;0,1381;-0,2170;0,4619
13;7,4400;-0,1724;-0,8463;0,7648
11;7,4400;0,2744;-0,8684;0,5577
4;7,4400;0,3224;-0,6617;0,4237
3;7,4400;0,4809;-0,0895;0,3663
2;7,4400;-0,1984;-0,3277;0,3096
1;7,4400;-0,0004;-0,5580;0,2175
0;7,4400;-0,4107;-0,0757;0,3342
42;7,5600;-0,0919;0,0503;0,3185
41;7,5600;0,1147;-0,2487;0,2496
13;7,5600;-0,1458;-0,9302;0,8500
11;7,5600;0,2351;-0,9180;0,5875
4;7,5600;0,3047;-0,7084;0,4100
3;7,5600;0,4409;-0,0951;0,2632
2;7,5600;-0,1865;-0,3549;0,3202
1;7,5600;0,0034;-0,5813;0,2710
0;7,5600;-0,4186;-0,0964;0,2042
42;7,6800;-0,0816;0,0235;0,2212
41;7,6800;0,1151;-0,2656;0,1748
13;7,6800;-0,1398;-1,0291;0,8058
11;7,6800;0,1921;-0,9731;0,5919
4;7,6800;0,2980;-0,7546;0,3830
3;7,6800;0,4179;-0,1024;0,1090
2;7,6800;-0,2015;-0,4009;0,5117
1;7,6800;0,0160;-0,6057;0,2788
0;7,6800;-0,4175;-0,1153;0,2028
42;7,8000;-0,0536;0,0054;0,2734
41;7,8000;0,1243;-0,2782;0,1050
11;7,8000;0,1777;-1,0484;0,6086
4;7,8000;0,3071;-0,7948;0,2589
3;7,8000;0,4123;-0,1144;0,1420
2;7,8000;-0,2073;-0,4583;0,4420
1;7,8000;0,0348;-0,6452;0,4571
0;7,8000;-0,4073;-0,1381;0,2068
42;7,9200;-0,0265;-0,0110;0,2563
41;7,9200;0,1270;-0,2877;0,0743
4;7,9200;0,3131;-0,8140;0,0971
3;7,9200;0,4223;-0,1336;0,1881
2;7,9200;-0,1971;-0,5043;0,3073
1;7,9200;0,0398;-0,7103;0,5003
0;7,9200;-0,3888;-0,1596;0,2347
42;8,0200;-0,0092;-0,0272;0,2195
41;8,0200;0,1259;-0,3017;0,1770
4;8,0200;0,3070;-0,8263;0,1951
3;8,0200;0,4388;-0,1563;0,2841
2;8,0200;-0,1826;-0,5339;0,3147
1;8,0200;0,0357;-0,7648;0,5738
0;8,0200;-0,3690;-0,1709;0,2104
45;8,1400;-0,3549;0,0998;0,1312
42;8,1400;-0,0031;-0,0495;0,2065
41;8,1400;0,1184;-0,3316;0,2699
18;8,1400;-0,4884;-0,4511;0,5394
4;8,1400;0,2753;-0,8500;0,4436
3;8,1400;0,4453;-0,1861;0,3026
2;8,1400;-0,1849;-0,5708;0,2870
1;8,1400;0,0176;-0,8440;0,8380
0;8,1400;-0,3482;-0,1707;0,1793
45;8,2600;-0,3460;0,0931;0,0721
42;8,2600;-0,0049;-0,0648;0,0860
41;8,2600;0,0985;-0,3698;0,4074
18;8,2600;-0,4335;-0,4552;0,4462
4;8,2600;0,2258;-0,8796;0,5617
3;8,2600;0,4193;-0,2224;0,4428
2;8,2600;-0,1903;-0,6207;0,4937
1;8,2600;-0,0189;-0,9383;0,8302
0;8,2600;-0,3283;-0,1687;0,1811
45;8,3800;-0,3370;0,0923;0,0906
42;8,3800;-0,0089;-0,0742;0,0226
41;8,3800;0,0695;-0,4034;0,3808
37;8,3800;-0,4861;-0,8115;0,1051
18;8,3800;-0,3942;-0,4720;0,3277
4;8,3800;0,1852;-0,9354;0,6087
3;8,3800;0,3926;-0,2683;0,2848
2;8,3800;-0,1804;-0,6888;0,5435
1;8,3800;-0,0498;-1,0385;0,9535
0;8,3800;-0,3065;-0,1666;0,1857
45;8,5000;-0,3295;0,0909;0,0309
42;8,5000;-0,0101;-0,0824;0,0734
41;8,5000;0,0437;-0,4287;0,2684
37;8,5000;-0,4725;-0,8176;0,1334
18;8,5000;-0,3609;-0,4997;0,3763
4;8,5000;0,1524;-1,0005;0,5636
3;8,5000;0,3586;-0,2769;0,2708
2;8,5000;-0,1681;-0,7591;0,5816
0;8,5000;-0,2918;-0,1732;0,0904
45;8,6200;-0,3258;0,0806;0,0497
42;8,6200;-0,0035;-0,0963;0,1501
41;8,6200;0,0328;-0,4612;0,3077
37;8,6200;-0,4549;-0,8248;0,1929
27;8,6200;0,4684;-0,5812;0,4409
18;8,6200;-0,3254;-0,5244;0,3514
4;8,6200;0,1277;-1,0798;0,7563
3;8,6200;0,3329;-0,2860;0,2240
2;8,6200;-0,1632;-0,8439;0,6719
0;8,6200;-0,2926;-0,1825;0,0622
45;8,7400;-0,3248;0,0638;0,1173
42;8,7400;0,0169;-0,1092;0,2002
41;8,7400;0,0389;-0,5110;0,4711
37;8,7400;-0,4279;-0,8315;0,3267
27;8,7400;0,4223;-0,5954;0,4118
18;8,7400;-0,2828;-0,5435;0,4227
3;8,7400;0,3131;-0,3038;0,1770
2;8,7400;-0,1560;-0,9305;0,7226
0;8,7400;-0,2989;-0,1923;0,0766
45;8,8400;-0,3225;0,0484;0,1732
42;8,8400;0,0377;-0,1183;0,2435
41;8,8400;0,0644;-0,5654;0,6836
37;8,8400;-0,4008;-0,8384;0,2793
27;8,8400;0,3916;-0,6175;0,3722
18;8,8400;-0,2473;-0,5552;0,3455
3;8,8400;0,3043;-0,3227;0,1781
2;8,8400;-0,1553;-0,9943;0,5366
0;8,8400;-0,3084;-0,2013;0,1744
45;8,9600;-0,3157;0,0401;0,1146
42;8,9600;0,0599;-0,1240;0,1693
41;8,9600;0,0767;-0,6478;0,6219
37;8,9600;-0,3614;-0,8566;0,3790
27;8,9600;0,3618;-0,6461;0,3544
18;8,9600;-0,2077;-0,5627;0,3191
3;8,9600;0,3128;-0,3505;0,2607
2;8,9600;-0,1673;-1,0624;0,7769
0;8,9600;-0,3239;-0,2117;0,1466
45;9,0800;-0,3052;0,0349;0,0988
42;9,0800;0,0747;-0,1263;0,1284
41;9,0800;0,0854;-0,7347;0,7694
37;9,0800;-0,3173;-0,8829;0,4158
27;9,0800;0,3770;-0,6965;0,3418
18;9,0800;-0,1763;-0,5742;0,2140
3;9,0800;0,3174;-0,3800;0,2511
0;9,0800;-0,3327;-0,2221;0,1000
45;9,2000;-0,2935;0,0353;0,1042
42;9,2000;0,0805;-0,1319;0,0613
41;9,2000;0,0959;-0,8314;0,8545
37;9,2000;-0,2744;-0,9203;0,4520
27;9,2000;0,3730;-0,7396;0,3219
18;9,2000;-0,1559;-0,5924;0,2125
3;9,2000;0,2942;-0,4085;0,3827
0;9,2000;-0,3373;-0,2362;0,1703
45;9,3200;-0,2806;0,0324;0,1140
42;9,3200;0,0784;-0,1478;0,1596
41;9,3200;0,1034;-0,9340;0,9269
37;9,3200;-0,2402;-0,9580;0,3861
27;9,3200;0,3549;-0,7749;0,3562
18;9,3200;-0,1355;-0,6243;0,3624
3;9,3200;0,2465;-0,4378;0,4932
0;9,3200;-0,3353;-0,2568;0,1869
45;9,4400;-0,2663;0,0231;0,1849
42;9,4400;0,0633;-0,1706;0,2902
41;9,4400;0,1044;-1,0482;0,9691
37;9,4400;-0,2121;-1,0014;0,4425
27;9,4400;0,3155;-0,8050;0,4672
18;9,4400;-0,1210;-0,6689;0,4152
3;9,4400;0,2021;-0,4712;0,3979
0;9,4400;-0,3276;-0,2788;0,2001
48;9,5600;0,4917;0,0449;0,3319
45;9,5600;-0,2537;0,0054;0,2035
42;9,5600;0,0452;-0,1964;0,2665
37;9,5600;-0,1821;-1,0486;0,4397
27;9,5600;0,2599;-0,8412;0,6106
18;9,5600;-0,1173;-0,7227;0,4870
3;9,5600;0,1980;-0,5107;0,3383
0;9,5600;-0,3165;-0,3106;0,3174
48;9,6600;0,4747;0,0191;0,3120
45;9,6600;-0,2471;-0,0113;0,2066
42;9,6600;0,0377;-0,2231;0,2506
37;9,6600;-0,1565;-1,0984;0,5360
27;9,6600;0,2136;-0,8823;0,6106
18;9,6600;-0,1215;-0,7717;0,4748
3;9,6600;0,2149;-0,5435;0,3579
0;9,6600;-0,3140;-0,3477;0,3602
48;9,7800;0,4650;-0,0066;0,1796
45;9,7800;-0,2442;-0,0318;0,1834
42;9,7800;0,0391;-0,2590;0,3116
27;9,7800;0,1681;-0,9464;0,7176
18;9,7800;-0,1234;-0,8291;0,4685
6;9,7800;0,4576;-0,3562;0,3253
3;9,7800;0,2118;-0,5799;0,3750
0;9,7800;-0,3240;-0,3987;0,5341
48;9,9000;0,4703;-0,0206;0,1057
45;9,9000;-0,2400;-0,0476;0,1210
42;9,9000;0,0489;-0,2888;0,2135
27;9,9000;0,1578;-1,0410;0,8665
18;9,9000;-0,1220;-0,8780;0,4475
6;9,9000;0,4331;-0,3850;0,3921
3;9,9000;0,1733;-0,6245;0,6088
0;9,9000;-0,3379;-0,4569;0,4947
50;10,0200;0,2253;0,0936;0,1124
48;10,0200;0,4787;-0,0355;0,1326
45;10,0200;-0,2291;-0,0618;0,1463
42;10,0200;0,0615;-0,3145;0,2237
18;10,0200;-0,1241;-0,9324;0,5560
6;10,0200;0,4177;-0,4356;0,4842
3;10,0200;0,1620;-0,6661;0,5034
0;10,0200;-0,3533;-0,5150;0,5380
50;10,1400;0,2247;0,0800;0,1324
48;10,1400;0,4826;-0,0568;0,2513
45;10,1400;-0,2129;-0,0762;0,2386
42;10,1400;0,0795;-0,3310;0,2127
18;10,1400;-0,1403;-1,0013;0,6288
6;10,1400;0,3990;-0,4918;0,5461
3;10,1400;0,1660;-0,7405;0,7776
0;10,1400;-0,3723;-0,5762;0,5851
50;10,2600;0,2282;0,0624;0,1877
48;10,2600;0,4854;-0,0759;0,1953
45;10,2600;-0,1948;-0,0929;0,2211
42;10,2600;0,0913;-0,3382;0,1574
18;10,2600;-0,1471;-1,0652;0,5637
6;10,2600;0,3743;-0,5321;0,3769
5;10,2600;-0,4983;-0,3785;0,4235
3;10,2600;0,1740;-0,8296;0,8497
0;10,2600;-0,3797;-0,6306;0,4975
50;10,3600;0,2310;0,0451;0,1417
48;10,3600;0,4865;-0,0917;0,1213
45;10,3600;-0,1830;-0,1080;0,1266
42;10,3600;0,0889;-0,3527;0,1347
6;10,3600;0,3457;-0,5565;0,3613
5;10,3600;-0,4817;-0,4077;0,2668
3;10,3600;0,1702;-0,9214;0,8592
0;10,3600;-0,3706;-0,6719;0,3724
50;10,4800;0,2261;0,0226;0,1653
48;10,4800;0,4816;-0,1128;0,1619
45;10,4800;-0,1836;-0,1272;0,1236
42;10,4800;0,0763;-0,3686;0,1234
6;10,4800;0,3003;-0,5949;0,5719
5;10,4800;-0,4655;-0,4389;0,2833
3;10,4800;0,1544;-1,0226;0,7794
0;10,4800;-0,3444;-0,7085;0,3730
50;10,6000;0,2101;0,0048;0,2492
48;10,6000;0,4650;-0,1332;0,2587
45;10,6000;-0,1947;-0,1451;0,2113
42;10,6000;0,0726;-0,3815;0,0817
6;10,6000;0,2675;-0,6677;0,6996
5;10,6000;-0,4576;-0,4653;0,2402
0;10,6000;-0,3070;-0,7362;0,4505
50;10,7200;0,1822;-0,0138;0,3026
48;10,7200;0,4424;-0,1550;0,2724
45;10,7200;-0,2109;-0,1612;0,1779
42;10,7200;0,0717;-0,3921;0,1124
6;10,7200;0,2510;-0,7508;0,7325
5;10,7200;-0,4569;-0,4944;0,2114
0;10,7200;-0,2625;-0,7711;0,4716
56;10,8400;-0,1070;0,0953;0,4776
50;10,8400;0,1477;-0,0303;0,3049
48;10,8400;0,4188;-0,1780;0,3349
45;10,8400;-0,2242;-0,1737;0,1861
42;10,8400;0,0704;-0,4193;0,3789
6;10,8400;0,2170;-0,8400;0,8089
5;10,8400;-0,4516;-0,5207;0,2484
0;10,8400;-0,2148;-0,8191;0,5387
56;10,9600;-0,1438;0,0738;0,3336
50;10,9600;0,1209;-0,0391;0,1685
48;10,9600;0,3932;-0,2013;0,2620
45;10,9600;-0,2393;-0,1840;0,1349
42;10,9600;0,0648;-0,4772;0,5082
6;10,9600;0,1787;-0,9140;0,6149
5;10,9600;-0,4415;-0,5600;0,3916
0;10,9600;-0,1796;-0,8756;0,6218
56;11,0800;-0,1691;0,0555;0,1929
50;11,0800;0,1032;-0,0486;0,1207
48;11,0800;0,3669;-0,2245;0,2388
45;11,0800;-0,2479;-0,1950;0,0894
42;11,0800;0,0576;-0,5477;0,7020
6;11,0800;0,1451;-0,9733;0,5487
5;11,0800;-0,4228;-0,6125;0,4696
0;11,0800;-0,1582;-0,9452;0,5776
56;11,1800;-0,1820;0,0376;0,2140
50;11,1800;0,0911;-0,0587;0,1705
48;11,1800;0,3549;-0,2398;0,1570
45;11,1800;-0,2473;-0,2087;0,1623
42;11,1800;0,0502;-0,6242;0,7476
6;11,1800;0,1326;-1,0475;0,8922
5;11,1800;-0,4019;-0,6501;0,3931
0;11,1800;-0,1528;-1,0121;0,7145
56;11,3000;-0,1940;0,0127;0,2534
50;11,3000;0,0849;-0,0756;0,1799
48;11,3000;0,3470;-0,2633;0,2768
45;11,3000;-0,2382;-0,2291;0,2536
42;11,3000;0,0527;-0,7172;0,7995
5;11,3000;-0,3721;-0,6810;0,2901
62;11,4200;0,4171;0,0720;0,2311
56;11,4200;-0,1981;-0,0094;0,1491
50;11,4200;0,0924;-0,0976;0,2276
48;11,4200;0,3428;-0,2999;0,3410
45;11,4200;-0,2102;-0,2557;0,3585
42;11,4200;0,0466;-0,8250;1,0154
9;11,4200;-0,4983;-0,3398;0,2518
5;11,4200;-0,3405;-0,7019;0,3159
62;11,5400;0,4045;0,0467;0,2029
56;11,5400;-0,1889;-0,0321;0,2620
50;11,5400;0,1202;-0,1282;0,4261
48;11,5400;0,3570;-0,3439;0,3571
45;11,5400;-0,1625;-0,2886;0,5043
42;11,5400;0,0130;-0,9506;1,0507
9;11,5400;-0,4685;-0,3680;0,3690
5;11,5400;-0,3086;-0,7156;0,2263
62;11,6600;0,3927;0,0258;0,1487
56;11,6600;-0,1668;-0,0621;0,3737
50;11,6600;0,1573;-0,1686;0,5007
48;11,6600;0,3798;-0,3803;0,2755
45;11,6600;-0,1104;-0,3275;0,5540
42;11,6600;-0,0204;-1,0677;1,0088
24;11,6600;0,4963;-0,8567;0,3814
9;11,6600;-0,4398;-0,4060;0,3868
5;11,6600;-0,2756;-0,7402;0,5117
62;11,7800;0,3830;0,0119;0,0903
56;11,7800;-0,1401;-0,1001;0,4054
50;11,7800;0,1885;-0,2078;0,4040
48;11,7800;0,3865;-0,4084;0,1673
45;11,7800;-0,0727;-0,3843;0,5765
24;11,7800;0,4375;-0,8449;0,5466
9;11,7800;-0,4203;-0,4418;0,3283
5;11,7800;-0,2161;-0,8074;0,8646
62;11,9000;0,3723;0,0017;0,1619
56;11,9000;-0,1134;-0,1429;0,4143
50;11,9000;0,1962;-0,2475;0,2943
48;11,9000;0,3787;-0,4233;0,2263
45;11,9000;-0,0529;-0,4424;0,5152
24;11,9000;0,3744;-0,8263;0,5795
9;11,9000;-0,4040;-0,4807;0,3656
5;11,9000;-0,1781;-0,9025;0,9238
62;12,0000;0,3594;-0,0103;0,1656
61;12,0000;0,0956;0,0852;0,1567
59;12,0000;-0,4289;0,0828;0,2794
56;12,0000;-0,0937;-0,1803;0,4036
50;12,0000;0,1864;-0,2720;0,2265
48;12,0000;0,3638;-0,4461;0,2886
45;12,0000;-0,0470;-0,4865;0,4515
24;12,0000;0,3256;-0,8266;0,4783
9;12,0000;-0,3872;-0,5133;0,3642
5;12,0000;-0,1572;-0,9959;1,0024
62;12,1200;0,3443;-0,0296;0,1792
61;12,1200;0,0929;0,0638;0,1849
59;12,1200;-0,4136;0,0474;0,3428
56;12,1200;-0,0821;-0,2117;0,1318
50;12,1200;0,1709;-0,2988;0,2460
48;12,1200;0,3410;-0,4789;0,2991
45;12,1200;-0,0427;-0,5424;0,4669
24;12,1200;0,2738;-0,8498;0,4826
9;12,1200;-0,3616;-0,5580;0,4139
62;12,2400;0,3414;-0,0522;0,2306
61;12,2400;0,0944;0,0386;0,1948
59;12,2400;-0,4139;-0,0032;0,4071
56;12,2400;-0,0924;-0,2341;0,1745
50;12,2400;0,1502;-0,3248;0,2761
48;12,2400;0,3179;-0,5132;0,3595
45;12,2400;-0,0396;-0,6152;0,6292
24;12,2400;0,2319;-0,9002;0,5633
9;12,2400;-0,3471;-0,6033;0,3322
62;12,3600;0,3483;-0,0807;0,2758
61;12,3600;0,0951;0,0091;0,2530
59;12,3600;-0,4394;-0,0518;0,4244
56;12,3600;-0,1149;-0,2519;0,2533
50;12,3600;0,1268;-0,3492;0,3073
48;12,3600;0,2925;-0,5502;0,3364
45;12,3600;-0,0389;-0,6986;0,6741
24;12,3600;0,2076;-0,9668;0,5699
9;12,3600;-0,3409;-0,6409;0,3528
66;12,4800;-0,1386;0,0763;0,2570
62;12,4800;0,3582;-0,1125;0,2253
61;12,4800;0,0924;-0,0247;0,3126
59;12,4800;-0,4757;-0,0837;0,4142
56;12,4800;-0,1390;-0,2700;0,1926
50;12,4800;0,1039;-0,3825;0,3429
48;12,4800;0,2711;-0,5855;0,3369
45;12,4800;-0,0361;-0,7823;0,7735
24;12,4800;0,1972;-1,0356;0,5689
9;12,4800;-0,3259;-0,6736;0,2963
66;12,6000;-0,1505;0,0475;0,2678
62;12,6000;0,3582;-0,1473;0,3122
61;12,6000;0,0782;-0,0655;0,4000
56;12,6000;-0,1504;-0,2822;0,1050
50;12,6000;0,0875;-0,4191;0,2859
48;12,6000;0,2518;-0,6199;0,3312
45;12,6000;-0,0425;-0,8717;0,7467
24;12,6000;0,1916;-1,0984;0,5060
9;12,6000;-0,3053;-0,7014;0,3241
66;12,7200;-0,1607;0,0203;0,2062
62;12,7200;0,3448;-0,1850;0,3302
61;12,7200;0,0583;-0,1050;0,3261
56;12,7200;-0,1520;-0,2963;0,1084
50;12,7200;0,0783;-0,4506;0,2345
48;12,7200;0,2338;-0,6545;0,3467
45;12,7200;-0,0534;-0,9639;0,7432
9;12,7200;-0,2749;-0,7296;0,3954
66;12,8200;-0,1662;0,0045;0,1316
62;12,8200;0,3235;-0,2112;0,3375
61;12,8200;0,0470;-0,1318;0,2979
60;12,8200;0,4491;0,0812;0,3560
56;12,8200;-0,1545;-0,3134;0,2433
50;12,8200;0,0753;-0,4718;0,2156
48;12,8200;0,2206;-0,6877;0,4103
45;12,8200;-0,0767;-1,0554;1,0684
44;12,8200;0,4850;-0,4577;0,2621
9;12,8200;-0,2360;-0,7573;0,5367
66;12,9400;-0,1598;-0,0101;0,2128
62;12,9400;0,3006;-0,2321;0,2811
61;12,9400;0,0418;-0,1604;0,3131
60;12,9400;0,4383;0,0354;0,4625
59;12,9400;-0,4843;-0,1899;0,1872
56;12,9400;-0,1613;-0,3351;0,2419
50;12,9400;0,0756;-0,4897;0,1758
48;12,9400;0,2070;-0,7304;0,4747
44;12,9400;0,4607;-0,4763;0,2966
9;12,9400;-0,1829;-0,8051;0,7275
66;13,0600;-0,1465;-0,0277;0,2783
62;13,0600;0,2926;-0,2561;0,2461
61;13,0600;0,0427;-0,1887;0,3370
60;13,0600;0,4040;0,0037;0,4221
59;13,0600;-0,4545;-0,1925;0,2481
56;13,0600;-0,1643;-0,3675;0,3863
50;13,0600;0,0758;-0,5009;0,1443
48;13,0600;0,1999;-0,7828;0,4847
44;13,0600;0,4403;-0,4994;0,3571
9;13,0600;-0,1518;-0,8884;0,8288
66;13,1800;-0,1299;-0,0436;0,1586
62;13,1800;0,2956;-0,2798;0,2328
61;13,1800;0,0400;-0,2126;0,1754
60;13,1800;0,3680;-0,0041;0,2908
59;13,1800;-0,4279;-0,1943;0,1903
56;13,1800;-0,1658;-0,4123;0,4465
50;13,1800;0,0578;-0,5152;0,3199
48;13,1800;0,1910;-0,8388;0,5566
44;13,1800;0,4219;-0,5232;0,2582
16;13,1800;0,4923;-0,8984;0,1897
9;13,1800;-0,1450;-0,9828;0,7930
66;13,3000;-0,1075;-0,0524;0,1955
62;13,3000;0,2998;-0,2984;0,1628
61;13,3000;0,0441;-0,2337;0,1773
60;13,3000;0,3543;-0,0116;0,1384
59;13,3000;-0,4112;-0,2030;0,1750
56;13,3000;-0,1689;-0,4679;0,4855
50;13,3000;0,0185;-0,5570;0,5294
48;13,3000;0,1730;-0,8970;0,5373
44;13,3000;0,4011;-0,5409;0,2738
30;13,3000;-0,4820;-0,7593;0,3998
16;13,3000;0,4728;-0,9082;0,1757
66;13,4200;-0,0806;-0,0609;0,2785
62;13,4200;0,2973;-0,3109;0,1117
61;13,4200;0,0433;-0,2546;0,2098
60;13,4200;0,3767;-0,0372;0,4084
59;13,4200;-0,3826;-0,2206;0,4256
56;13,4200;-0,1693;-0,5253;0,4856
50;13,4200;-0,0040;-0,6156;0,5927
48;13,4200;0,1502;-0,9633;0,5979
44;13,4200;0,3720;-0,5548;0,3265
30;13,4200;-0,4458;-0,7815;0,3696
16;13,4200;0,4504;-0,9184;0,2447
75;13,5400;0,1877;0,0951;0,5506
69;13,5400;-0,2391;0,0824;0,4524
66;13,5400;-0,0483;-0,0736;0,2628
62;13,5400;0,2866;-0,3218;0,1470
61;13,5400;0,0374;-0,2867;0,3109
60;13,5400;0,4283;-0,0718;0,5846
59;13,5400;-0,3361;-0,2433;0,4840
56;13,5400;-0,1940;-0,5714;0,5021
50;13,5400;-0,0278;-0,6998;0,9085
48;13,5400;0,1331;-1,0427;0,7199
44;13,5400;0,3442;-0,5682;0,2546
30;13,5400;-0,4260;-0,8023;0,1870
16;13,5400;0,4116;-0,9273;0,4075
75;13,6400;0,2275;0,0744;0,3644
69;13,6400;-0,2388;0,0335;0,5479
66;13,6400;-0,0227;-0,0849;0,2763
62;13,6400;0,2809;-0,3312;0,0984
61;13,6400;0,0366;-0,3134;0,2452
60;13,6400;0,4721;-0,1012;0,4695
59;13,6400;-0,2997;-0,2548;0,3407
56;13,6400;-0,2016;-0,5972;0,1516
50;13,6400;-0,0437;-0,7957;1,0301
44;13,6400;0,3390;-0,5803;0,0976
30;13,6400;-0,4238;-0,8128;0,0590
16;13,6400;0,3678;-0,9337;0,4925
75;13,7600;0,2512;0,0585;0,1053
69;13,7600;-0,2275;-0,0314;0,4210
66;13,7600;-0,0037;-0,1028;0,1872
62;13,7600;0,2831;-0,3470;0,1450
61;13,7600;0,0438;-0,3439;0,3349
59;13,7600;-0,2875;-0,2631;0,0861
56;13,7600;-0,1922;-0,6090;0,1703
50;13,7600;-0,0611;-0,9174;0,9736
44;13,7600;0,3452;-0,6041;0,2165
30;13,7600;-0,4284;-0,8139;0,0566
16;13,7600;0,2938;-0,9384;0,6657
75;13,8800;0,2493;0,0527;0,0910
69;13,8800;-0,2083;-0,0843;0,3211
66;13,8800;0,0124;-0,1320;0,2795
62;13,8800;0,2874;-0,3606;0,0896
61;13,8800;0,0487;-0,3786;0,2717
59;13,8800;-0,2954;-0,2748;0,0852
56;13,8800;-0,1573;-0,6252;0,4345
50;13,8800;-0,0754;-1,0243;0,8597
44;13,8800;0,3502;-0,6292;0,0944
30;13,8800;-0,4319;-0,8110;0,0767
16;13,8800;0,2257;-0,9296;0,4579
75;14,0000;0,2317;0,0459;0,1498
69;14,0000;-0,1762;-0,1059;0,3772
66;14,0000;0,0326;-0,1634;0,1765
62;14,0000;0,2833;-0,3719;0,0727
61;14,0000;0,0509;-0,4156;0,2274
59;14,0000;-0,3053;-0,2906;0,1079
56;14,0000;-0,1081;-0,6540;0,4385
44;14,0000;0,3508;-0,6482;0,1663
39;14,0000;-0,4118;0,0729;0,4080
30;14,0000;-0,4310;-0,8081;0,0446
16;14,0000;0,1857;-0,9404;0,2763
75;14,1200;0,2289;0,0336;0,0997
69;14,1200;-0,1312;-0,0958;0,4032
66;14,1200;0,0437;-0,1926;0,2480
62;14,1200;0,2732;-0,3899;0,1819
61;14,1200;0,0478;-0,4409;0,1809
59;14,1200;-0,3115;-0,3160;0,1637
56;14,1200;-0,0746;-0,6860;0,3527
44;14,1200;0,3515;-0,6807;0,2767
39;14,1200;-0,3810;0,0491;0,4302
30;14,1200;-0,4194;-0,8053;0,1766
16;14,1200;0,1523;-0,9726;0,4316
75;14,2400;0,2490;0,0179;0,2693
69;14,2400;-0,0869;-0,0902;0,3323
66;14,2400;0,0520;-0,2237;0,2077
62;14,2400;0,2616;-0,4142;0,2070
61;14,2400;0,0418;-0,4650;0,1896
59;14,2400;-0,3241;-0,3323;0,1471
56;14,2400;-0,0630;-0,7404;0,5810
44;14,2400;0,3461;-0,7171;0,2843
39;14,2400;-0,3130;0,0615;0,6734
30;14,2400;-0,4024;-0,8038;0,1871
16;14,2400;0,1441;-1,0478;0,7873
75;14,3400;0,2722;0,0058;0,2268
69;14,3400;-0,0683;-0,1044;0,2522
66;14,3400;0,0639;-0,2430;0,2613
62;14,3400;0,2553;-0,4379;0,2953
61;14,3400;0,0420;-0,4925;0,3035
60;14,3400;0,4916;-0,2661;0,1774
59;14,3400;-0,3263;-0,3366;0,0187
56;14,3400;-0,0745;-0,8071;0,7435
44;14,3400;0,3371;-0,7490;0,3535
39;14,3400;-0,2559;0,0789;0,5159
30;14,3400;-0,3846;-0,8015;0,1812
75;14,4600;0,2928;-0,0029;0,1232
69;14,4600;-0,0687;-0,1392;0,3495
66;14,4600;0,0862;-0,2601;0,1024
62;14,4600;0,2511;-0,4695;0,2536
61;14,4600;0,0430;-0,5329;0,3728
60;14,4600;0,4699;-0,2643;0,1476
59;14,4600;-0,3052;-0,3335;0,2847
56;14,4600;-0,1001;-0,9063;0,8700
44;14,4600;0,3137;-0,7951;0,4911
39;14,4600;-0,2159;0,0869;0,1972
30;14,4600;-0,3647;-0,8028;0,1823
75;14,5800;0,3021;-0,0052;0,0343
69;14,5800;-0,0800;-0,1870;0,5045
66;14,5800;0,1157;-0,2757;0,3200
62;14,5800;0,2519;-0,5057;0,3415
61;14,5800;0,0474;-0,5738;0,3608
60;14,5800;0,4537;-0,2621;0,1322
59;14,5800;-0,2578;-0,3378;0,4444
56;14,5800;-0,1221;-1,0038;0,8119
44;14,5800;0,2723;-0,8538;0,6433
39;14,5800;-0,2101;0,0633;0,3176
30;14,5800;-0,3423;-0,8105;0,2804
75;14,7000;0,3039;-0,0063;0,0222
69;14,7000;-0,0787;-0,2156;0,1872
66;14,7000;0,1358;-0,2926;0,1964
62;14,7000;0,2504;-0,5585;0,5160
61;14,7000;0,0450;-0,6192;0,3701
60;14,7000;0,4418;-0,2605;0,0817
59;14,7000;-0,2108;-0,3686;0,6792
56;14,7000;-0,1296;-1,0961;0,7451
44;14,7000;0,2249;-0,9265;0,7811
39;14,7000;-0,2227;0,0175;0,4297
30;14,7000;-0,3078;-0,8219;0,3300
75;14,8200;0,3040;-0,0076;0,0149
69;14,8200;-0,0810;-0,2338;0,1513
66;14,8200;0,1430;-0,3132;0,2013
62;14,8200;0,2443;-0,6158;0,4559
61;14,8200;0,0393;-0,6589;0,3575
60;14,8200;0,4339;-0,2604;0,0627
59;14,8200;-0,1951;-0,4129;0,9166
44;14,8200;0,1948;-1,0135;0,8343
39;14,8200;-0,2405;-0,0282;0,3626
30;14,8200;-0,2773;-0,8523;0,3921
75;14,9400;0,2937;-0,0099;0,1482
69;14,9400;-0,0915;-0,2545;0,1968
66;14,9400;0,1467;-0,3399;0,2858
62;14,9400;0,2402;-0,6448;0,2041
61;14,9400;0,0406;-0,6956;0,3654
60;14,9400;0,4302;-0,2605;0,0156
59;14,9400;-0,1911;-0,4676;0,4884
39;14,9400;-0,2579;-0,0624;0,2893
30;14,9400;-0,2616;-0,8917;0,3465
75;15,0600;0,2677;-0,0159;0,2489
69;15,0600;-0,0810;-0,2631;0,1869
66;15,0600;0,1516;-0,3738;0,3167
62;15,0600;0,2405;-0,6649;0,2083
61;15,0600;0,0555;-0,7431;0,2507
60;15,0600;0,4336;-0,2569;0,0844
59;15,0600;-0,1962;-0,5134;0,2912
39;15,0600;-0,2647;-0,0791;0,1415
30;15,0600;-0,2511;-0,9351;0,4197
75;15,1600;0,2531;-0,0225;0,1001
69;15,1600;-0,0555;-0,2718;0,3034
66;15,1600;0,1549;-0,4012;0,2532
62;15,1600;0,2439;-0,6853;0,2196
61;15,1600;0,0672;-0,7867;0,4013
60;15,1600;0,4403;-0,2526;0,0488
59;15,1600;-0,2023;-0,5375;0,2338
39;15,1600;-0,2471;-0,0883;0,2212
30;15,1600;-0,2438;-0,9753;0,4207
75;15,2800;0,2543;-0,0353;0,1147
69;15,2800;-0,0275;-0,2896;0,3119
66;15,2800;0,1640;-0,4305;0,2793
62;15,2800;0,2420;-0,7217;0,3730
61;15,2800;0,0783;-0,8529;0,6200
60;15,2800;0,4479;-0,2489;0,0368
59;15,2800;-0,2028;-0,5533;0,1013
57;15,2800;0,4843;-0,8357;0,1387
39;15,2800;-0,2073;-0,0888;0,3973
30;15,2800;-0,2385;-1,0344;0,5179
75;15,4000;0,2630;-0,0492;0,1338
69;15,4000;0,0005;-0,3167;0,3862
66;15,4000;0,1743;-0,4620;0,2518
62;15,4000;0,2270;-0,7648;0,4204
61;15,4000;0,0825;-0,9192;0,5120
60;15,4000;0,4433;-0,2465;0,0840
59;15,4000;-0,1891;-0,5710;0,2758
57;15,4000;0,4975;-0,8569;0,3129
39;15,4000;-0,1652;-0,0881;0,3521
30;15,4000;-0,2337;-1,0952;0,5456
75;15,5200;0,2705;-0,0558;0,0388
69;15,5200;0,0356;-0,3409;0,3901
66;15,5200;0,1813;-0,4875;0,2502
62;15,5200;0,2104;-0,8171;0,5168
61;15,5200;0,0869;-0,9800;0,5604
60;15,5200;0,4237;-0,2476;0,2007
59;15,5200;-0,1541;-0,5947;0,4203
47;15,5200;-0,4944;-0,3657;0,2811
39;15,5200;-0,1359;-0,0922;0,1732
38;15,5200;-0,4798;-0,7470;0,2712
75;15,6400;0,2743;-0,0523;0,1101
69;15,6400;0,0761;-0,3582;0,3454
66;15,6400;0,2001;-0,5299;0,4139
62;15,6400;0,2126;-0,8534;1,0650
61;15,6400;0,1027;-1,0368;0,4221
60;15,6400;0,4042;-0,2541;0,1459
59;15,6400;-0,1009;-0,6220;0,5268
47;15,6400;-0,4613;-0,3748;0,3000
39;15,6400;-0,1345;-0,0986;0,1187
38;15,6400;-0,4508;-0,7571;0,2321
75;15,7600;0,2774;-0,0436;0,0885
69;15,7600;0,0935;-0,3779;0,1592
66;15,7600;0,2119;-0,5658;0,2189
62;15,7600;0,2071;-0,9266;0,2557
61;15,7600;0,1116;-1,0969;0,7387
60;15,7600;0,3937;-0,2620;0,0656
59;15,7600;-0,0569;-0,6457;0,3049
47;15,7600;-0,4277;-0,3947;0,3492
39;15,7600;-0,1436;-0,1064;0,0424
38;15,7600;-0,4155;-0,7695;0,3260
75;15,8800;0,2794;-0,0371;0,0200
69;15,8800;0,0705;-0,4038;0,3693
66;15,8800;0,2283;-0,5932;0,1407
62;15,8800;0,2052;-0,9645;0,3966
60;15,8800;0,3919;-0,2705;0,0393
59;15,8800;-0,0392;-0,6656;0,2042
47;15,8800;-0,3930;-0,4200;0,3287
39;15,8800;-0,1414;-0,1137;0,0636
38;15,8800;-0,3757;-0,7863;0,3479
75;15,9800;0,2822;-0,0377;0,0624
69;15,9800;0,0359;-0,4304;0,4369
66;15,9800;0,2376;-0,6087;0,2377
62;15,9800;0,2021;-1,0066;0,4489
60;15,9800;0,3927;-0,2777;0,1109
59;15,9800;-0,0258;-0,6774;0,2032
47;15,9800;-0,3663;-0,4386;0,2911
39;15,9800;-0,1441;-0,1262;0,1723
38;15,9800;-0,3482;-0,8078;0,2721
75;16,1000;0,2770;-0,0477;0,1398
69;16,1000;-0,0026;-0,4692;0,7710
66;16,1000;0,2517;-0,6208;0,1493
62;16,1000;0,1935;-1,0605;0,4830
60;16,1000;0,3896;-0,2848;0,1069
59;16,1000;-0,0045;-0,7029;0,5254
47;16,1000;-0,3355;-0,4487;0,2439
39;16,1000;-0,1604;-0,1407;0,2503
38;16,1000;-0,3357;-0,8298;0,1423
75;16,2000;0,2554;-0,0598;0,2675
69;16,2000;-0,0280;-0,4972;0,3362
66;16,2000;0,2617;-0,6305;0,1079
60;16,2000;0,3800;-0,2909;0,1461
59;16,2000;0,0096;-0,7320;0,3557
47;16,2000;-0,3263;-0,4512;0,0455
39;16,2000;-0,1939;-0,1565;0,4497
38;16,2000;-0,3373;-0,8381;0,0476
75;16,3200;0,2145;-0,0823;0,4331
69;16,3200;-0,0528;-0,5274;0,3965
66;16,3200;0,2646;-0,6377;0,0185
60;16,3200;0,3523;-0,2995;0,3144
59;16,3200;0,0207;-0,7797;0,5245
47;16,3200;-0,3468;-0,4720;0,3797
39;16,3200;-0,2366;-0,1795;0,2464
38;16,3200;-0,3494;-0,8421;0,1342
75;16,4200;0,1723;-0,1024;0,4663
69;16,4200;-0,0691;-0,5516;0,2676
66;16,4200;0,2530;-0,6370;0,1584
60;16,4200;0,3183;-0,3087;0,3620
59;16,4200;0,0265;-0,8329;0,5703
47;16,4200;-0,3763;-0,4987;0,4063
39;16,4200;-0,2360;-0,1799;0,1599
38;16,4200;-0,3645;-0,8465;0,1239
75;16,5200;0,1396;-0,1167;0,2441
69;16,5200;-0,0852;-0,5749;0,2686
66;16,5200;0,2261;-0,6415;0,3380
60;16,5200;0,2784;-0,3209;0,4417
59;16,5200;0,0362;-0,8932;0,5986
47;16,5200;-0,3993;-0,5271;0,3290
39;16,5200;-0,2077;-0,1704;0,3706
38;16,5200;-0,3729;-0,8507;0,0722
75;16,6400;0,1347;-0,1223;0,0577
69;16,6400;-0,1053;-0,5877;0,1711
66;16,6400;0,1786;-0,6567;0,4537
65;16,6400;0,4053;0,0989;0,0874
60;16,6400;0,2334;-0,3424;0,3676
59;16,6400;0,0373;-0,9782;0,7498
57;16,6400;0,4675;-0,8789;0,3634
47;16,6400;-0,4164;-0,5442;0,1052
39;16,6400;-0,1843;-0,1604;0,0684
38;16,6400;-0,3702;-0,8555;0,0991
12;16,6400;0,4941;-0,5420;0,2853
75;16,7400;0,1421;-0,1197;0,0770
69;16,7400;-0,1173;-0,5813;0,0604
66;16,7400;0,1333;-0,6859;0,5527
65;16,7400;0,4101;0,0918;0,1134
60;16,7400;0,2068;-0,3617;0,2854
59;16,7400;0,0141;-1,0575;0,8412
57;16,7400;0,4252;-0,8806;0,4413
47;16,7400;-0,4184;-0,5389;0,1211
39;16,7400;-0,1874;-0,1636;0,0896
38;16,7400;-0,3618;-0,8570;0,1309
12;16,7400;0,4669;-0,5610;0,3597
75;16,8400;0,1562;-0,1113;0,1925
69;16,8400;-0,1222;-0,5783;0,0448
66;16,8400;0,0895;-0,7265;0,5939
65;16,8400;0,4252;0,0818;0,1806
60;16,8400;0,1869;-0,3794;0,1955
57;16,8400;0,3780;-0,8840;0,4828
47;16,8400;-0,4179;-0,5161;0,2630
39;16,8400;-0,2053;-0,1538;0,2643
38;16,8400;-0,3496;-0,8588;0,1598
12;16,8400;0,4476;-0,5851;0,2970
75;16,9400;0,1728;-0,1073;0,1514
69;16,9400;-0,1291;-0,5823;0,1164
66;16,9400;0,0526;-0,7672;0,5367
65;16,9400;0,4391;0,0712;0,1648
60;16,9400;0,1800;-0,3885;0,0837
57;16,9400;0,3341;-0,8975;0,4389
47;16,9400;-0,4147;-0,4925;0,1906
39;16,9400;-0,2145;-0,1342;0,2161
38;16,9400;-0,3336;-0,8661;0,2240
12;16,9400;0,4386;-0,6070;0,2323
75;17,0600;0,1872;-0,1066;0,0564
69;17,0600;-0,1293;-0,5980;0,1337
66;17,0600;0,0241;-0,8218;0,5268
65;17,0600;0,4407;0,0637;0,0868
60;17,0600;0,1850;-0,3952;0,0897
57;17,0600;0,2904;-0,9263;0,3584
47;17,0600;-0,4096;-0,4764;0,1105
39;17,0600;-0,2123;-0,1136;0,1320
38;17,0600;-0,3085;-0,8862;0,2708
12;17,0600;0,4367;-0,6284;0,1660
75;17,1600;0,1874;-0,1095;0,0506
69;17,1600;-0,1165;-0,6220;0,3168
66;17,1600;0,0108;-0,8797;0,6257
65;17,1600;0,4277;0,0663;0,1342
60;17,1600;0,1989;-0,4043;0,1776
57;17,1600;0,2688;-0,9556;0,2781
47;17,1600;-0,4057;-0,4719;0,0543
39;17,1600;-0,2086;-0,1084;0,0233
38;17,1600;-0,2805;-0,9156;0,4534
12;17,1600;0,4270;-0,6489;0,2383
75;17,2600;0,1785;-0,1180;0,1769
69;17,2600;-0,0983;-0,6597;0,4117
66;17,2600;0,0124;-0,9479;0,7159
65;17,2600;0,4074;0,0740;0,2288
60;17,2600;0,2110;-0,4161;0,1407
57;17,2600;0,2667;-0,9791;0,1402
47;17,2600;-0,3972;-0,4705;0,0947
39;17,2600;-0,2085;-0,1171;0,1400
38;17,2600;-0,2547;-0,9570;0,4822
12;17,2600;0,4039;-0,6659;0,3351
75;17,3800;0,1578;-0,1306;0,2098
69;17,3800;-0,0965;-0,7105;0,3835
66;17,3800;0,0298;-1,0363;0,8918
65;17,3800;0,3824;0,0782;0,2015
60;17,3800;0,2122;-0,4298;0,1206
57;17,3800;0,2809;-0,9873;0,0946
47;17,3800;-0,3757;-0,4675;0,2251
39;17,3800;-0,2217;-0,1407;0,2859
38;17,3800;-0,2399;-1,0154;0,4763
12;17,3800;0,3682;-0,6858;0,3746
75;17,4800;0,1413;-0,1395;0,1866
69;17,4800;-0,1072;-0,7413;0,3617
65;17,4800;0,3665;0,0769;0,1307
60;17,4800;0,1997;-0,4372;0,2121
57;17,4800;0,2838;-0,9905;0,0300
47;17,4800;-0,3521;-0,4696;0,2562
39;17,4800;-0,2444;-0,1587;0,3044
38;17,4800;-0,2318;-1,0612;0,4119
12;17,4800;0,3421;-0,6959;0,2162
75;17,5800;0,1268;-0,1545;0,2140
69;17,5800;-0,1209;-0,7765;0,3590
65;17,5800;0,3553;0,0715;0,1131
60;17,5800;0,1666;-0,4479;0,4275
57;17,5800;0,2743;-0,9990;0,1739
47;17,5800;-0,3288;-0,4888;0,3461
39;17,5800;-0,2731;-0,1750;0,3237
12;17,5800;0,3198;-0,7012;0,1958
75;17,6800;0,1105;-0,1700;0,2082
69;17,6800;-0,1272;-0,8197;0,4417
65;17,6800;0,3471;0,0659;0,0857
60;17,6800;0,1180;-0,4595;0,5106
57;17,6800;0,2517;-1,0153;0,3423
47;17,6800;-0,3121;-0,5236;0,4263
39;17,6800;-0,2900;-0,1906;0,1916
12;17,6800;0,2999;-0,7031;0,2089
75;17,8000;0,0971;-0,1818;0,1254
69;17,8000;-0,1264;-0,8766;0,5346
65;17,8000;0,3403;0,0566;0,0328
60;17,8000;0,0582;-0,4702;0,4846
57;17,8000;0,2201;-1,0460;0,4532
47;17,8000;-0,3019;-0,5826;0,5937
39;17,8000;-0,2836;-0,2047;0,2264
12;17,8000;0,2816;-0,7070;0,1424
75;17,9000;0,0931;-0,1877;0,0392
69;17,9000;-0,1246;-0,9196;0,4107
65;17,9000;0,3320;0,0492;0,1404
60;17,9000;0,0221;-0,4756;0,2959
57;17,9000;0,1908;-1,0713;0,4256
47;17,9000;-0,2990;-0,6353;0,5127
39;17,9000;-0,2599;-0,2133;0,3042
12;17,9000;0,2750;-0,7108;0,0654
75;18,0000;0,0928;-0,1901;0,0508
69;18,0000;-0,1158;-0,9771;0,6511
65;18,0000;0,3229;0,0448;0,0941
60;18,0000;0,0003;-0,4843;0,2325
47;18,0000;-0,2975;-0,6914;0,6192
39;18,0000;-0,2262;-0,2267;0,4069
12;18,0000;0,2732;-0,7221;0,1807
75;18,1200;0,0954;-0,1986;0,1505
69;18,1200;-0,1080;-1,0482;0,6517
65;18,1200;0,3161;0,0454;0,0073
60;18,1200;-0,0100;-0,5007;0,1587
47;18,1200;-0,2845;-0,7498;0,4767
39;18,1200;-0,1845;-0,2534;0,4114
12;18,1200;0,2634;-0,7477;0,3248
75;18,2200;0,0981;-0,2187;0,2503
65;18,2200;0,3186;0,0452;0,0357
60;18,2200;-0,0073;-0,5140;0,1373
47;18,2200;-0,2593;-0,7863;0,4151
39;18,2200;-0,1662;-0,2795;0,2501
12;18,2200;0,2367;-0,7710;0,3908
75;18,3200;0,0999;-0,2466;0,3280
65;18,3200;0,3253;0,0401;0,0917
60;18,3200;0,0014;-0,5248;0,1511
47;18,3200;-0,2360;-0,8189;0,4062
43;18,3200;0,4901;-0,2333;0,2861
39;18,3200;-0,1640;-0,3025;0,2762
12;18,3200;0,2061;-0,7982;0,4463
75;18,4200;0,1013;-0,2766;0,2544
65;18,4200;0,3368;0,0298;0,1477
60;18,4200;0,0098;-0,5423;0,2222
47;18,4200;-0,2259;-0,8639;0,4470
43;18,4200;0,4660;-0,2454;0,2157
39;18,4200;-0,1634;-0,3314;0,3161
12;18,4200;0,1806;-0,8369;0,4675
83;18,5400;0,0331;0,0711;0,3103
75;18,5400;0,1045;-0,3075;0,2702
65;18,5400;0,3547;0,0167;0,1678
60;18,5400;0,0199;-0,5763;0,3205
47;18,5400;-0,2252;-0,9240;0,4910
43;18,5400;0,4406;-0,2570;0,2097
39;18,5400;-0,1635;-0,3849;0,5237
12;18,5400;0,1553;-0,8971;0,5490
83;18,6400;0,0290;0,0462;0,2324
75;18,6400;0,1177;-0,3393;0,4364
65;18,6400;0,3687;0,0091;0,1219
60;18,6400;0,0270;-0,6196;0,5265
47;18,6400;-0,2224;-0,9820;0,6003
43;18,6400;0,4245;-0,2676;0,2179
39;18,6400;-0,1827;-0,4370;0,5613
12;18,6400;0,1394;-0,9563;0,6690
83;18,7400;0,0120;0,0331;0,2271
75;18,7400;0,1386;-0,3822;0,5013
65;18,7400;0,3814;0,0050;0,1430
60;18,7400;0,0313;-0,6768;0,5975
51;18,7400;0,4688;-0,8963;0,4169
47;18,7400;-0,2149;-1,0397;0,5716
43;18,7400;0,4088;-0,2791;0,1703
40;18,7400;-0,4789;-0,7848;0,2543
39;18,7400;-0,2065;-0,4808;0,4508
12;18,7400;0,1259;-1,0248;0,6831
83;18,8600;-0,0108;0,0266;0,1891
75;18,8600;0,1697;-0,4409;0,5846
65;18,8600;0,3911;0,0007;0,0903
60;18,8600;0,0340;-0,7623;0,7580
51;18,8600;0,4185;-0,9084;0,4553
43;18,8600;0,3932;-0,2942;0,1512
40;18,8600;-0,4476;-0,7959;0,3117
39;18,8600;-0,2236;-0,5232;0,3117
83;18,9600;-0,0336;0,0231;0,2506
75;18,9600;0,1971;-0,4915;0,5697
65;18,9600;0,3906;-0,0055;0,1008
60;18,9600;0,0333;-0,8401;0,7666
51;18,9600;0,3796;-0,9309;0,4297
46;18,9600;-0,4880;-0,2831;0,3441
43;18,9600;0,3863;-0,3051;0,0849
40;18,9600;-0,4184;-0,8094;0,3429
39;18,9600;-0,2174;-0,5491;0,2609
83;19,0600;-0,0606;0,0151;0,3044
75;19,0600;0,2181;-0,5385;0,4401
65;19,0600;0,3775;-0,0144;0,2210
60;19,0600;0,0241;-0,9194;0,8268
51;19,0600;0,3574;-0,9549;0,2693
46;19,0600;-0,4483;-0,2853;0,4266
43;19,0600;0,3809;-0,3122;0,0738
40;19,0600;-0,3841;-0,8209;0,3871
39;19,0600;-0,1896;-0,5560;0,4062
83;19,1600;-0,0899;0,0019;0,3493
75;19,1600;0,2166;-0,5700;0,2944
65;19,1600;0,3555;-0,0258;0,2659
60;19,1600;0,0076;-0,9966;0,7577
51;19,1600;0,3453;-0,9751;0,2639
46;19,1600;-0,4049;-0,2927;0,4216
43;19,1600;0,3759;-0,3213;0,1522
40;19,1600;-0,3461;-0,8302;0,3835
39;19,1600;-0,1432;-0,5482;0,5020
83;19,2800;-0,1366;-0,0220;0,4561
75;19,2800;0,1925;-0,6143;0,5164
65;19,2800;0,3206;-0,0421;0,3352
60;19,2800;-0,0104;-1,0994;0,9360
51;19,2800;0,3236;-1,0080;0,3372
46;19,2800;-0,3595;-0,3071;0,3238
43;19,2800;0,3701;-0,3388;0,1943
40;19,2800;-0,2994;-0,8399;0,3533
39;19,2800;-0,0934;-0,5494;0,3275
83;19,3800;-0,1705;-0,0345;0,2999
75;19,3800;0,1594;-0,6568;0,5907
65;19,3800;0,2937;-0,0540;0,2665
51;19,3800;0,3066;-1,0341;0,2678
46;19,3800;-0,3436;-0,3386;0,3434
43;19,3800;0,3589;-0,3587;0,2965
40;19,3800;-0,2672;-0,8504;0,3416
39;19,3800;-0,0732;-0,5604;0,2426
83;19,4800;-0,1852;-0,0485;0,1930
75;19,4800;0,1253;-0,7014;0,5639
65;19,4800;0,2759;-0,0668;0,2172
51;19,4800;0,2863;-1,0522;0,2951
46;19,4800;-0,3425;-0,3638;0,2273
43;19,4800;0,3385;-0,3789;0,3225
40;19,4800;-0,2351;-0,8644;0,3869
39;19,4800;-0,0683;-0,5791;0,2112
83;19,6000;-0,1942;-0,0701;0,2029
75;19,6000;0,0850;-0,7610;0,6041
65;19,6000;0,2662;-0,0855;0,1571
51;19,6000;0,2590;-1,0784;0,3861
46;19,6000;-0,3464;-0,3857;0,1355
43;19,6000;0,3050;-0,4033;0,3592
40;19,6000;-0,2044;-0,8898;0,3827
39;19,6000;-0,0712;-0,6035;0,2274
83;19,7000;-0,2033;-0,0849;0,1926
75;19,7000;0,0574;-0,8024;0,4590
65;19,7000;0,2593;-0,1007;0,1921
46;19,7000;-0,3481;-0,3964;0,1413
43;19,7000;0,2772;-0,4281;0,3886
40;19,7000;-0,1844;-0,9291;0,4904
39;19,7000;-0,0777;-0,6296;0,3157
83;19,8000;-0,2063;-0,0968;0,1163
75;19,8000;0,0361;-0,8309;0,2535
65;19,8000;0,2549;-0,1130;0,0861
46;19,8000;-0,3468;-0,4104;0,1461
43;19,8000;0,2541;-0,4492;0,2002
40;19,8000;-0,1797;-0,9813;0,5881
39;19,8000;-0,0868;-0,6609;0,3646
83;19,9000;-0,1924;-0,1044;0,2050
75;19,9000;0,0162;-0,8570;0,3625
65;19,9000;0,2578;-0,1234;0,1728
46;19,9000;-0,3241;-0,4241;0,4233
43;19,9000;0,2397;-0,4623;0,1515
40;19,9000;-0,1930;-1,0513;0,7440
39;19,9000;-0,0993;-0,7035;0,4088
83;20,0200;-0,1538;-0,1152;0,3896
75;20,0200;-0,0119;-0,9128;0,5971
65;20,0200;0,2784;-0,1344;0,2521
63;20,0200;-0,4794;-0,7517;0,2888
54;20,0200;0,4656;-0,7597;0,4148
46;20,0200;-0,2595;-0,4355;0,5905
43;20,0200;0,2318;-0,4651;0,0702
39;20,0200;-0,0972;-0,7548;0,3838
83;20,1200;-0,1118;-0,1253;0,4445
75;20,1200;-0,0477;-0,9536;0,4961
65;20,1200;0,3033;-0,1454;0,2977
63;20,1200;-0,4510;-0,7607;0,3216
54;20,1200;0,4285;-0,7792;0,4347
46;20,1200;-0,2102;-0,4366;0,3762
43;20,1200;0,2257;-0,4647;0,0979
39;20,1200;-0,0702;-0,7456;0,5672
83;20,2200;-0,0818;-0,1322;0,2225
75;20,2200;-0,0576;-0,9936;0,4145
65;20,2200;0,3264;-0,1562;0,1748
63;20,2200;-0,4224;-0,7734;0,2566
54;20,2200;0,3960;-0,8070;0,4071
46;20,2200;-0,1781;-0,4390;0,3138
43;20,2200;0,2140;-0,4670;0,0935
39;20,2200;-0,0194;-0,7755;0,5709
83;20,3400;-0,0683;-0,1378;0,0486
75;20,3400;-0,0443;-1,0746;0,8197
65;20,3400;0,3400;-0,1737;0,1367
63;20,3400;-0,3926;-0,7880;0,2944
54;20,3400;0,3603;-0,8474;0,4209
52;20,3400;0,4720;-0,4206;0,3638
46;20,3400;-0,1479;-0,4497;0,1940
43;20,3400;0,2026;-0,4763;0,0824
39;20,3400;0,0073;-0,8665;0,4850
83;20,4400;-0,0757;-0,1440;0,1729
65;20,4400;0,3447;-0,1876;0,1353
63;20,4400;-0,3687;-0,8047;0,3171
54;20,4400;0,3395;-0,8848;0,5236
52;20,4400;0,4510;-0,4294;0,2465
49;20,4400;-0,4979;-0,1916;0,1317
46;20,4400;-0,1476;-0,4723;0,3657
43;20,4400;0,1936;-0,4872;0,1681
39;20,4400;-0,0010;-0,9243;0,6659
83;20,5400;-0,0949;-0,1556;0,2627
65;20,5400;0,3471;-0,1955;0,0694
63;20,5400;-0,3485;-0,8222;0,2517
54;20,5400;0,3235;-0,9207;0,3463
52;20,5400;0,4438;-0,4504;0,2744
49;20,5400;-0,4952;-0,2040;0,1642
46;20,5400;-0,1763;-0,5051;0,5033
43;20,5400;0,1827;-0,5024;0,2171
39;20,5400;-0,0261;-1,0025;0,9299
83;20,6600;-0,1326;-0,1734;0,3483
65;20,6600;0,3452;-0,2054;0,1136
63;20,6600;-0,3332;-0,8508;0,2538
58;20,6600;-0,2559;0,0910;0,1692
54;20,6600;0,3029;-0,9578;0,2763
52;20,6600;0,4414;-0,4887;0,3169
49;20,6600;-0,4945;-0,2157;0,0820
46;20,6600;-0,2115;-0,5500;0,3639
43;20,6600;0,1753;-0,5417;0,3207
83;20,7600;-0,1628;-0,1967;0,3963
65;20,7600;0,3354;-0,2159;0,2027
63;20,7600;-0,3145;-0,8771;0,3376
58;20,7600;-0,2415;0,0812;0,1577
54;20,7600;0,2893;-0,9843;0,2726
52;20,7600;0,4393;-0,5302;0,4349
49;20,7600;-0,4873;-0,2197;0,1217
46;20,7600;-0,2238;-0,5779;0,2654
43;20,7600;0,1703;-0,5871;0,4609
83;20,8600;-0,1846;-0,2228;0,3534
65;20,8600;0,3172;-0,2314;0,2961
63;20,8600;-0,2937;-0,9046;0,3867
58;20,8600;-0,2302;0,0715;0,1354
54;20,8600;0,2749;-1,0095;0,2981
52;20,8600;0,4412;-0,5784;0,5248
49;20,8600;-0,4823;-0,2213;0,0529
46;20,8600;-0,2169;-0,5993;0,2760
43;20,8600;0,1640;-0,6387;0,5486
83;20,9600;-0,2006;-0,2541;0,3882
65;20,9600;0,2986;-0,2540;0,3264
63;20,9600;-0,2683;-0,9314;0,4208
58;20,9600;-0,2244;0,0567;0,1898
54;20,9600;0,2579;-1,0391;0,3753
52;20,9600;0,4465;-0,6258;0,4730
49;20,9600;-0,4831;-0,2246;0,0842
46;20,9600;-0,2004;-0,6156;0,2563
43;20,9600;0,1531;-0,6919;0,5688
83;21,0800;-0,2132;-0,2955;0,3709
65;21,0800;0,2865;-0,2887;0,3252
63;21,0800;-0,2353;-0,9785;0,4629
58;21,0800;-0,2086;0,0394;0,2045
54;21,0800;0,2323;-1,0953;0,5740
52;21,0800;0,4448;-0,6796;0,4096
49;21,0800;-0,4859;-0,2304;0,0859
46;21,0800;-0,1832;-0,6327;0,2036
43;21,0800;0,1350;-0,7498;0,4329
83;21,1800;-0,2170;-0,3293;0,3299
65;21,1800;0,2827;-0,3201;0,3047
63;21,1800;-0,2185;-1,0328;0,5978
58;21,1800;-0,1893;0,0231;0,2421
52;21,1800;0,4305;-0,7171;0,3900
49;21,1800;-0,4841;-0,2382;0,1167
46;21,1800;-0,1695;-0,6494;0,2140
43;21,1800;0,1162;-0,7969;0,5835
83;21,2800;-0,2118;-0,3548;0,2356
65;21,2800;0,2833;-0,3484;0,2367
63;21,2800;-0,2211;-1,0876;0,5056
58;21,2800;-0,1677;0,0008;0,3264
52;21,2800;0,4045;-0,7430;0,3831
49;21,2800;-0,4745;-0,2457;0,1451
46;21,2800;-0,1487;-0,6703;0,3318
43;21,2800;0,1039;-0,8508;0,5338
83;21,4000;-0,1902;-0,3714;0,2483
65;21,4000;0,2941;-0,3839;0,3418
58;21,4000;-0,1357;-0,0269;0,3317
52;21,4000;0,3672;-0,7678;0,3611
49;21,4000;-0,4508;-0,2604;0,3053
46;21,4000;-0,1074;-0,6997;0,4214
43;21,4000;0,1003;-0,9115;0,4865
83;21,5000;-0,1609;-0,3844;0,3684
65;21,5000;0,3014;-0,4213;0,4849
58;21,5000;-0,1170;-0,0490;0,2689
52;21,5000;0,3398;-0,7874;0,3258
49;21,5000;-0,4242;-0,2752;0,3345
46;21,5000;-0,0641;-0,7226;0,5437
43;21,5000;0,0975;-0,9775;0,8084
83;21,6000;-0,1373;-0,4114;0,3349
65;21,6000;0,3069;-0,4670;0,4437
58;21,6000;-0,1047;-0,0693;0,2256
52;21,6000;0,3138;-0,8113;0,3903
49;21,6000;-0,4002;-0,2952;0,2744
46;21,6000;-0,0184;-0,7503;0,5179
43;21,6000;0,0894;-1,0568;0,7694
83;21,7000;-0,1417;-0,4523;0,5383
65;21,7000;0,3110;-0,5147;0,4779
58;21,7000;-0,0896;-0,0848;0,2099
52;21,7000;0,2794;-0,8431;0,4969
49;21,7000;-0,3853;-0,3238;0,3573
46;21,7000;0,0085;-0,7869;0,4268
83;21,8200;-0,1730;-0,5186;0,7113
65;21,8200;0,3061;-0,5674;0,4580
58;21,8200;-0,0712;-0,1077;0,2945
52;21,8200;0,2402;-0,8874;0,5145
49;21,8200;-0,3768;-0,3608;0,3794
46;21,8200;0,0133;-0,8342;0,4397
83;21,9200;-0,2045;-0,5776;0,6533
65;21,9200;0,2908;-0,6026;0,3743
58;21,9200;-0,0639;-0,1296;0,2415
52;21,9200;0,2154;-0,9281;0,4921
49;21,9200;-0,3779;-0,3926;0,3362
46;21,9200;0,0000;-0,8761;0,5089
83;22,0200;-0,2308;-0,6378;0,6333
65;22,0200;0,2710;-0,6349;0,3774
58;22,0200;-0,0715;-0,1568;0,3489
52;22,0200;0,1973;-0,9779;0,6349
49;22,0200;-0,3725;-0,4238;0,3297
46;22,0200;-0,0162;-0,9287;0,6558
83;22,1400;-0,2386;-0,6966;0,5548
65;22,1400;0,2507;-0,6761;0,3776
58;22,1400;-0,0920;-0,1973;0,4035
52;22,1400;0,1893;-1,0651;0,7785
49;22,1400;-0,3384;-0,4576;0,5298
46;22,1400;-0,0520;-1,0076;0,8137
83;22,2400;-0,2260;-0,7335;0,3257
68;22,2400;0,4994;-0,1768;0,1840
65;22,2400;0,2345;-0,7153;0,4317
58;22,2400;-0,0983;-0,2257;0,2413
53;22,2400;0,4986;-0,4262;0,3523
49;22,2400;-0,3039;-0,4802;0,3917
46;22,2400;-0,0922;-1,0881;0,9147
83;22,3400;-0,2021;-0,7488;0,3173
68;22,3400;0,4903;-0,1944;0,2359
65;22,3400;0,2165;-0,7635;0,5483
58;22,3400;-0,0850;-0,2411;0,2203
53;22,3400;0,4838;-0,4564;0,3628
49;22,3400;-0,2805;-0,5071;0,3583
83;22,4400;-0,1618;-0,7586;0,6230
68;22,4400;0,4861;-0,2158;0,2145
65;22,4400;0,2010;-0,8170;0,5513
58;22,4400;-0,0554;-0,2466;0,3776
53;22,4400;0,4729;-0,4846;0,2974
49;22,4400;-0,2733;-0,5372;0,2747
83;22,5600;-0,1147;-0,7729;0,3706
76;22,5600;0,3739;0,0868;0,1864
68;22,5600;0,4771;-0,2405;0,1752
65;22,5600;0,1891;-0,8875;0,6219
58;22,5600;0,0009;-0,2598;0,5304
53;22,5600;0,4567;-0,5117;0,1670
49;22,5600;-0,2795;-0,5678;0,2539
83;22,6600;-0,0938;-0,7974;0,3475
76;22,6600;0,3590;0,0641;0,3156
68;22,6600;0,4627;-0,2600;0,2417
65;22,6600;0,1801;-0,9510;0,7034
58;22,6600;0,0426;-0,2774;0,3763
53;22,6600;0,4405;-0,5270;0,2571
49;22,6600;-0,2905;-0,5912;0,1882
83;22,7600;-0,0944;-0,8406;0,5259
76;22,7600;0,3333;0,0441;0,3338
68;22,7600;0,4444;-0,2765;0,2645
65;22,7600;0,1659;-1,0195;0,7339
58;22,7600;0,0653;-0,3028;0,3505
53;22,7600;0,4180;-0,5376;0,3012
49;22,7600;-0,2891;-0,6062;0,1830
83;22,8800;-0,1170;-0,9105;0,7418
76;22,8800;0,2861;0,0240;0,4771
68;22,8800;0,4217;-0,2921;0,2098
58;22,8800;0,0702;-0,3464;0,4351
53;22,8800;0,3851;-0,5640;0,3811
49;22,8800;-0,2638;-0,6151;0,2640
83;22,9800;-0,1350;-0,9665;0,5169
76;22,9800;0,2482;0,0104;0,3612
68;22,9800;0,4059;-0,3020;0,1864
58;22,9800;0,0615;-0,3782;0,3139
53;22,9800;0,3643;-0,5906;0,3537
49;22,9800;-0,2456;-0,6276;0,1699
83;23,0800;-0,1379;-1,0095;0,3860
76;23,0800;0,2229;-0,0004;0,2226
68;23,0800;0,3939;-0,3106;0,1705
58;23,0800;0,0468;-0,4090;0,3569
53;23,0800;0,3454;-0,6251;0,4337
49;23,0800;-0,2447;-0,6522;0,3277
83;23,1800;-0,1282;-1,0333;0,2127
76;23,1800;0,2069;-0,0109;0,1362
68;23,1800;0,3821;-0,3220;0,1377
64;23,1800;-0,4732;-0,2287;0,2736
58;23,1800;0,0318;-0,4318;0,2271
53;23,1800;0,3324;-0,6610;0,3741
49;23,1800;-0,2556;-0,6809;0,3282
83;23,3000;-0,1101;-1,0532;0,2505
76;23,3000;0,1974;-0,0278;0,1312
68;23,3000;0,3708;-0,3429;0,1909
64;23,3000;-0,4451;-0,2316;0,2162
58;23,3000;0,0225;-0,4571;0,2005
53;23,3000;0,3178;-0,7083;0,3440
49;23,3000;-0,2717;-0,7249;0,3113
76;23,4000;0,1969;-0,0445;0,2210
68;23,4000;0,3641;-0,3644;0,2474
64;23,4000;-0,4292;-0,2366;0,1857
58;23,4000;0,0199;-0,4787;0,2444
53;23,4000;0,3019;-0,7447;0,4480
49;23,4000;-0,2701;-0,7650;0,4366
76;23,5000;0,2016;-0,0669;0,2850
68;23,5000;0,3599;-0,3865;0,2100
64;23,5000;-0,4221;-0,2428;0,0716
58;23,5000;0,0219;-0,4972;0,2178
53;23,5000;0,2858;-0,7776;0,3754
49;23,5000;-0,2558;-0,8015;0,3781
76;23,6200;0,2166;-0,1017;0,3215
68;23,6200;0,3535;-0,4111;0,1803
64;23,6200;-0,4237;-0,2568;0,0902
58;23,6200;0,0321;-0,5235;0,2550
53;23,6200;0,2571;-0,8139;0,4006
49;23,6200;-0,2302;-0,8453;0,4759
84;23,7200;-0,1715;0,0956;0,2025
76;23,7200;0,2324;-0,1331;0,3767
68;23,7200;0,3423;-0,4302;0,2451
64;23,7200;-0,4310;-0,2752;0,2455
58;23,7200;0,0485;-0,5543;0,3879
53;23,7200;0,2282;-0,8424;0,4952
49;23,7200;-0,2158;-0,9012;0,6152
84;23,8200;-0,1520;0,0933;0,1931
76;23,8200;0,2426;-0,1608;0,2605
68;23,8200;0,3266;-0,4470;0,2131
64;23,8200;-0,4418;-0,2998;0,2362
58;23,8200;0,0606;-0,5884;0,3138
53;23,8200;0,2018;-0,8815;0,4953
49;23,8200;-0,2103;-0,9625;0,6022
84;23,9200;-0,1374;0,0911;0,1015
76;23,9200;0,2429;-0,1871;0,2704
71;23,9200;-0,4978;-0,7958;0,2278
68;23,9200;0,3082;-0,4678;0,3310
64;23,9200;-0,4503;-0,3271;0,3217
58;23,9200;0,0618;-0,6210;0,3039
55;23,9200;0,4814;-0,7773;0,3716
53;23,9200;0,1856;-0,9287;0,4886
49;23,9200;-0,2118;-1,0259;0,6727
84;24,0400;-0,1310;0,0871;0,0498
76;24,0400;0,2278;-0,2155;0,2693
71;24,0400;-0,4685;-0,7899;0,2813
68;24,0400;0,2917;-0,4923;0,2920
64;24,0400;-0,4533;-0,3564;0,2490
58;24,0400;0,0457;-0,6591;0,4290
55;24,0400;0,4464;-0,7895;0,3124
53;24,0400;0,1874;-1,0004;0,6762
84;24,1400;-0,1321;0,0793;0,1060
79;24,1400;0,3895;0,0812;0,2645
76;24,1400;0,2009;-0,2305;0,3090
71;24,1400;-0,4418;-0,7785;0,2950
68;24,1400;0,2870;-0,5172;0,2372
64;24,1400;-0,4479;-0,3740;0,1758
58;24,1400;0,0148;-0,6895;0,4383
55;24,1400;0,4164;-0,7968;0,2901
53;24,1400;0,1982;-1,0772;0,7858
84;24,2400;-0,1373;0,0632;0,2039
79;24,2400;0,4004;0,0560;0,2816
76;24,2400;0,1596;-0,2358;0,4646
71;24,2400;-0,4132;-0,7691;0,2650
68;24,2400;0,2817;-0,5411;0,1806
64;24,2400;-0,4379;-0,3868;0,1315
58;24,2400;-0,0172;-0,7294;0,5447
55;24,2400;0,3849;-0,8048;0,3373
84;24,3600;-0,1478;0,0442;0,1385
79;24,3600;0,4071;0,0293;0,1759
76;24,3600;0,1020;-0,2381;0,4329
71;24,3600;-0,3799;-0,7663;0,2718
68;24,3600;0,2765;-0,5668;0,2548
64;24,3600;-0,4183;-0,3994;0,2560
58;24,3600;-0,0533;-0,7917;0,6478
55;24,3600;0,3399;-0,8204;0,4154
84;24,4600;-0,1569;0,0293;0,1459
79;24,4600;0,4040;0,0133;0,0947
76;24,4600;0,0661;-0,2470;0,3154
73;24,4600;-0,4942;0,0534;0,1077
71;24,4600;-0,3584;-0,7711;0,1915
68;24,4600;0,2665;-0,5885;0,2539
64;24,4600;-0,3951;-0,4051;0,3018
58;24,4600;-0,0697;-0,8459;0,5796
55;24,4600;0,3001;-0,8477;0,5079
84;24,5600;-0,1625;0,0157;0,1548
79;24,5600;0,3953;-0,0004;0,1942
76;24,5600;0,0464;-0,2654;0,2522
73;24,5600;-0,4857;0,0618;0,1112
71;24,5600;-0,3455;-0,7913;0,3212
68;24,5600;0,2501;-0,6168;0,4006
64;24,5600;-0,3635;-0,4065;0,3849
58;24,5600;-0,0704;-0,9146;0,7334
55;24,5600;0,2629;-0,8919;0,6112
84;24,6800;-0,1684;0,0043;0,1427
79;24,6800;0,3791;-0,0108;0,1857
76;24,6800;0,0396;-0,2876;0,2366
73;24,6800;-0,4731;0,0716;0,1221
71;24,6800;-0,3393;-0,8320;0,4682
68;24,6800;0,2267;-0,6535;0,4090
64;24,6800;-0,3123;-0,4113;0,4485
58;24,6800;-0,0614;-1,0167;0,8661
55;24,6800;0,2325;-0,9635;0,7474
84;24,7800;-0,1728;-0,0064;0,1538
79;24,7800;0,3618;-0,0213;0,1993
76;24,7800;0,0471;-0,3033;0,1550
73;24,7800;-0,4625;0,0728;0,0805
71;24,7800;-0,3388;-0,8742;0,4278
68;24,7800;0,2063;-0,6863;0,3863
64;24,7800;-0,2776;-0,4214;0,3137
55;24,7800;0,2139;-1,0413;0,8345
84;24,8800;-0,1771;-0,0172;0,0891
79;24,8800;0,3447;-0,0319;0,2473
76;24,8800;0,0704;-0,3175;0,3683
73;24,8800;-0,4514;0,0662;0,1603
71;24,8800;-0,3369;-0,9111;0,3146
68;24,8800;0,1947;-0,7233;0,3719
64;24,8800;-0,2562;-0,4434;0,3163
84;24,9800;-0,1799;-0,0257;0,0623
79;24,9800;0,3289;-0,0410;0,1773
76;24,9800;0,1042;-0,3380;0,4068
73;24,9800;-0,4461;0,0536;0,1458
71;24,9800;-0,3259;-0,9403;0,2619
68;24,9800;0,1884;-0,7669;0,4984
64;24,9800;-0,2463;-0,4699;0,2803
84;25,1000;-0,1775;-0,0289;0,0496
79;25,1000;0,3127;-0,0555;0,1630
76;25,1000;0,1495;-0,3604;0,3426
73;25,1000;-0,4527;0,0267;0,3086
71;25,1000;-0,3020;-0,9657;0,2831
68;25,1000;0,1863;-0,8281;0,5514
64;25,1000;-0,2426;-0,4976;0,1989
84;25,2000;-0,1707;-0,0311;0,1188
79;25,2000;0,3038;-0,0693;0,1612
77;25,2000;0,4853;-0,5121;0,7078
76;25,2000;0,1615;-0,3843;0,2834
73;25,2000;-0,4645;-0,0055;0,3384
71;25,2000;-0,2800;-0,9856;0,3602
68;25,2000;0,1833;-0,8867;0,5985
64;25,2000;-0,2438;-0,5216;0,2625
84;25,3000;-0,1622;-0,0329;0,0558
79;25,3000;0,2989;-0,0873;0,2020
77;25,3000;0,4653;-0,5860;0,7739
76;25,3000;0,1557;-0,4126;0,2996
73;25,3000;-0,4791;-0,0400;0,3575
71;25,3000;-0,2539;-1,0077;0,3855
68;25,3000;0,1719;-0,9558;0,7653
64;25,3000;-0,2419;-0,5493;0,2753
84;25,4200;-0,1538;-0,0327;0,0600
79;25,4200;0,2995;-0,1144;0,2562
77;25,4200;0,4262;-0,6673;0,7167
76;25,4200;0,1311;-0,4499;0,4200
73;25,4200;-0,4912;-0,0804;0,3163
71;25,4200;-0,2210;-1,0468;0,4575
68;25,4200;0,1475;-1,0423;0,6856
64;25,4200;-0,2273;-0,5843;0,3813
84;25,5200;-0,1492;-0,0325;0,0471
79;25,5200;0,3034;-0,1429;0,3158
77;25,5200;0,3836;-0,7179;0,6370
76;25,5200;0,1016;-0,4741;0,3707
73;25,5200;-0,4971;-0,1094;0,2825
71;25,5200;-0,2024;-1,0952;0,5547
64;25,5200;-0,2139;-0,6177;0,3943
84;25,6200;-0,1451;-0,0332;0,0528
79;25,6200;0,3061;-0,1744;0,3002
77;25,6200;0,3379;-0,7580;0,5547
76;25,6200;0,0761;-0,4944;0,2900
73;25,6200;-0,4980;-0,1299;0,1021
64;25,6200;-0,1973;-0,6518;0,3600
84;25,7200;-0,1402;-0,0348;0,0332
79;25,7200;0,3052;-0,2057;0,3054
77;25,7200;0,2906;-0,7936;0,6086
76;25,7200;0,0566;-0,5116;0,2377
73;25,7200;-0,4895;-0,1386;0,1579
64;25,7200;-0,1727;-0,6837;0,4556
84;25,8400;-0,1308;-0,0356;0,1193
79;25,8400;0,2962;-0,2413;0,3334
77;25,8400;0,2377;-0,8550;0,7743
76;25,8400;0,0456;-0,5285;0,1366
73;25,8400;-0,4722;-0,1378;0,1917
64;25,8400;-0,1430;-0,7167;0,3698
84;25,9400;-0,1210;-0,0368;0,1169
79;25,9400;0,2835;-0,2678;0,2793
78;25,9400;-0,4824;-0,7363;0,2909
77;25,9400;0,2040;-0,9245;0,7853
76;25,9400;0,0454;-0,5452;0,1714
73;25,9400;-0,4543;-0,1319;0,2068
64;25,9400;-0,1299;-0,7483;0,3620
84;26,0400;-0,1090;-0,0385;0,1309
79;26,0400;0,2650;-0,2916;0,3029
78;26,0400;-0,4460;-0,7329;0,4097
77;26,0400;0,1847;-1,0101;0,9253
76;26,0400;0,0527;-0,5645;0,2254
73;26,0400;-0,4351;-0,1214;0,2258
64;26,0400;-0,1277;-0,7889;0,4504
84;26,1600;-0,0886;-0,0418;0,1673
79;26,1600;0,2365;-0,3194;0,3372
78;26,1600;-0,3936;-0,7191;0,4998
76;26,1600;0,0650;-0,5946;0,2822
73;26,1600;-0,4131;-0,1056;0,2075
64;26,1600;-0,1408;-0,8401;0,4435
84;26,2600;-0,0694;-0,0496;0,2598
79;26,2600;0,2116;-0,3423;0,3655
78;26,2600;-0,3477;-0,7239;0,4731
76;26,2600;0,0772;-0,6252;0,3199
73;26,2600;-0,3967;-0,0952;0,1871
64;26,2600;-0,1518;-0,8896;0,5900
84;26,3600;-0,0567;-0,0638;0,1610
79;26,3600;0,1931;-0,3644;0,2838
78;26,3600;-0,3059;-0,7509;0,5015
76;26,3600;0,0922;-0,6648;0,4660
73;26,3600;-0,3857;-0,0909;0,0927
64;26,3600;-0,1559;-0,9524;0,6237
84;26,4600;-0,0474;-0,0848;0,2476
79;26,4600;0,1853;-0,3912;0,3354
78;26,4600;-0,2691;-0,7924;0,5557
76;26,4600;0,1084;-0,7150;0,5930
73;26,4600;-0,3766;-0,0932;0,0806
64;26,4600;-0,1560;-1,0243;0,7332
84;26,5800;-0,0410;-0,1084;0,2065
79;26,5800;0,1853;-0,4299;0,4002
78;26,5800;-0,2369;-0,8450;0,4673
76;26,5800;0,1213;-0,7917;0,6412
73;26,5800;-0,3672;-0,1017;0,1553
84;26,6800;-0,0400;-0,1282;0,2135
79;26,6800;0,1890;-0,4713;0,4396
78;26,6800;-0,2237;-0,8913;0,5513
76;26,6800;0,1263;-0,8465;0,5291
73;26,6800;-0,3602;-0,1140;0,1799
84;26,7800;-0,0436;-0,1488;0,2007
79;26,7800;0,1881;-0,5142;0,4527
78;26,7800;-0,2135;-0,9427;0,4869
76;26,7800;0,1322;-0,8880;0,4280
73;26,7800;-0,3579;-0,1313;0,1702
85;26,9000;0,4648;-0,3029;0,4080
84;26,9000;-0,0517;-0,1781;0,2422
79;26,9000;0,1783;-0,5728;0,5437
78;26,9000;-0,2072;-1,0011;0,4531
76;26,9000;0,1333;-0,9380;0,4177
73;26,9000;-0,3648;-0,1577;0,2057
85;27,0000;0,4307;-0,3370;0,5235
84;27,0000;-0,0582;-0,2062;0,2778
79;27,0000;0,1619;-0,6282;0,6180
78;27,0000;-0,2068;-1,0418;0,4124
76;27,0000;0,1306;-0,9862;0,5122
73;27,0000;-0,3717;-0,1826;0,2867
85;27,1000;0,3983;-0,3728;0,5163
84;27,1000;-0,0637;-0,2328;0,2315
81;27,1000;-0,1233;0,0874;0,1425
79;27,1000;0,1398;-0,6819;0,5849
78;27,1000;-0,2104;-1,0764;0,3459
76;27,1000;0,1248;-1,0357;0,5443
73;27,1000;-0,3800;-0,2103;0,2834
85;27,2000;0,3734;-0,4110;0,4382
84;27,2000;-0,0688;-0,2558;0,2060
81;27,2000;-0,1321;0,0757;0,1312
79;27,2000;0,1150;-0,7297;0,5274
76;27,2000;0,1173;-1,0818;0,4360
73;27,2000;-0,3897;-0,2397;0,2744
88;27,3200;0,2582;0,0919;0,1349
85;27,3200;0,3516;-0,4607;0,3997
84;27,3200;-0,0751;-0,2742;0,0745
81;27,3200;-0,1395;0,0622;0,0792
79;27,3200;0,0881;-0,7867;0,4308
73;27,3200;-0,4019;-0,2706;0,2346
88;27,4200;0,2507;0,0794;0,1524
85;27,4200;0,3399;-0,5066;0,5010
84;27,4200;-0,0773;-0,2848;0,0770
81;27,4200;-0,1475;0,0574;0,1158
79;27,4200;0,0776;-0,8309;0,4614
73;27,4200;-0,4084;-0,2922;0,2228
67;27,4200;-0,4731;-0,6540;0,4054
88;27,5200;0,2378;0,0695;0,1632
85;27,5200;0,3314;-0,5508;0,4319
84;27,5200;-0,0749;-0,2924;0,0305
81;27,5200;-0,1601;0,0554;0,1199
79;27,5200;0,0737;-0,8724;0,4389
73;27,5200;-0,4089;-0,3097;0,1262
67;27,5200;-0,4277;-0,6689;0,5769
88;27,6400;0,2243;0,0638;0,1054
85;27,6400;0,3165;-0,5953;0,3530
84;27,6400;-0,0614;-0,3013;0,1138
81;27,6400;-0,1700;0,0535;0,0182
79;27,6400;0,0787;-0,9285;0,5279
73;27,6400;-0,4003;-0,3256;0,1194
67;27,6400;-0,3609;-0,6903;0,6423
88;27,7400;0,2201;0,0554;0,0645
85;27,7400;0,3005;-0,6255;0,2999
84;27,7400;-0,0467;-0,3022;0,1516
81;27,7400;-0,1711;0,0545;0,0547
79;27,7400;0,0928;-0,9839;0,6402
73;27,7400;-0,3870;-0,3334;0,1581
67;27,7400;-0,3120;-0,7140;0,4752
88;27,8400;0,2239;0,0476;0,1291
85;27,8400;0,2827;-0,6526;0,3528
84;27,8400;-0,0327;-0,3025;0,1511
81;27,8400;-0,1624;0,0538;0,1809
79;27,8400;0,1125;-1,0495;0,6680
73;27,8400;-0,3688;-0,3357;0,1797
67;27,8400;-0,2783;-0,7412;0,3831
88;27,9400;0,2383;0,0405;0,2357
85;27,9400;0,2663;-0,6795;0,3623
84;27,9400;-0,0162;-0,3095;0,2213
81;27,9400;-0,1413;0,0512;0,2542
73;27,9400;-0,3469;-0,3292;0,2734
67;27,9400;-0,2622;-0,7716;0,3961
88;28,0600;0,2687;0,0332;0,2964
85;28,0600;0,2508;-0,7192;0,3784
84;28,0600;-0,0007;-0,3340;0,3093
81;28,0600;-0,1110;0,0490;0,2662
73;28,0600;-0,3181;-0,3172;0,2731
67;28,0600;-0,2509;-0,8200;0,4188
88;28,1600;0,2944;0,0226;0,2600
85;28,1600;0,2394;-0,7525;0,3727
84;28,1600;0,0066;-0,3639;0,3662
81;28,1600;-0,0887;0,0454;0,2454
73;28,1600;-0,2982;-0,3104;0,1824
67;28,1600;-0,2366;-0,8714;0,5653
88;28,2600;0,3167;0,0045;0,3162
85;28,2600;0,2278;-0,7886;0,3598
84;28,2600;0,0072;-0,4025;0,4075
81;28,2600;-0,0676;0,0366;0,2468
73;28,2600;-0,2831;-0,3129;0,1788
67;28,2600;-0,2193;-0,9352;0,7094
88;28,3800;0,3333;-0,0189;0,2211
85;28,3800;0,2070;-0,8412;0,5190
84;28,3800;-0,0068;-0,4568;0,5375
81;28,3800;-0,0455;0,0164;0,2905
73;28,3800;-0,2768;-0,3333;0,2321
67;28,3800;-0,2115;-1,0167;0,6475
88;28,4800;0,3365;-0,0374;0,1869
85;28,4800;0,1802;-0,8880;0,5939
84;28,4800;-0,0311;-0,5109;0,7076
81;28,4800;-0,0405;-0,0151;0,3829
73;28,4800;-0,2810;-0,3649;0,4443
67;28,4800;-0,2045;-1,0903;0,7749
88;28,5800;0,3291;-0,0550;0,2348
85;28,5800;0,1503;-0,9325;0,5949
84;28,5800;-0,0655;-0,5758;0,8055
81;28,5800;-0,0467;-0,0517;0,4049
73;28,5800;-0,2933;-0,4071;0,4866
88;28,6800;0,3143;-0,0726;0,2486
85;28,6800;0,1289;-0,9938;0,6927
84;28,6800;-0,1065;-0,6457;0,7887
81;28,6800;-0,0627;-0,0856;0,3116
74;28,6800;-0,4984;-0,1551;0,2137
73;28,6800;-0,3101;-0,4586;0,5494
88;28,8000;0,2896;-0,0918;0,2581
85;28,8000;0,1249;-1,0848;0,8022
84;28,8000;-0,1467;-0,7192;0,6986
81;28,8000;-0,0873;-0,1143;0,3021
74;28,8000;-0,4763;-0,1744;0,2548
73;28,8000;-0,3290;-0,5166;0,4394
70;28,8000;0,4902;-0,8454;0,2921
88;28,9000;0,2679;-0,1020;0,2496
84;28,9000;-0,1651;-0,7755;0,5601
81;28,9000;-0,1003;-0,1269;0,1424
74;28,9000;-0,4610;-0,2023;0,3615
73;28,9000;-0,3390;-0,5497;0,3161
70;28,9000;0,4601;-0,8477;0,3513
88;29,0000;0,2476;-0,1084;0,1949
84;29,0000;-0,1728;-0,8300;0,5268
81;29,0000;-0,1101;-0,1323;0,0995
74;29,0000;-0,4519;-0,2418;0,4073
73;29,0000;-0,3455;-0,5768;0,2831
70;29,0000;0,4305;-0,8485;0,2991
88;29,1200;0,2357;-0,1117;0,0328
84;29,1200;-0,1717;-0,9051;0,6551
81;29,1200;-0,1106;-0,1413;0,1091
74;29,1200;-0,4461;-0,2933;0,4132
73;29,1200;-0,3400;-0,6055;0,2726
70;29,1200;0,3967;-0,8534;0,2091
88;29,2200;0,2376;-0,1142;0,0735
84;29,2200;-0,1658;-0,9790;0,7932
81;29,2200;-0,0965;-0,1582;0,2665
74;29,2200;-0,4426;-0,3286;0,3678
73;29,2200;-0,3188;-0,6286;0,3729
72;29,2200;0,4869;-0,5004;0,2720
70;29,2200;0,3749;-0,8597;0,2161
88;29,3200;0,2506;-0,1228;0,2100
84;29,3200;-0,1547;-1,0684;0,9968
81;29,3200;-0,0741;-0,1773;0,2938
74;29,3200;-0,4336;-0,3588;0,2931
73;29,3200;-0,2854;-0,6494;0,4237
72;29,3200;0,4687;-0,5163;0,2337
70;29,3200;0,3583;-0,8651;0,1860
88;29,4400;0,2767;-0,1425;0,3393
81;29,4400;-0,0462;-0,2017;0,2680
74;29,4400;-0,4100;-0,3895;0,3220
73;29,4400;-0,2353;-0,6755;0,5046
72;29,4400;0,4560;-0,5353;0,2158
70;29,4400;0,3371;-0,8799;0,2855
88;29,5400;0,3035;-0,1649;0,3666
81;29,5400;-0,0306;-0,2170;0,2199
74;29,5400;-0,3823;-0,4104;0,3508
73;29,5400;-0,1874;-0,6974;0,5114
72;29,5400;0,4492;-0,5504;0,1683
70;29,5400;0,3113;-0,9066;0,4141
88;29,6400;0,3336;-0,1825;0,3026
81;29,6400;-0,0214;-0,2334;0,1596
74;29,6400;-0,3485;-0,4299;0,3877
73;29,6400;-0,1488;-0,7332;0,4985
72;29,6400;0,4401;-0,5674;0,1762
70;29,6400;0,2802;-0,9440;0,5103
88;29,7400;0,3587;-0,1928;0,2774
81;29,7400;-0,0177;-0,2482;0,0757
74;29,7400;-0,3192;-0,4532;0,3475
73;29,7400;-0,1305;-0,7902;0,6578
72;29,7400;0,4244;-0,5869;0,3220
70;29,7400;0,2473;-0,9909;0,6020
89;29,8600;-0,0826;0,0994;0,3702
88;29,8600;0,3776;-0,2063;0,1934
81;29,8600;-0,0178;-0,2603;0,1132
74;29,8600;-0,2975;-0,4913;0,4138
73;29,8600;-0,1291;-0,8817;0,9171
72;29,8600;0,3960;-0,6106;0,3619
70;29,8600;0,2083;-1,0697;0,9041
89;29,9600;-0,0562;0,0893;0,2396
88;29,9600;0,3836;-0,2209;0,1478
81;29,9600;-0,0248;-0,2669;0,1456
74;29,9600;-0,2896;-0,5324;0,4218
73;29,9600;-0,1398;-0,9829;1,0605
72;29,9600;0,3626;-0,6333;0,3995
89;30,0600;-0,0411;0,0738;0,2070
88;30,0600;0,3844;-0,2378;0,1692
81;30,0600;-0,0410;-0,2799;0,2217
74;30,0600;-0,2870;-0,5851;0,5970
72;30,0600;0,3245;-0,6637;0,4926
89;30,1800;-0,0411;0,0526;0,2339
88;30,1800;0,3717;-0,2518;0,2382
81;30,1800;-0,0637;-0,2959;0,2968
74;30,1800;-0,2872;-0,6614;0,7409
72;30,1800;0,2825;-0,7081;0,5393
89;30,2800;-0,0588;0,0360;0,2700
88;30,2800;0,3514;-0,2633;0,2453
81;30,2800;-0,0808;-0,3110;0,1999
74;30,2800;-0,2835;-0,7298;0,6959
72;30,2800;0,2496;-0,7526;0,5616
89;30,3800;-0,0883;0,0193;0,3718
88;30,3800;0,3243;-0,2748;0,3328
81;30,3800;-0,0839;-0,3304;0,2214
74;30,3800;-0,2708;-0,8005;0,7067
72;30,3800;0,2220;-0,8004;0,5403
89;30,4800;-0,1248;0,0017;0,4092
88;30,4800;0,2952;-0,2840;0,2631
81;30,4800;-0,0688;-0,3531;0,2841
74;30,4800;-0,2518;-0,8719;0,7613
72;30,4800;0,2027;-0,8536;0,5851
89;30,6000;-0,1721;-0,0226;0,4186
88;30,6000;0,2662;-0,3028;0,2356
82;30,6000;0,4877;-0,6732;0,5188
81;30,6000;-0,0402;-0,3879;0,3622
74;30,6000;-0,2185;-0,9572;0,7758
72;30,6000;0,1862;-0,9260;0,6664
89;30,7000;-0,2069;-0,0422;0,3906
88;30,7000;0,2546;-0,3267;0,3015
82;30,7000;0,4343;-0,6980;0,6231
81;30,7000;-0,0344;-0,4286;0,4575
74;30,7000;-0,1945;-1,0302;0,7126
72;30,7000;0,1842;-0,9988;0,6736
89;30,8000;-0,2291;-0,0564;0,1805
88;30,8000;0,2485;-0,3523;0,2371
82;30,8000;0,3758;-0,7208;0,6104
81;30,8000;-0,0642;-0,4669;0,4972
72;30,8000;0,1876;-1,0723;0,7213
89;30,9200;-0,2374;-0,0714;0,1552
88;30,9200;0,2335;-0,3735;0,1937
82;30,9200;0,3009;-0,7556;0,6878
81;30,9200;-0,1203;-0,5192;0,6950
89;31,0200;-0,2313;-0,0894;0,2208
88;31,0200;0,2196;-0,3850;0,1277
82;31,0200;0,2473;-0,8024;0,6910
81;31,0200;-0,1585;-0,5640;0,5247
89;31,1200;-0,2137;-0,1115;0,3280
88;31,1200;0,2123;-0,3986;0,1593
82;31,1200;0,2075;-0,8505;0,6219
81;31,1200;-0,1759;-0,5990;0,3360
89;31,2200;-0,1847;-0,1342;0,3731
88;31,2200;0,2080;-0,4172;0,1939
87;31,2200;0,3647;0,0950;0,1895
82;31,2200;0,1771;-0,9063;0,6216
81;31,2200;-0,1637;-0,6392;0,5016
89;31,3400;-0,1458;-0,1668;0,4065
88;31,3400;0,2079;-0,4398;0,2054
87;31,3400;0,3455;0,0811;0,1997
86;31,3400;-0,4994;-0,3514;0,2332
82;31,3400;0,1437;-0,9668;0,4918
81;31,3400;-0,1259;-0,7086;0,6879
89;31,4400;-0,1143;-0,1965;0,4233
88;31,4400;0,2167;-0,4653;0,2988
87;31,4400;0,3272;0,0672;0,2402
86;31,4400;-0,4938;-0,3733;0,2238
82;31,4400;0,1129;-1,0156;0,6204
81;31,4400;-0,0873;-0,7730;0,8029
89;31,5400;-0,0869;-0,2289;0,4182
88;31,5400;0,2330;-0,4970;0,4032
87;31,5400;0,3071;0,0518;0,2548
86;31,5400;-0,4866;-0,3961;0,2573
82;31,5400;0,0868;-1,0823;0,8023
81;31,5400;-0,0513;-0,8473;0,8099
89;31,6600;-0,0713;-0,2692;0,3447
88;31,6600;0,2521;-0,5469;0,4411
87;31,6600;0,2845;0,0317;0,2368
86;31,6600;-0,4804;-0,4256;0,3127
81;31,6600;-0,0136;-0,9332;0,7786
89;31,7600;-0,0711;-0,3008;0,2711
88;31,7600;0,2593;-0,5923;0,4006
87;31,7600;0,2696;0,0140;0,1914
86;31,7600;-0,4758;-0,4546;0,2698
81;31,7600;0,0038;-0,9977;0,6049
89;31,8600;-0,0825;-0,3273;0,3355
88;31,8600;0,2562;-0,6385;0,4913
87;31,8600;0,2590;-0,0050;0,1869
86;31,8600;-0,4722;-0,4922;0,4163
81;31,8600;0,0007;-1,0663;0,7427
89;31,9600;-0,1044;-0,3516;0,4032
88;31,9600;0,2466;-0,6856;0,5432
87;31,9600;0,2537;-0,0265;0,2348
86;31,9600;-0,4700;-0,5280;0,3854
89;32,0600;-0,1370;-0,3799;0,4856
88;32,0600;0,2291;-0,7413;0,6291
87;32,0600;0,2528;-0,0509;0,2691
86;32,0600;-0,4683;-0,5582;0,2895
90;32,1800;-0,0288;0,0764;0,3474
89;32,1800;-0,1753;-0,4201;0,4154
88;32,1800;0,1954;-0,8127;0,6998
87;32,1800;0,2563;-0,0839;0,2819
86;32,1800;-0,4578;-0,5967;0,3631
91;32,3000;0,4861;-0,6790;0,4123
90;32,3000;-0,0487;0,0378;0,2954
89;32,3000;-0,2003;-0,4546;0,2525
88;32,3000;0,1589;-0,8896;0,7361
87;32,3000;0,2664;-0,1206;0,2904
86;32,3000;-0,4398;-0,6317;0,3449
91;32,4000;0,4484;-0,6957;0,3726
90;32,4000;-0,0634;0,0061;0,3373
89;32,4000;-0,2068;-0,4767;0,2210
88;32,4000;0,1307;-0,9594;0,7211
87;32,4000;0,2769;-0,1520;0,3032
86;32,4000;-0,4165;-0,6623;0,3686
91;32,5200;0,4107;-0,7243;0,3784
90;32,5200;-0,0755;-0,0302;0,2987
89;32,5200;-0,2010;-0,5059;0,3035
88;32,5200;0,1112;-1,0373;0,6478
87;32,5200;0,2810;-0,1834;0,2324
86;32,5200;-0,3796;-0,7020;0,4189
91;32,6400;0,3827;-0,7589;0,3857
90;32,6400;-0,0839;-0,0642;0,2590
89;32,6400;-0,1839;-0,5399;0,3443
87;32,6400;0,2736;-0,2108;0,2059
86;32,6400;-0,3342;-0,7409;0,5035
91;32,7400;0,3633;-0,7948;0,3960
90;32,7400;-0,0827;-0,0876;0,2160
89;32,7400;-0,1572;-0,5708;0,4661
87;32,7400;0,2584;-0,2330;0,2847
86;32,7400;-0,2935;-0,7799;0,5982
91;32,8600;0,3356;-0,8400;0,4696
90;32,8600;-0,0736;-0,1082;0,1678
89;32,8600;-0,1149;-0,6097;0,5360
87;32,8600;0,2345;-0,2622;0,3660
86;32,8600;-0,2509;-0,8289;0,4920
91;32,9800;0,3070;-0,8836;0,4126
90;32,9800;-0,0544;-0,1143;0,2262
89;32,9800;-0,0817;-0,6580;0,4887
87;32,9800;0,2047;-0,2902;0,3606
86;32,9800;-0,2217;-0,8720;0,4088
91;33,1000;0,2747;-0,9253;0,4599
90;33,1000;-0,0273;-0,1169;0,2767
89;33,1000;-0,0720;-0,7100;0,4666
87;33,1000;0,1759;-0,3204;0,3299
86;33,1000;-0,2033;-0,9146;0,3997
91;33,2000;0,2465;-0,9652;0,5049
90;33,2000;-0,0082;-0,1250;0,1822
89;33,2000;-0,0788;-0,7496;0,4576
87;33,2000;0,1559;-0,3464;0,3581
86;33,2000;-0,1926;-0,9563;0,5298
91;33,3200;0,2163;-1,0259;0,5860
90;33,3200;0,0038;-0,1365;0,1423
89;33,3200;-0,0959;-0,7923;0,4468
87;33,3200;0,1347;-0,3750;0,3057
86;33,3200;-0,1838;-1,0123;0,5507
91;33,4400;0,2049;-1,0895;0,5370
90;33,4400;0,0046;-0,1582;0,2714
89;33,4400;-0,1229;-0,8383;0,4889
87;33,4400;0,1117;-0,4046;0,3717
86;33,4400;-0,1823;-1,0801;0,6906
90;33,5400;-0,0031;-0,1844;0,3147
89;33,5400;-0,1475;-0,8868;0,6628
87;33,5400;0,0917;-0,4293;0,3537
92;33,6600;0,4919;-0,5813;0,2280
90;33,6600;-0,0279;-0,2228;0,3837
89;33,6600;-0,1738;-0,9541;0,6710
87;33,6600;0,0687;-0,4629;0,3235
92;33,7800;0,4653;-0,5961;0,2992
90;33,7800;-0,0542;-0,2580;0,3269
89;33,7800;-0,1793;-1,0323;0,6508
87;33,7800;0,0467;-0,5031;0,3896
80;33,7800;-0,4883;-0,4118;0,3476
92;33,8800;0,4383;-0,6143;0,3768
90;33,8800;-0,0623;-0,2811;0,2065
87;33,8800;0,0291;-0,5409;0,3878
80;33,8800;-0,4576;-0,3996;0,2771
92;34,0000;0,4045;-0,6435;0,3877
90;34,0000;-0,0523;-0,2958;0,1828
87;34,0000;0,0138;-0,5944;0,4881
80;34,0000;-0,4329;-0,4016;0,1581
92;34,1200;0,3785;-0,6766;0,3605
90;34,1200;-0,0227;-0,3092;0,3509
87;34,1200;0,0080;-0,6656;0,6318
80;34,1200;-0,4286;-0,4160;0,1753
92;34,2200;0,3630;-0,7055;0,3189
90;34,2200;0,0134;-0,3266;0,4530
87;34,2200;0,0078;-0,7379;0,7002
80;34,2200;-0,4432;-0,4421;0,3485
92;34,3400;0,3422;-0,7447;0,3699
90;34,3400;0,0644;-0,3599;0,5479
87;34,3400;0,0022;-0,8237;0,7072
80;34,3400;-0,4829;-0,4772;0,4786
92;34,4600;0,3144;-0,7818;0,3802
90;34,4600;0,1166;-0,4063;0,6426
87;34,4600;-0,0118;-0,9140;0,7741
92;34,5800;0,2769;-0,8179;0,4426
90;34,5800;0,1523;-0,4522;0,4215
87;34,5800;-0,0338;-1,0037;0,8086
92;34,6800;0,2423;-0,8443;0,4375
90;34,6800;0,1610;-0,4875;0,3620
87;34,6800;-0,0583;-1,0826;0,7766
92;34,8000;0,1949;-0,8798;0,5091
90;34,8000;0,1401;-0,5424;0,5353
92;34,9200;0,1530;-0,9340;0,5895
90;34,9200;0,0866;-0,6003;0,6638
92;35,0200;0,1310;-0,9937;0,6466
90;35,0200;0,0359;-0,6411;0,6344
92;35,1400;0,1224;-1,0756;0,7410
90;35,1400;0,0003;-0,6954;0,5581
80;35,1400;-0,4555;-0,6145;0,4477
90;35,2600;-0,0071;-0,7673;0,6947
80;35,2600;-0,3997;-0,6013;0,4699
90;35,3600;0,0099;-0,8351;0,7191
80;35,3600;-0,3486;-0,5912;0,5225
90;35,4800;0,0451;-0,9229;0,8654
80;35,4800;-0,2832;-0,5889;0,5784
90;35,6000;0,0552;-1,0338;0,9612
80;35,6000;-0,2239;-0,6092;0,5315
80;35,7200;-0,1793;-0,6591;0,5819
80;35,8200;-0,1530;-0,7195;0,6949
80;35,9400;-0,1377;-0,8185;0,8700
80;36,0600;-0,1222;-0,9216;0,7458
80;36,1600;-0,0982;-1,0007;0,8681
80;36,2800;-0,0582;-1,0952;0,9378
