time;agentId;headwayDistance;headwayVelocity
7,1800;447;1,8579;0,0000
7,4400;447;1,7726;0,0000
7,7000;447;1,6883;0,0000
7,9600;580;1,4098;0,0000
7,9600;447;1,3415;0,0000
8,2200;580;0,9470;1,6821
8,2200;457;0,9470;1,7769
8,4800;580;0,4413;1,6997
8,4800;192;1,4690;1,6037
8,4800;457;0,4413;1,6037
8,7400;580;0,5096;1,7066
8,7400;450;0,6960;1,5387
8,7400;192;1,3021;1,7066
8,7400;439;0,6172;0,3569
8,7400;457;0,5096;0,3569
9,0000;580;0,4155;1,3768
9,0000;450;0,6501;1,3768
9,0000;192;0,8368;1,7063
9,0000;439;0,4155;0,8030
9,0000;457;0,8368;1,5910
9,2600;580;0,6964;1,3009
9,2600;450;0,5894;1,3009
9,2600;258;0,7164;0,0000
9,2600;192;0,4221;1,7065
9,2600;439;0,5894;1,3213
9,2600;457;0,4221;1,6067
9,2600;286;0,6973;1,3213
9,5200;450;0,3764;1,4278
9,5200;258;0,6118;0,0000
9,5200;192;0,5206;1,7048
9,5200;439;0,4370;1,2865
9,5200;286;0,3764;1,2865
9,7800;450;0,4264;1,5342
9,7800;258;0,8484;0,0000
9,7800;192;0,6085;1,7354
9,7800;439;0,4392;0,3190
9,7800;286;0,4264;0,3190
10,0400;450;0,6916;1,5616
10,0400;258;0,7553;0,0000
10,0400;192;0,6961;1,7321
10,3000;450;0,9212;1,5616
10,3000;258;0,6060;0,0000
10,3000;574;0,9852;0,0000
10,5600;258;0,6370;0,9880
10,5600;578;0,6370;1,4429
10,5600;574;0,6799;0,0000
10,8200;578;0,9216;1,4429
10,8200;460;0,4351;0,9776
10,8200;574;0,4351;1,0079
11,0800;578;1,0646;0,0000
11,0800;574;0,4309;0,9310
11,3400;154;0,4574;1,2751
11,3400;578;1,0739;0,0000
11,3400;574;0,5100;0,9310
11,3400;130;0,4574;1,0953
11,6000;154;0,4103;0,5892
11,6000;578;1,0275;0,9310
11,6000;574;0,6711;0,9310
11,6000;94;0,9235;1,1037
11,6000;130;0,4103;1,1037
11,6000;215;0,7039;0,6485
11,8600;154;0,4665;0,4251
11,8600;578;0,7179;0,9310
11,8600;94;0,6683;0,8841
11,8600;130;0,4349;0,0000
11,8600;215;0,6763;0,8841
12,1200;154;0,5730;1,2355
12,1200;94;0,5730;0,6769
12,1200;130;0,4706;0,2885
12,1200;454;0,4417;0,0000
12,1200;215;0,7311;0,6769
12,3800;154;0,6786;1,2893
12,3800;94;0,5538;1,3277
12,3800;130;0,6120;0,0000
12,3800;454;0,4032;1,5018
12,3800;215;0,5538;1,2893
12,3800;599;0,4032;0,3985
12,6400;154;0,8337;0,9803
12,6400;460;0,6362;1,1125
12,6400;94;0,3833;1,1125
12,6400;130;0,4529;1,2301
12,6400;455;0,4423;0,0000
12,6400;215;0,3833;0,9803
12,6400;124;0,4423;1,2301
12,6400;599;0,3842;0,4060
12,9000;154;0,9828;0,9202
12,9000;460;0,4610;0,9202
12,9000;94;0,4095;0,3174
12,9000;130;0,4396;1,3082
12,9000;455;0,3564;1,3787
12,9000;215;0,4095;0,9202
12,9000;124;0,3564;1,3082
12,9000;599;0,4945;0,4060
13,1600;154;1,0104;0,5712
13,1600;94;0,4154;1,0463
13,1600;130;0,5076;1,1801
13,1600;455;0,3413;1,3643
13,1600;215;0,4156;0,6769
13,1600;124;0,3413;1,1801
13,1600;599;0,5435;0,6291
13,4200;94;0,4844;0,8417
13,4200;130;0,6256;1,1442
13,4200;454;0,3739;1,4703
13,4200;455;0,3553;1,2486
13,4200;215;0,4844;0,7760
13,4200;124;0,3553;1,0720
13,4200;599;0,5211;1,0720
13,4200;383;0,3739;0,7277
13,6800;130;0,7110;0,9699
13,6800;454;0,4312;1,0477
13,6800;455;0,4081;1,1939
13,6800;367;0,6764;1,0477
13,6800;124;0,4081;1,1895
13,6800;599;0,4416;1,1895
13,6800;383;0,4312;0,4676
13,9400;130;0,7417;0,8869
13,9400;454;0,5852;0,9059
13,9400;455;0,4484;1,0850
13,9400;367;0,7287;0,9059
13,9400;124;0,4484;1,0068
13,9400;599;0,6359;1,0068
13,9400;383;0,5852;0,7607
14,2000;454;0,6416;0,0000
14,2000;455;0,4384;1,1309
14,2000;367;0,6943;0,8753
14,2000;124;0,4384;0,8753
14,2000;599;0,7424;1,2894
14,2000;383;0,7680;0,8753
14,2000;205;0,6258;0,0000
14,4600;454;0,4341;0,0000
14,4600;367;0,4490;0,9216
14,4600;599;0,7127;1,2894
14,4600;383;0,8514;1,0479
14,4600;205;0,7906;0,0000
14,7200;454;0,3660;0,0000
14,7200;383;0,9171;1,2366
14,7200;205;0,9171;0,9915
14,9800;383;0,8584;1,8786
14,9800;451;0,7547;0,0000
14,9800;205;0,9624;0,4894
15,2400;383;0,6948;1,6501
15,2400;205;0,8056;0,0000
15,2400;586;0,8652;0,0000
15,5000;205;0,5194;0,0000
15,5000;586;0,9876;1,0273
15,5000;368;1,0748;1,8254
15,7600;527;0,6318;0,0000
15,7600;205;0,4886;0,8969
15,7600;582;0,4305;0,0000
15,7600;586;0,9126;1,1590
15,7600;368;0,8157;0,0000
16,0200;527;0,6803;0,0000
16,0200;582;0,3948;1,8043
16,0200;586;0,6496;0,0000
16,0200;368;0,3527;1,8043
16,0200;95;0,3527;1,5742
16,2800;527;0,6906;0,0000
16,2800;582;0,5669;0,5960
16,2800;586;0,4379;0,0000
16,2800;368;0,3598;0,5960
16,2800;343;0,7161;0,8033
16,2800;95;0,3598;0,1542
16,5400;527;0,6477;1,2943
16,5400;119;0,6681;0,8032
16,5400;582;0,6477;0,8032
16,5400;368;0,4113;0,6724
16,5400;343;0,6752;0,8032
16,5400;95;0,4113;0,0173
16,8000;527;0,4632;1,2217
16,8000;119;0,6029;0,6081
16,8000;582;0,4632;0,6081
16,8000;368;0,4870;1,0956
16,8000;343;0,5815;0,4162
16,8000;95;0,4870;0,4162
17,0600;527;0,4693;1,0393
17,0600;119;0,5607;0,3721
17,0600;582;0,4693;0,3721
17,0600;368;0,6700;1,1107
17,0600;343;0,5518;1,1107
17,0600;95;0,5518;0,7912
17,3200;527;0,5398;0,9738
17,3200;119;0,5903;0,5110
17,3200;368;0,6737;0,0000
17,3200;343;0,4951;0,9738
17,3200;95;0,4951;0,5785
17,3200;163;0,6129;0,0000
17,5800;527;0,3716;0,9787
17,5800;119;0,5823;0,3440
17,5800;343;0,5873;0,9787
17,5800;95;0,3716;0,3440
17,5800;591;0,5185;1,2612
17,5800;163;0,5185;0,7318
17,8400;527;0,4411;1,3455
17,8400;119;0,5487;0,1888
17,8400;343;0,7622;1,1650
17,8400;95;0,4411;0,1888
17,8400;534;0,7829;1,3495
17,8400;220;0,7036;0,0000
17,8400;591;0,6867;1,1650
17,8400;163;0,6867;0,9915
18,1000;527;0,5780;0,6320
18,1000;343;0,6525;0,8648
18,1000;534;0,5432;1,0180
18,1000;220;0,6118;0,0000
18,1000;591;0,6352;0,0000
18,1000;163;0,5432;0,8648
18,3600;527;0,6011;0,6320
18,3600;534;0,3678;0,8775
18,3600;220;0,5965;0,0000
18,3600;591;0,4868;0,0000
18,3600;163;0,3678;0,9827
18,3600;147;0,4868;1,1137
18,6200;527;0,5851;0,6320
18,6200;534;0,5113;0,9664
18,6200;220;0,6686;0,6320
18,6200;591;0,7124;0,0000
18,6200;163;0,5113;1,0935
18,6200;147;0,8487;1,2358
18,8800;527;0,5541;0,6320
18,8800;534;0,6417;0,8036
18,8800;220;0,7131;0,6320
18,8800;591;0,3533;1,8186
18,8800;163;0,7792;0,7982
18,8800;147;0,7270;0,0000
18,8800;194;0,3533;1,3743
19,1400;220;0,6889;0,5965
19,1400;591;0,4461;0,4361
19,1400;147;0,4173;1,7366
19,1400;194;0,4461;1,4598
19,1400;518;0,9666;1,6818
19,1400;282;0,4173;1,6818
19,4000;220;0,4737;0,5965
19,4000;147;0,5320;1,1783
19,4000;194;0,7601;1,4598
19,4000;518;0,5398;1,1783
19,4000;282;0,5320;1,6780
19,6600;220;0,3542;0,5965
19,6600;194;1,0133;1,4385
19,6600;518;0,3773;1,4385
19,6600;282;0,3773;1,3297
19,6600;211;0,8374;1,3297
19,9200;220;0,3801;0,5965
19,9200;194;0,6061;1,2366
19,9200;518;0,6958;1,2366
19,9200;282;0,6061;1,2932
19,9200;211;0,6906;0,0000
20,1800;220;0,4071;0,5965
20,1800;194;0,4522;0,6578
20,1800;518;0,4282;1,7931
20,1800;282;0,4522;1,1377
20,1800;211;0,5548;0,0000
20,1800;269;0,4282;1,0270
20,4400;194;0,4429;0,4355
20,4400;518;0,3256;0,5953
20,4400;282;0,4429;0,8506
20,4400;211;0,9574;1,7249
20,4400;317;0,8683;0,0000
20,4400;269;0,3256;0,7851
20,7000;194;0,4663;0,8359
20,7000;518;0,3356;0,1045
20,7000;282;0,4663;0,8732
20,7000;317;0,8027;0,0000
20,7000;269;0,3356;0,8423
20,9600;194;0,7191;1,1066
20,9600;282;0,7191;1,0449
20,9600;228;0,4860;1,1567
20,9600;174;0,4860;1,5658
20,9600;317;0,5064;1,1567
20,9600;269;0,4188;0,8423
21,2200;228;0,6028;0,8556
21,2200;174;0,3822;0,9064
21,2200;317;0,3822;0,8556
21,2200;269;0,6564;0,9064
21,2200;256;1,0437;1,5277
21,4800;228;0,6736;0,7511
21,4800;174;0,4126;0,6972
21,4800;317;0,4126;0,7511
21,4800;269;0,4277;0,6972
21,4800;256;0,6763;1,3614
21,4800;202;0,8782;1,3614
21,7400;16;0,7560;0,9998
21,7400;228;0,5409;1,3822
21,7400;174;0,5078;0,4293
21,7400;317;0,3525;0,9998
21,7400;269;0,3525;0,4293
21,7400;256;0,5409;1,2686
21,7400;202;0,7438;0,7503
22,0000;228;0,7100;1,5539
22,0000;174;0,6837;0,6351
22,0000;317;0,4608;0,9998
22,0000;202;0,8035;0,6189
22,2600;174;0,9472;0,8949
22,2600;29;0,7403;0,0000
22,2600;202;0,5244;0,0000
22,5200;174;0,8756;1,0892
22,5200;29;0,6898;1,4377
22,5200;606;0,6898;1,0892
22,5200;202;0,4872;0,0000
22,7800;174;0,6168;0,9849
22,7800;29;0,6168;1,1931
22,7800;606;0,6560;0,9849
22,7800;592;0,7538;1,8059
23,0400;290;0,7314;0,9333
23,0400;29;0,5245;1,1808
23,0400;606;0,6058;1,1777
23,0400;592;0,7314;1,2319
23,3000;290;0,7203;1,0929
23,3000;29;0,5737;1,5681
23,3000;606;0,5737;1,3702
23,3000;592;0,5866;1,5681
23,5600;290;0,7886;1,0396
23,5600;29;0,5969;1,5693
23,5600;606;0,4049;1,0396
23,5600;592;0,4049;1,5693
23,8200;290;0,6307;1,7613
23,8200;305;0,5390;1,7613
23,8200;592;0,6892;1,5693
23,8200;443;0,5390;1,0354
24,0800;290;0,6351;1,3797
24,0800;305;0,6190;0,0000
24,0800;592;0,6351;1,2276
24,0800;190;0,7437;1,2276
24,0800;443;0,6466;1,0613
24,3400;290;0,5027;0,8455
24,3400;305;0,7643;0,0000
24,3400;592;0,5888;1,2331
24,3400;190;0,5027;1,2331
24,3400;443;1,0634;1,0841
24,6000;305;0,8172;0,6481
24,6000;190;0,4835;1,2357
24,6000;443;0,9181;0,0000
24,6000;432;0,9193;1,0831
24,8600;305;0,6813;1,0754
24,8600;257;0,7391;1,2235
24,8600;190;0,6813;1,0760
24,8600;432;0,7391;1,0238
25,1200;305;0,7799;1,0835
25,1200;257;0,5893;1,2367
25,1200;190;0,7799;1,0795
25,1200;432;0,5893;1,0212
25,1200;105;0,8452;1,0212
25,3800;305;1,0020;1,2843
25,3800;257;0,6887;1,3144
25,3800;190;1,0020;1,0526
25,3800;432;0,6887;0,9564
25,3800;105;0,7493;0,9564
25,6400;257;0,6930;1,8571
25,6400;190;0,6384;1,8571
25,6400;432;0,8755;0,9814
25,6400;105;0,6384;1,2836
25,9000;257;0,7218;1,6262
25,9000;432;0,8113;0,0000
25,9000;613;0,8295;0,0000
26,1600;257;0,6574;1,6262
26,1600;588;0,9749;0,0000
26,1600;613;0,8269;1,8925
26,1600;264;0,5051;0,0000
26,4200;257;0,6671;1,0726
26,4200;588;0,9871;0,9820
26,4200;613;0,6904;1,7767
26,4200;264;0,4115;0,0000
26,6800;588;0,7062;1,0203
26,6800;613;0,6660;1,6861
26,6800;489;0,6059;1,6861
26,6800;264;0,4522;1,6893
26,6800;107;0,4522;1,6861
26,9400;588;0,5492;1,0203
26,9400;613;0,7190;1,8734
26,9400;427;0,7513;0,9561
26,9400;489;0,7513;1,3226
27,2000;588;0,6036;1,0203
27,2000;613;0,8211;1,3203
27,2000;427;0,6512;1,3320
27,2000;489;0,6512;1,3258
27,2000;92;0,4787;0,0000
27,4600;588;0,7088;1,0203
27,4600;427;0,6104;0,0000
27,4600;489;0,6674;1,3279
27,7200;588;0,8964;1,0203
27,7200;427;0,5141;1,0628
27,7200;489;0,6562;0,9459
27,7200;603;0,5882;0,9459
27,7200;477;0,5141;0,9459
27,9800;427;0,3844;1,1276
27,9800;489;0,6630;1,1276
27,9800;603;0,3844;0,7353
27,9800;477;0,5639;0,7353
28,2400;427;0,4175;1,0852
28,2400;603;0,4175;0,3472
28,2400;477;0,5780;0,9723
28,2400;571;0,5780;1,3970
28,5000;427;0,4862;0,9829
28,5000;603;0,4862;0,6174
28,5000;477;0,6007;0,8373
28,5000;571;0,6007;1,4915
28,7600;427;0,6672;0,0000
28,7600;603;0,7770;1,0771
28,7600;477;0,9018;0,8345
28,7600;571;0,8195;1,4192
28,7600;248;0,6557;0,0000
29,0200;603;1,0042;1,5872
29,0200;571;0,7591;1,0414
29,0200;248;0,4802;1,3839
29,0200;216;0,4802;1,0414
29,2800;571;0,6553;1,3396
29,2800;248;0,4827;1,3396
29,2800;116;1,0597;1,4056
29,2800;216;0,4827;0,9086
29,2800;113;0,9926;1,5152
29,5400;571;0,4445;1,6221
29,5400;248;0,3622;0,0000
29,5400;116;0,5531;0,0000
29,5400;216;0,4445;1,4096
29,5400;545;0,3622;0,8831
29,5400;113;0,8658;1,4096
29,5400;354;0,5531;1,5320
29,8000;571;0,4132;1,6730
29,8000;248;0,5080;0,0000
29,8000;116;0,3746;0,4161
29,8000;545;0,5289;0,5859
29,8000;113;0,6549;1,0162
29,8000;354;0,3746;1,4289
30,0600;571;0,4881;1,6730
30,0600;248;0,4639;0,0000
30,0600;116;0,4778;0,3595
30,0600;545;0,7529;0,4986
30,0600;113;0,5265;0,6974
30,0600;354;0,4778;1,2009
30,0600;384;0,7205;1,2009
30,3200;116;0,4978;1,8825
30,3200;545;0,7199;0,9245
30,3200;113;0,5830;0,7761
30,3200;354;0,7074;0,9719
30,5800;116;0,5936;1,8825
30,5800;545;0,5697;1,0651
30,5800;113;0,6686;1,8825
30,5800;354;0,5697;1,2295
30,8400;545;0,6401;1,2477
30,8400;354;0,6401;1,0861
30,8400;184;0,5077;0,0000
31,1000;418;0,5561;1,6171
31,1000;545;0,8615;0,8832
31,1000;354;0,5531;0,8869
31,1000;302;0,5531;1,5409
31,1000;184;0,5561;0,4998
31,3600;418;0,4941;0,0000
31,3600;545;0,8045;0,0000
31,3600;354;0,4840;0,9033
31,3600;302;0,4840;1,7379
31,3600;501;0,7049;0,9033
31,3600;184;0,8653;0,4479
31,6200;418;0,3590;1,1682
31,6200;302;0,6178;1,3469
31,6200;501;0,6178;1,0226
31,6200;184;0,8299;0,0000
31,6200;11;0,3590;0,5594
31,8800;418;0,4963;0,9399
31,8800;302;0,5406;1,4715
31,8800;501;0,5406;1,2291
31,8800;11;0,3661;0,0000
32,1400;418;0,7415;0,0000
32,1400;302;0,5157;1,3053
32,1400;501;0,5157;1,4046
32,1400;11;0,4620;0,0000
32,1400;131;0,8866;0,0000
32,4000;418;0,6663;1,4382
32,4000;302;0,6136;1,3406
32,4000;501;0,6136;1,3954
32,4000;11;0,6568;0,0000
32,4000;131;0,6663;0,7572
32,4000;589;0,6798;0,0000
32,6600;418;0,6441;1,4968
32,6600;11;0,4529;0,0000
32,6600;131;0,6441;0,6734
32,6600;589;0,4877;0,0000
32,9200;418;0,7820;1,3545
32,9200;11;0,3370;0,0000
32,9200;169;0,4219;0,9252
32,9200;131;0,7820;0,8955
32,9200;396;0,5661;1,6989
32,9200;589;0,4219;1,0154
32,9200;453;0,4823;0,0000
33,1800;418;0,9766;1,4082
33,1800;169;0,4140;1,4082
33,1800;131;1,0081;0,0000
33,1800;396;0,4785;1,1229
33,1800;589;0,4140;1,1229
33,1800;453;0,4175;0,0000
33,4400;169;0,4067;1,2528
33,4400;396;0,4067;0,9309
33,4400;589;0,4566;0,9309
33,4400;51;0,4674;0,5375
33,7000;169;0,5661;1,4368
33,7000;396;0,4220;1,7242
33,7000;327;0,7439;1,1456
33,7000;589;0,4220;1,4368
33,7000;51;0,6630;0,5839
33,9600;169;0,6644;1,5454
33,9600;396;0,3898;1,4118
33,9600;327;0,8487;1,5454
33,9600;589;0,3898;1,4631
33,9600;51;0,6284;0,0000
34,2200;169;0,6480;1,4802
34,2200;396;0,3917;1,4466
34,2200;327;0,5793;1,4802
34,2200;51;0,5068;0,0000
34,4800;169;0,4175;0,8620
34,4800;327;0,4175;1,1163
34,4800;524;0,7998;0,0000
34,4800;51;0,4797;0,8620
34,4800;292;0,4969;0,5375
34,7400;169;0,3849;0,7488
34,7400;524;0,7438;1,6981
34,7400;292;0,7008;0,5375
34,7400;424;0,7438;1,4567
35,0000;169;0,4041;0,7488
35,0000;524;0,6995;1,7522
35,0000;292;0,9261;0,3361
35,0000;424;0,6995;1,5276
35,2600;169;0,4700;0,7488
35,2600;524;0,6492;0,0000
35,2600;292;0,6574;1,6083
35,2600;180;0,7772;0,0000
35,2600;424;0,6519;1,5270
35,5200;169;0,6097;0,7488
35,5200;524;0,5054;0,0000
35,5200;292;0,4964;1,4792
35,5200;180;0,7560;0,0000
35,5200;424;0,4964;0,7821
35,7800;600;0,3900;0,0000
35,7800;292;0,5702;1,6751
35,7800;180;0,7754;0,0000
35,7800;424;0,4196;1,5248
35,7800;306;0,5708;1,5248
36,0400;600;0,5136;0,0000
36,0400;292;0,7097;1,1642
36,0400;180;0,7097;0,6525
36,0400;306;0,8433;1,5248
36,0400;210;1,0116;0,0000
36,3000;600;0,8073;0,0000
36,3000;292;0,6234;0,9835
36,3000;180;0,6234;0,6187
36,3000;306;0,8317;0,9835
36,3000;210;0,8805;0,7007
36,5600;600;0,6264;1,3245
36,5600;180;0,5906;0,8413
36,5600;306;0,5906;1,1395
36,5600;210;0,6264;0,8383
36,8200;600;0,6886;1,1960
36,8200;362;0,5581;1,8386
36,8200;306;0,5972;1,3288
36,8200;245;0,3981;0,0000
36,8200;210;0,6189;0,8473
36,8200;472;0,4934;1,8386
36,8200;158;0,4934;1,5552
36,8200;109;0,6643;0,9391
37,0800;600;0,3867;1,3791
37,0800;362;0,5201;0,9216
37,0800;306;0,4323;1,2083
37,0800;210;0,4323;0,6284
37,0800;472;0,3805;0,9216
37,0800;158;0,3805;1,0144
37,0800;109;0,3867;1,0616
37,3400;600;0,4149;0,3660
37,3400;362;0,5148;1,0185
37,3400;306;0,4361;1,3062
37,3400;210;0,4361;0,3641
37,3400;472;0,5061;0,4548
37,3400;55;0,8221;0,0000
37,3400;158;0,5061;1,0185
37,3400;109;0,4149;1,2634
37,6000;600;0,5319;0,5038
37,6000;362;0,4597;1,0312
37,6000;306;0,5435;1,4366
37,6000;472;0,4597;0,5876
37,6000;55;0,7016;0,0000
37,6000;158;0,6563;0,0000
37,6000;109;0,5319;1,3014
37,8600;362;0,4527;1,2033
37,8600;306;0,8223;1,4366
37,8600;472;0,4527;0,5666
37,8600;158;0,4901;1,2774
37,8600;109;0,6466;0,5666
37,8600;230;0,4901;1,0359
38,1200;362;0,5291;1,3339
38,1200;306;0,8737;1,3339
38,1200;472;0,4420;1,1887
38,1200;109;0,4420;1,3339
38,1200;230;0,6393;1,2630
38,3800;362;0,5296;1,0400
38,3800;472;0,4012;1,2137
38,3800;109;0,4012;0,5837
38,3800;230;0,5296;0,2712
38,6400;362;0,5251;0,8105
38,6400;472;0,4481;0,8105
38,6400;476;0,5865;1,9946
38,6400;109;0,5005;0,3817
38,6400;230;0,4481;0,3817
38,6400;236;0,5865;1,3059
38,9000;362;0,4897;0,5900
38,9000;472;0,4644;0,5900
38,9000;476;0,4081;0,0000
38,9000;230;0,4644;0,6718
38,9000;236;0,6078;0,8781
39,1600;362;0,4870;0,3642
39,1600;472;0,6713;0,3642
39,1600;476;0,4379;0,0000
39,1600;230;0,4870;0,8120
39,1600;236;0,7873;0,7650
39,4200;362;0,5895;0,6403
39,4200;476;0,5029;0,0000
39,4200;230;0,5895;0,9518
39,4200;236;0,7505;0,0000
39,6800;362;0,8760;1,0854
39,6800;476;0,5207;0,8755
39,6800;230;0,8760;0,9522
39,6800;463;0,5207;0,8582
39,9400;476;0,6591;1,2151
39,9400;463;0,5204;0,0000
39,9400;136;0,5127;0,0000
40,2000;476;0,7250;0,0000
40,2000;463;0,5847;1,1577
40,2000;136;0,3972;0,0000
40,4600;476;0,5852;0,0000
40,4600;463;0,5180;1,4097
40,4600;193;0,3790;0,9120
40,4600;136;0,3933;0,9120
40,4600;223;0,3790;1,4097
40,7200;476;0,6425;0,0000
40,7200;463;0,6149;0,8218
40,7200;193;0,4053;0,4472
40,7200;136;0,4526;0,4472
40,7200;223;0,4053;0,8218
40,9800;476;0,9196;0,0000
40,9800;560;0,4474;0,0000
40,9800;193;0,4257;1,6385
40,9800;543;0,5508;0,0000
40,9800;136;0,4257;1,2026
40,9800;223;0,5146;1,2026
41,2400;560;0,5105;0,0000
41,2400;193;0,4406;1,9820
41,2400;543;0,4934;0,0000
41,2400;136;0,4406;0,8743
41,2400;223;0,6425;0,8743
41,5000;560;0,5294;0,0000
41,5000;193;0,5799;0,7461
41,5000;543;0,6620;1,3831
41,5000;223;0,6620;0,5044
41,7600;193;0,6327;1,6855
41,7600;543;0,6386;1,6855
41,7600;223;0,6327;1,0593
41,7600;461;0,5182;0,8439
41,7600;308;0,9679;0,9319
42,0200;193;0,6134;1,7556
42,0200;543;0,5789;1,4709
42,0200;223;0,6134;1,3648
42,0200;461;0,5183;0,8439
42,0200;308;0,5789;0,6941
42,2800;193;0,6189;1,8124
42,2800;543;0,3961;1,2543
42,2800;461;0,5389;0,8439
42,2800;308;0,3961;0,2001
42,2800;121;0,3978;0,0000
42,5400;543;0,4468;1,3368
42,5400;316;0,8502;0,2883
42,5400;461;0,5882;0,8439
42,5400;597;0,4172;1,4528
42,5400;308;0,4468;0,2883
42,5400;19;0,4052;1,4528
42,5400;121;0,4052;1,8355
42,8000;543;0,3367;1,3919
42,8000;316;0,6919;1,6732
42,8000;461;0,5655;0,8439
42,8000;369;0,7656;1,3919
42,8000;597;0,4968;0,5851
42,8000;308;0,6558;1,3268
42,8000;19;0,3367;0,5851
42,8000;121;0,4185;1,3919
42,8000;296;0,6990;0,0000
43,0600;543;0,3939;0,0971
43,0600;316;0,5788;1,7372
43,0600;461;0,4855;0,8439
43,0600;369;0,7563;0,0971
43,0600;597;0,4311;0,0971
43,0600;19;0,3939;0,9906
43,0600;121;0,4698;0,0971
43,0600;296;0,3351;0,0000
43,3200;543;0,5389;0,3570
43,3200;316;0,5902;1,7372
43,3200;369;0,5519;1,1700
43,3200;597;0,3573;0,3570
43,3200;19;0,3573;0,5565
43,3200;121;0,4991;0,0000
43,3200;296;0,3429;0,0000
43,5800;543;0,3688;1,0060
43,5800;316;0,6031;1,7372
43,5800;369;0,3688;1,1670
43,5800;597;0,3298;0,6993
43,5800;19;0,3298;0,5966
43,5800;121;0,4846;0,0000
43,5800;296;0,3436;0,5439
43,5800;162;0,3436;0,9388
43,8400;543;0,3706;1,0060
43,8400;316;0,5473;1,3124
43,8400;597;0,3301;0,9341
43,8400;19;0,3301;0,8228
43,8400;296;0,3645;0,3974
43,8400;398;0,6691;0,0000
43,8400;162;0,3645;1,0402
44,1000;597;0,3351;1,3189
44,1000;19;0,3351;0,7124
44,1000;296;0,4987;0,4744
44,1000;398;0,5468;0,0000
44,1000;162;0,4987;1,3981
44,3600;597;0,4418;1,5366
44,3600;19;0,4418;0,3158
44,3600;296;0,6407;0,3158
44,3600;398;0,5155;1,7545
44,3600;162;0,8213;1,4415
44,3600;566;0,8213;0,8599
44,3600;17;0,5155;0,6346
44,6200;597;0,7136;1,3091
44,6200;398;0,5710;1,5550
44,6200;162;0,6291;1,2183
44,6200;566;0,6291;1,3091
44,8800;597;0,6745;1,1579
44,8800;398;0,4304;1,1579
44,8800;162;0,4304;0,9389
44,8800;566;0,7068;1,1579
45,1400;597;0,4986;1,0657
45,1400;398;0,3811;0,1565
45,1400;162;0,3811;1,0657
45,1400;566;0,7156;0,0000
45,1400;488;0,6601;1,2950
45,1400;558;0,6601;1,4665
45,4000;597;0,3714;0,9280
45,4000;398;0,3714;0,6167
45,4000;162;0,4205;0,9280
45,4000;566;0,6713;0,0000
45,4000;212;0,5947;0,0000
45,4000;488;0,5514;1,1907
45,4000;558;0,5514;1,3335
45,6600;597;0,5183;1,1631
45,6600;553;0,6491;0,0000
45,6600;398;0,5183;0,5946
45,6600;162;0,5713;1,0790
45,6600;566;0,4023;1,1168
45,6600;212;0,4023;1,4797
45,6600;488;0,7619;0,0000
45,6600;558;0,5713;0,8112
45,9200;553;0,5694;0,0000
45,9200;162;0,6646;0,7721
45,9200;212;0,3992;1,3922
45,9200;488;0,4244;0,0000
45,9200;558;0,6278;0,6342
46,1800;553;0,5323;0,8639
46,1800;212;0,6059;0,7563
46,1800;488;0,3720;0,0000
46,1800;558;0,5766;0,7676
46,1800;263;0,5323;0,7676
46,4400;553;0,5554;0,8882
46,4400;212;0,4452;0,5446
46,4400;558;0,4452;0,7415
46,4400;555;0,3849;0,0000
46,4400;263;0,5554;0,7632
46,4400;246;0,6021;1,5553
46,4400;498;0,4542;0,0000
46,7000;553;0,5563;1,2897
46,7000;212;0,3703;0,4188
46,7000;558;0,3703;1,1151
46,7000;555;0,4724;0,0000
46,7000;263;0,5355;0,4188
46,7000;246;0,5910;1,0277
46,7000;498;0,5563;0,9710
46,9600;553;0,5337;1,2725
46,9600;212;0,4100;0,5165
46,9600;558;0,4100;1,1877
46,9600;555;0,5288;0,0000
46,9600;263;0,4267;0,5165
46,9600;246;0,5337;0,9795
46,9600;79;0,5928;0,4994
46,9600;498;0,5696;0,9795
47,2200;553;0,5242;1,4399
47,2200;212;0,6746;0,9698
47,2200;558;0,4910;0,7193
47,2200;555;0,5974;1,1382
47,2200;564;0,6655;0,9923
47,2200;263;0,4910;0,9698
47,2200;246;0,5242;0,7360
47,2200;167;0,9650;0,7193
47,2200;79;0,5974;0,5346
47,2200;498;0,5597;0,7360
47,4800;553;0,5655;1,1077
47,4800;555;0,6170;1,1077
47,4800;564;0,7063;1,1077
47,4800;263;0,6690;0,8978
47,4800;167;1,0015;0,7065
47,4800;498;0,5655;0,8978
47,7400;553;0,4485;1,1382
47,7400;555;0,5633;0,0000
47,7400;564;0,5017;0,8133
47,7400;263;0,6877;0,9265
47,7400;167;0,9726;0,0000
47,7400;294;0,4650;0,0000
47,7400;498;0,5638;0,9265
48,0000;564;0,5473;1,0510
48,0000;263;0,6437;0,9354
48,0000;294;0,3609;1,6169
48,0000;498;0,5658;0,9354
48,0000;280;0,3609;1,0510
48,2600;564;0,7793;1,2382
48,2600;263;0,6000;1,4542
48,2600;294;0,6695;0,0000
48,2600;280;0,7005;1,2382
48,5200;564;0,6878;1,5185
48,5200;263;0,6807;1,1382
48,5200;294;0,4930;1,2600
48,5200;312;0,4930;1,3009
48,5200;280;0,9968;1,3009
48,5200;41;0,6878;1,3563
48,7800;564;0,4630;1,2162
48,7800;294;0,3852;0,8145
48,7800;312;0,3852;1,2340
48,7800;280;1,0304;1,2162
49,0400;294;0,3581;0,8161
49,0400;312;0,3581;0,9384
49,0400;280;1,0429;1,2162
49,3000;294;0,4705;0,6355
49,3000;312;0,4705;0,7819
49,3000;280;0,8307;0,0000
49,3000;357;0,6860;0,6355
49,3000;177;0,9537;0,0000
49,5600;294;0,5252;0,8166
49,5600;312;0,6518;0,6668
49,5600;357;0,5252;0,6668
49,5600;177;0,5846;0,0000
49,8200;312;0,8011;1,8432
49,8200;357;0,4141;0,7633
49,8200;23;0,5312;1,8432
49,8200;177;0,5312;1,4584
49,8200;616;0,5543;1,8432
50,0800;312;0,6468;1,5412
50,0800;357;0,4999;0,7633
50,0800;23;0,7240;1,3913
50,0800;177;0,3511;1,5412
50,0800;616;0,3511;1,3913
50,3400;312;0,4398;1,3196
50,3400;357;0,7909;0,7633
50,3400;23;0,8101;0,4669
50,3400;177;0,4175;1,3196
50,3400;616;0,4175;0,4669
50,3400;465;0,3542;0,0000
50,6000;357;0,8806;0,9128
50,6000;23;0,7431;0,0000
50,6000;177;0,4613;0,9128
50,6000;616;0,4613;0,7484
50,6000;465;0,4256;0,0000
50,8600;357;0,6348;0,8271
50,8600;23;0,3251;1,8944
50,8600;177;0,7201;0,8271
50,8600;616;0,6348;0,8452
50,8600;465;0,5853;0,0000
50,8600;565;0,3251;1,4851
51,1200;357;0,4808;0,6137
51,1200;23;0,3852;0,5678
51,1200;431;0,7557;0,0000
51,1200;616;0,4808;1,0639
51,1200;465;0,9547;1,2154
51,1200;565;0,3852;1,4913
51,3800;506;0,4822;0,9111
51,3800;431;0,4822;1,0424
51,3800;616;0,4340;1,2003
51,3800;465;0,9968;1,4556
51,3800;565;0,5244;1,4669
51,6400;506;0,3625;0,5574
51,6400;431;0,3625;1,0432
51,6400;616;0,7512;1,2003
51,6400;565;0,8164;1,0662
51,9000;506;0,4061;0,4407
51,9000;546;0,6504;0,0000
51,9000;431;0,3835;0,9043
51,9000;565;0,7044;1,0662
51,9000;494;0,3835;0,4407
52,1600;506;0,6088;0,7622
52,1600;546;0,6373;0,0000
52,1600;431;0,4798;0,5604
52,1600;565;0,9346;1,0440
52,1600;494;0,4798;0,7622
52,4200;506;0,7249;0,8504
52,4200;546;0,6554;0,0000
52,4200;431;0,5648;0,0000
52,4200;494;0,6771;1,1928
52,4200;459;0,7632;1,0428
52,6800;506;0,5474;1,7629
52,6800;546;0,6314;0,0000
52,6800;431;0,4069;1,2314
52,6800;204;0,4069;1,0195
52,6800;402;0,6799;1,2314
52,6800;494;0,7154;1,0388
52,6800;459;0,5474;1,0388
52,9400;506;0,5401;1,7629
52,9400;546;0,5709;0,0000
52,9400;431;0,4663;0,4292
52,9400;204;0,4663;1,3203
52,9400;402;0,7111;0,4292
52,9400;494;0,6537;0,8262
53,2000;506;0,6815;1,1974
53,2000;546;0,5502;0,0000
53,2000;204;0,7024;0,0000
53,2000;402;0,7065;0,8319
53,2000;494;0,6815;0,8707
53,4600;546;0,4866;1,7629
53,4600;204;0,6828;1,4701
53,4600;402;0,6782;1,0919
53,4600;494;0,6828;1,0580
53,4600;267;0,3763;0,0000
53,7200;204;0,7475;1,7334
53,7200;402;0,5735;0,7525
53,7200;267;0,4569;1,4197
53,7200;222;0,4569;0,7525
53,9800;204;0,8300;1,2414
53,9800;402;0,6624;0,7964
53,9800;267;0,3689;0,6561
53,9800;222;0,3689;0,7964
54,2400;204;0,7790;1,3139
54,2400;402;0,7790;1,5398
54,2400;267;0,3970;0,1524
54,2400;42;0,5371;0,0000
54,2400;222;0,3970;0,9518
54,5000;204;0,7206;1,3299
54,5000;267;0,5649;0,2808
54,5000;42;0,4048;0,0000
54,5000;222;0,5070;1,2254
54,7600;267;0,7856;0,7186
54,7600;222;0,7293;0,0000
55,0200;267;0,8735;1,2254
55,0200;222;0,4638;1,5374
55,0200;438;0,4638;1,2755
55,2800;267;0,8165;1,2254
55,2800;222;0,4249;0,6478
55,2800;438;0,4249;1,5941
55,2800;403;0,6095;0,0000
55,5400;222;0,7314;0,7989
55,5400;438;0,6682;1,1589
55,5400;403;0,5613;0,0000
55,8000;438;0,5771;1,1395
55,8000;403;0,5667;0,0000
55,8000;607;0,5667;1,1395
55,8000;198;0,7498;0,0000
56,0600;438;0,7478;1,6247
56,0600;403;0,7333;1,5553
56,0600;380;0,7333;1,2319
56,0600;607;0,7482;1,2319
56,0600;198;0,7478;1,7947
56,3200;438;0,6479;1,2480
56,3200;403;0,6075;1,5566
56,3200;380;0,6075;0,9755
56,3200;607;0,7744;1,2480
56,3200;198;0,6479;1,8658
56,5800;403;0,7205;1,5870
56,5800;504;0,7162;0,0000
56,5800;380;0,7205;1,1660
56,5800;607;0,6253;0,0000
56,5800;198;0,7543;1,2501
56,5800;309;0,9251;1,2501
56,8400;532;0,4043;0,0000
56,8400;380;0,5549;1,4626
56,8400;607;0,5223;0,9595
56,8400;198;0,5549;1,4791
56,8400;309;0,9201;0,0000
57,1000;532;0,4248;0,0000
57,1000;607;0,4526;1,3689
57,1000;198;0,4689;1,4791
57,1000;309;0,8563;0,0000
57,1000;88;0,8266;1,5879
57,3600;532;0,4786;0,0000
57,3600;607;0,4656;1,3689
57,3600;309;0,7009;0,0000
57,3600;88;1,1432;1,3340
57,6200;309;0,6922;0,0000
57,6200;88;1,0067;1,3340
57,6200;339;0,7427;0,7132
57,8800;517;0,4637;0,3637
57,8800;309;0,4637;0,8434
57,8800;88;0,8251;1,3689
57,8800;339;0,8288;0,0000
58,1400;517;0,4107;0,0528
58,1400;309;0,3991;1,3759
58,1400;21;0,3991;0,0528
58,1400;88;0,6674;1,3689
58,1400;339;0,7859;0,0000
58,4000;517;0,5730;0,0125
58,4000;309;0,4654;1,0771
58,4000;21;0,4654;0,0125
58,4000;88;0,8181;1,3689
58,4000;339;0,6701;0,0000
58,4000;254;0,7241;1,3192
58,6600;517;0,8341;0,5857
58,6600;309;0,7207;1,6224
58,6600;21;0,7264;0,5857
58,9200;517;1,0149;1,1837
58,9200;309;0,5974;0,0000
58,9200;21;0,8387;1,5468
58,9200;490;0,5692;0,0000
59,1800;309;0,4480;0,0000
59,1800;21;0,8197;1,3821
59,1800;490;0,5298;0,0000
59,1800;482;0,6567;0,0000
59,4400;21;0,8073;1,5290
59,4400;123;0,7238;1,6464
59,4400;482;0,5171;0,0000
59,7000;123;0,4725;1,3107
59,7000;550;0,4756;0,0000
59,7000;425;1,0483;1,6209
59,7000;482;0,4074;0,0000
59,9600;123;0,7321;1,4338
59,9600;550;0,6346;0,6429
59,9600;425;1,1402;0,0000
59,9600;482;0,5901;0,0000
59,9600;433;0,6061;1,4338
60,2200;123;0,8314;1,2613
60,2200;550;0,5365;0,0000
60,2200;425;0,8314;1,6948
60,2200;433;0,6313;1,2803
60,4800;123;0,6313;1,0278
60,4800;550;0,4995;0,8918
60,4800;425;0,6313;1,8963
60,4800;433;0,6500;1,2328
60,4800;75;0,7928;0,0000
60,4800;448;0,4995;1,2328
60,4800;98;0,5238;0,0000
60,7400;550;0,3911;1,3975
60,7400;425;0,5798;1,4216
60,7400;433;0,5798;1,2102
60,7400;75;0,6046;0,0000
60,7400;448;0,7260;1,2358
60,7400;505;0,3911;1,2358
61,0000;550;0,4589;0,4098
61,0000;425;0,4245;1,2053
61,0000;433;0,4245;1,2774
61,0000;75;0,4742;1,7759
61,0000;448;0,6301;1,7759
61,0000;226;0,4742;1,1631
61,0000;505;0,4589;1,2700
61,2600;550;0,3934;1,4270
61,2600;433;0,5234;1,2777
61,2600;75;0,4299;1,6082
61,2600;448;0,3694;1,6082
61,2600;226;0,3694;0,8284
61,2600;505;0,4936;0,9617
61,5200;433;0,5922;1,0863
61,5200;75;0,4608;1,0843
61,5200;448;0,4091;1,0843
61,5200;226;0,4091;0,1345
61,5200;206;0,3545;1,5844
61,5200;505;0,5399;0,6877
61,5200;149;0,3545;1,5213
61,7800;75;0,5337;0,9444
61,7800;448;0,5069;0,9444
61,7800;226;0,5069;0,5045
61,7800;206;0,3579;1,4184
61,7800;505;0,5351;0,9444
61,7800;149;0,3579;0,8846
62,0400;75;0,4996;1,0607
62,0400;448;0,4346;1,3196
62,0400;226;0,4051;0,2761
62,0400;206;0,3918;1,3196
62,0400;505;0,4051;0,8991
62,0400;149;0,3918;0,2986
62,3000;75;0,5735;1,0607
62,3000;448;0,5099;1,1991
62,3000;226;0,4406;0,0846
62,3000;206;0,5029;1,1991
62,3000;505;0,4406;0,9716
62,3000;149;0,5029;0,3668
62,5600;448;0,5216;0,0000
62,5600;206;0,8140;1,3261
62,5600;505;0,5503;1,2385
62,5600;149;0,6839;1,3462
62,5600;85;0,4215;0,0000
62,8200;206;0,6206;0,9047
62,8200;505;0,9496;1,0765
62,8200;127;0,4789;0,6322
62,8200;85;0,3784;0,0000
63,0800;206;0,6041;0,6348
63,0800;505;0,9003;1,3462
63,0800;127;0,4641;0,3728
63,0800;85;0,3920;0,0000
63,0800;151;0,9003;0,3728
63,3400;206;0,8105;1,3609
63,3400;127;0,4984;0,3970
63,3400;85;0,4921;1,2389
63,3400;310;0,8105;1,5644
63,3400;151;0,7133;0,6270
63,6000;206;0,4634;1,3281
63,6000;127;0,5879;0,4418
63,6000;85;0,5209;0,0000
63,6000;310;0,4634;1,6349
63,6000;151;0,6074;0,5193
63,6000;478;0,7065;0,4418
63,8600;127;0,7405;1,4983
63,8600;85;0,4419;0,0000
63,8600;151;0,7405;0,6963
63,8600;478;0,6355;0,8712
64,1200;127;0,7335;1,2490
64,1200;91;0,6100;1,8967
64,1200;310;0,5530;1,5456
64,1200;151;0,5530;0,7441
64,1200;478;0,6761;0,7441
64,1200;48;0,6100;1,2000
64,3800;127;0,5351;1,7811
64,3800;91;0,7758;1,7811
64,3800;310;0,5165;1,6776
64,3800;478;0,5500;0,7143
64,3800;366;0,7767;0,0000
64,3800;48;0,5351;1,0231
64,6400;127;0,5773;1,8385
64,6400;91;0,8863;0,8581
64,6400;310;0,5100;1,1696
64,6400;478;0,5100;1,1010
64,6400;366;0,8322;0,0000
64,9000;127;0,5549;1,1831
64,9000;310;0,5362;1,1831
64,9000;478;0,5362;1,2016
64,9000;366;0,9710;1,2604
65,1600;542;0,4856;0,0000
65,1600;478;0,5185;1,0610
65,1600;366;0,7537;1,2604
65,4200;542;0,4410;1,7222
65,4200;366;0,6576;0,0000
65,4200;352;0,4410;1,1906
65,6800;542;0,5095;1,3506
65,6800;372;0,8142;1,1459
65,6800;352;0,5095;1,1899
65,9400;542;0,5207;1,6159
65,9400;207;0,5207;1,1864
65,9400;372;0,8730;1,1459
66,2000;542;0,4568;1,5826
66,2000;207;0,4568;1,0245
66,2000;372;0,5967;1,5826
66,4600;542;0,5031;1,3506
66,4600;207;0,4509;2,2786
66,4600;568;0,7417;1,3506
66,7200;542;0,3860;0,0000
66,7200;207;0,6988;0,9317
66,7200;568;0,9484;0,0000
66,9800;207;0,9475;0,7694
66,9800;390;0,6425;1,5870
66,9800;568;0,6839;1,5870
66,9800;262;0,6425;1,7854
67,2400;207;0,9373;2,2581
67,2400;390;0,3998;2,2581
67,2400;568;0,3998;1,4792
67,2400;262;0,5629;1,4792
67,5000;219;0,9870;0,0000
67,5000;390;0,5724;1,4253
67,5000;262;0,5724;0,8898
67,7600;219;0,5918;1,4274
67,7600;390;0,6483;1,2609
67,7600;262;0,6483;1,4523
67,7600;196;0,5918;1,2169
68,0200;219;0,3822;0,8696
68,0200;390;0,6944;1,1905
68,0200;262;0,5147;0,0000
68,0200;196;0,3822;1,3104
68,2800;219;0,4128;0,6865
68,2800;196;0,4128;1,2816
68,5400;219;0,6127;0,8582
68,5400;196;0,6127;1,3137
68,5400;59;0,7263;1,3137
68,8000;219;0,3876;1,6182
68,8000;196;0,7965;1,7524
68,8000;59;0,3876;1,3146
69,0600;219;0,3888;0,7026
69,0600;196;0,7075;1,8786
69,0600;399;0,7075;1,5058
69,0600;59;0,3888;1,3091
69,3200;196;0,6331;1,7442
69,3200;399;0,6331;1,5108
69,5800;422;0,3677;0,0000
69,8400;353;0,8478;0,0000
69,8400;59;0,9879;1,3091
69,8400;54;0,4368;1,7777
69,8400;422;0,4368;1,5892
70,1000;353;0,8855;0,3840
70,1000;59;1,2194;1,5862
70,1000;54;0,4166;0,3840
70,1000;422;0,4166;1,5862
70,1000;265;0,4659;0,3840
70,3600;304;0,8135;0,0000
70,3600;353;0,7689;1,5566
70,3600;54;0,6350;0,5459
70,3600;422;0,4220;0,8440
70,3600;265;0,4220;0,5459
70,6200;304;0,7347;0,0000
70,6200;353;0,6103;1,5088
70,6200;54;0,6103;1,0052
70,6200;422;0,7000;0,9508
70,6200;265;0,7000;0,9804
70,8800;304;0,7083;0,0000
70,8800;353;0,6353;1,3870
70,8800;54;0,5337;0,0000
70,8800;422;0,9856;0,8621
70,8800;265;0,7421;0,8621
71,1400;304;0,4533;0,9661
71,1400;353;0,5988;0,1767
71,1400;54;0,4550;0,0000
71,1400;265;0,4533;0,7614
71,1400;301;0,5104;0,9661
71,4000;304;0,3690;0,4384
71,4000;353;0,6646;0,1767
71,4000;265;0,3560;0,7629
71,4000;213;1,2629;1,5023
71,4000;301;0,3560;0,4384
71,4000;241;0,5531;1,4247
71,4000;584;0,5531;1,4343
71,4000;410;0,8736;0,6716
71,6600;304;0,4451;0,3755
71,6600;265;0,3873;0,5410
71,6600;301;0,3873;0,3755
71,6600;241;0,5369;0,5410
71,6600;584;0,6097;1,2303
71,6600;410;0,7639;0,3755
71,9200;304;0,6637;0,5552
71,9200;265;0,5366;0,5156
71,9200;301;0,4233;0,8903
71,9200;241;0,4839;0,5156
71,9200;584;0,4233;0,5156
72,1800;304;0,7355;1,3063
72,1800;265;0,5069;0,6429
72,1800;301;0,3732;1,3063
72,1800;2;0,4235;0,4910
72,1800;241;0,4235;0,6429
72,1800;584;0,3732;0,8943
72,4400;304;0,5817;1,1538
72,4400;265;0,6430;0,7059
72,4400;301;0,3850;1,1538
72,4400;2;0,3605;0,3616
72,4400;241;0,3605;0,7059
72,4400;584;0,3850;1,0551
72,4400;295;0,3787;0,0000
72,7000;304;0,5392;1,0234
72,7000;301;0,3658;1,0234
72,7000;2;0,4464;0,4900
72,7000;241;0,4464;0,5842
72,7000;584;0,3658;0,8956
72,7000;49;0,7414;0,0000
72,7000;608;0,5073;1,3343
72,7000;295;0,5073;0,0000
72,9600;301;0,3669;1,1067
72,9600;2;0,6155;0,7784
72,9600;241;0,6393;0,6593
72,9600;584;0,3669;0,7784
72,9600;49;0,6299;1,4107
72,9600;608;0,3908;0,9597
72,9600;295;0,3908;1,4107
73,2200;301;0,3870;1,1640
73,2200;2;0,5818;0,6736
73,2200;584;0,3870;0,6736
73,2200;49;0,4880;1,0861
73,2200;608;0,3820;0,7837
73,2200;295;0,3820;1,0861
73,4800;301;0,4777;1,3376
73,4800;2;0,5686;0,4795
73,4800;49;0,4815;0,8692
73,4800;608;0,4022;0,1822
73,4800;295;0,4022;0,8692
73,7400;301;0,5997;0,4979
73,7400;2;0,4442;0,7155
73,7400;49;0,4713;0,7155
73,7400;561;0,3462;0,0000
73,7400;608;0,4442;0,4979
73,7400;295;0,4553;0,7155
73,7400;56;0,4027;0,0000
73,7400;314;0,4940;0,3918
74,0000;301;0,5338;0,7149
74,0000;2;0,3834;0,2951
74,0000;49;0,4543;0,5116
74,0000;608;0,3834;0,5116
74,0000;295;0,4393;0,7995
74,0000;56;0,7095;0,0000
74,0000;314;0,4393;0,7940
74,2600;2;0,4032;0,0306
74,2600;49;0,4377;0,1907
74,2600;608;0,4032;0,1907
74,2600;295;0,5034;0,0306
74,2600;314;0,6797;1,1480
74,2600;374;0,6040;1,2775
74,5200;2;0,3952;0,1202
74,5200;49;0,4297;0,3818
74,5200;608;0,3952;0,3818
74,5200;295;0,3567;1,4092
74,5200;314;0,6376;1,4607
74,5200;173;0,6376;0,8608
74,5200;585;0,4426;0,0000
74,7800;2;0,4509;0,7088
74,7800;608;0,4509;0,7742
74,7800;314;0,4280;0,5061
74,7800;173;0,4280;1,3433
74,7800;585;0,4065;0,0000
75,0400;2;0,7499;1,1867
75,0400;561;0,4901;0,0000
75,0400;608;0,4337;1,5676
75,0400;314;0,4337;1,1867
75,0400;173;0,4398;1,5676
75,0400;512;0,5430;1,0119
75,0400;585;0,5232;0,3309
75,0400;513;0,7867;1,2473
75,3000;608;0,4775;1,5618
75,3000;314;0,4775;1,5540
75,3000;173;0,3883;0,7996
75,3000;512;0,7360;0,7996
75,3000;585;0,3883;0,6506
75,3000;513;0,7782;0,7258
75,5600;173;0,5802;0,6765
75,5600;512;0,9538;1,6598
75,5600;585;0,5802;1,1423
75,5600;467;0,6521;1,5618
75,5600;275;0,7405;1,2038
75,5600;513;0,6664;1,1423
75,8200;173;0,4511;1,8666
75,8200;512;1,0884;1,3455
75,8200;585;0,5279;0,0000
75,8200;275;0,8210;1,8666
75,8200;513;0,4511;1,6002
76,0800;173;0,3913;2,0907
76,0800;512;0,6490;0,0000
76,0800;585;0,5374;1,0026
76,0800;275;0,8001;2,0907
76,0800;513;0,3913;1,4515
76,0800;229;0,7926;1,0284
76,3400;173;0,4671;2,1491
76,3400;512;0,3344;1,5462
76,3400;585;0,5674;1,0026
76,3400;275;0,8309;1,4666
76,3400;503;0,7337;0,0000
76,3400;229;0,8043;1,3877
76,3400;508;0,3344;1,4666
76,6000;173;0,6257;1,0378
76,6000;512;0,5128;0,2567
76,6000;275;0,6257;0,7374
76,6000;503;0,4566;0,0000
76,6000;229;0,8353;1,6628
76,6000;508;0,5128;1,4734
76,6000;70;0,4623;1,0589
76,6000;86;0,8444;0,0000
76,8600;275;0,4781;0,9440
76,8600;503;0,3604;1,3181
76,8600;229;0,6712;0,7242
76,8600;508;0,5680;1,3181
76,8600;70;0,3604;0,6571
76,8600;538;0,4483;0,6571
76,8600;86;0,7920;1,0026
77,1200;275;0,5179;1,0026
77,1200;503;0,4711;1,1733
77,1200;229;0,6025;0,8458
77,1200;508;0,6025;1,3781
77,1200;70;0,4711;0,3262
77,1200;86;0,6535;1,0026
77,3800;503;0,6901;1,2262
77,3800;508;0,6787;1,6140
77,3800;70;0,6896;0,9891
77,3800;538;0,6067;0,0000
77,3800;86;0,6441;1,3170
77,6400;503;0,8176;1,0979
77,6400;508;0,5739;1,3933
77,6400;70;0,5938;1,9233
77,6400;538;0,5333;1,9233
77,6400;86;0,5626;1,3170
77,6400;570;0,7564;0,0000
77,6400;126;0,5333;1,0867
77,9000;503;0,8668;1,4336
77,9000;508;0,7217;1,3933
77,9000;70;0,3609;1,3922
77,9000;538;0,6616;1,3922
77,9000;570;0,8316;0,0000
77,9000;126;0,3609;1,4995
78,1600;503;0,8388;0,0000
78,1600;508;0,5753;1,0026
78,1600;587;0,7825;0,0000
78,1600;570;0,8693;1,5244
78,1600;126;0,4517;1,4618
78,4200;508;0,5693;1,0026
78,4200;587;0,9144;0,0000
78,4200;570;0,5284;0,0000
78,4200;126;0,7082;1,4618
78,6800;587;0,8116;1,5801
78,6800;570;0,3742;1,3706
78,6800;126;0,8441;1,2596
78,6800;63;0,3742;0,3935
78,6800;440;0,7024;0,3935
78,9400;587;0,7297;1,5095
78,9400;570;0,4932;0,0000
78,9400;126;0,7776;1,4493
78,9400;63;0,5631;0,3727
78,9400;440;0,6385;1,5646
78,9400;537;0,6385;1,3395
78,9400;62;0,9902;1,2881
79,2000;587;0,4585;1,5144
79,2000;570;0,3307;1,5292
79,2000;126;0,5696;1,5815
79,2000;440;0,5931;1,4498
79,2000;577;0,3307;0,6992
79,2000;537;0,5931;1,3999
79,2000;62;1,0220;1,6807
79,4600;587;0,4047;1,5144
79,4600;440;0,5780;1,6278
79,4600;537;0,5780;1,4266
79,4600;62;0,7729;1,4266
79,7200;587;0,4376;1,5144
79,7200;440;0,5338;1,7770
79,7200;330;0,5345;1,6232
79,7200;537;0,5338;1,6648
79,7200;62;0,7038;0,4397
79,7200;101;0,5345;1,2791
79,9800;577;0,7616;1,0572
79,9800;330;0,6285;1,6517
79,9800;537;0,4744;0,0000
79,9800;62;0,6150;1,5144
79,9800;101;0,6285;0,9818
80,2400;577;0,8457;0,7047
80,2400;330;0,9529;1,5065
80,2400;101;0,9529;1,4165
80,5000;577;0,9517;0,7047
80,5000;330;0,5558;1,4572
80,5000;101;0,7890;0,0000
80,5000;60;0,5558;1,1724
80,7600;577;1,0066;1,5723
80,7600;330;0,4135;1,6073
80,7600;430;0,6633;1,9178
80,7600;101;0,7237;1,4986
80,7600;60;0,4135;0,9661
80,7600;34;0,6633;1,3610
80,7600;233;0,7237;1,5723
81,0200;577;0,8134;1,6641
81,0200;330;0,7030;1,6028
81,0200;430;0,6211;1,9795
81,0200;60;0,7030;1,1567
81,0200;34;0,6211;1,3559
81,0200;233;0,5651;1,6641
81,2800;330;0,5145;0,0000
81,2800;430;0,7018;1,6534
81,2800;60;0,4218;1,6534
81,2800;34;0,4218;1,3064
81,5400;430;0,6796;0,0000
81,5400;60;0,3832;1,2070
81,5400;34;0,3832;1,2242
81,5400;405;1,0201;1,3807
81,8000;430;0,6956;1,2294
81,8000;60;0,5046;1,3807
81,8000;34;0,6295;1,4679
81,8000;405;0,9921;1,3807
82,0600;430;0,7049;1,2294
82,0600;405;0,9891;1,3807
82,3200;405;0,9132;1,3807
82,3200;536;1,1822;0,0000
82,3200;414;1,0578;1,2397
82,5800;405;0,7556;1,3807
82,5800;536;1,0742;1,4854
82,5800;351;1,2011;1,3679
82,5800;414;1,0638;1,5642
82,8400;536;0,9434;1,7989
82,8400;351;0,9974;1,3559
82,8400;414;0,9434;1,3559
83,1000;536;0,8531;0,0000
83,1000;351;0,5457;1,6029
83,1000;414;0,5457;1,4565
83,3600;536;0,4466;0,0000
83,3600;557;0,6967;0,0000
83,3600;351;0,3869;0,8117
83,3600;414;0,3869;1,4596
83,6200;536;0,3909;0,3074
83,6200;557;0,5475;1,4206
83,6200;414;0,5359;1,4535
83,6200;411;0,4717;1,4206
83,6200;132;0,6070;1,4206
83,6200;30;0,4717;1,3488
83,6200;45;0,3909;1,2004
83,8800;536;0,4908;0,4486
83,8800;557;0,4664;1,4281
83,8800;414;0,6439;0,0000
83,8800;411;0,6825;0,0000
83,8800;132;0,3505;1,4281
83,8800;30;0,3505;1,2881
83,8800;45;0,4908;0,9196
84,1400;557;0,4186;0,2834
84,1400;166;0,6631;0,0000
84,1400;132;0,3642;0,2834
84,1400;30;0,3642;1,1046
84,1400;45;0,5206;1,1046
84,4000;557;0,4297;0,9305
84,4000;411;0,8063;0,0000
84,4000;166;0,4689;0,0000
84,4000;132;0,4208;0,7063
84,4000;30;0,4443;0,9305
84,4000;45;0,4208;0,9305
84,6600;557;0,3716;0,6118
84,6600;411;0,5804;0,0000
84,6600;166;0,3775;0,0000
84,6600;132;0,3169;0,7552
84,6600;30;0,5331;0,6118
84,6600;45;0,3169;0,6118
84,6600;409;0,4571;0,0000
84,6600;393;0,3775;1,1023
84,9200;557;0,3928;0,1819
84,9200;411;0,4600;0,0000
84,9200;166;0,4966;0,7259
84,9200;132;0,3242;0,6440
84,9200;30;0,4974;0,1819
84,9200;45;0,3242;0,1819
84,9200;409;0,3647;0,7259
84,9200;393;0,3647;0,6937
85,1800;557;0,3973;0,8547
85,1800;166;0,6076;0,8636
85,1800;132;0,3918;0,8547
85,1800;30;0,4999;0,3883
85,1800;45;0,3918;0,3883
85,1800;409;0,3650;0,8636
85,1800;393;0,3650;0,6626
85,1800;322;0,7001;0,8547
85,1800;318;0,4330;0,0000
85,4400;166;0,6396;1,4061
85,4400;132;0,4947;0,1824
85,4400;30;0,6084;0,8935
85,4400;45;0,4011;1,0860
85,4400;409;0,3648;1,0620
85,4400;393;0,3648;0,9285
85,4400;322;0,4823;0,1824
85,7000;166;0,4827;1,4061
85,7000;132;0,5666;0,5270
85,7000;30;0,4918;0,7297
85,7000;45;0,4178;0,7297
85,7000;409;0,3726;1,0296
85,7000;393;0,3726;0,7137
85,7000;145;0,4306;0,7137
85,7000;322;0,4178;0,5270
85,9600;166;0,4952;1,4061
85,9600;132;0,5556;0,5270
85,9600;30;0,5047;0,7297
85,9600;409;0,4003;0,3842
85,9600;393;0,4292;0,2858
85,9600;145;0,4003;0,2858
86,2200;166;0,5568;1,4061
86,2200;409;0,4474;0,0572
86,2200;122;0,4789;0,0000
86,2200;393;0,5236;0,1873
86,2200;145;0,4474;0,1873
86,4800;409;0,5322;0,3124
86,4800;122;0,3835;1,4460
86,4800;393;0,5962;0,7297
86,4800;145;0,5322;0,6389
86,4800;171;0,7261;0,0000
86,4800;428;0,5351;1,3271
86,4800;529;0,3835;1,0662
86,7400;409;0,5485;0,8501
86,7400;122;0,3816;1,2950
86,7400;393;0,3458;0,7297
86,7400;145;0,6660;1,1493
86,7400;171;0,6660;0,2705
86,7400;428;0,7105;1,1819
86,7400;529;0,3816;0,8501
87,0000;409;0,4546;1,2856
87,0000;122;0,4850;1,2856
87,0000;393;0,4423;0,7297
87,0000;145;0,5632;0,9972
87,0000;171;0,5632;0,4246
87,0000;529;0,4546;1,0520
87,2600;409;0,3939;1,1404
87,2600;122;0,5404;0,7283
87,2600;393;0,5724;0,7297
87,2600;145;0,6376;0,9429
87,2600;529;0,3939;0,8945
87,2600;342;0,5404;0,4151
87,2600;361;0,8688;0,0000
87,5200;409;0,4044;1,2624
87,5200;122;0,4391;0,3690
87,5200;145;0,6740;1,3443
87,5200;529;0,4044;0,6982
87,5200;342;0,4391;0,8399
87,5200;361;0,6740;0,5931
87,5200;363;0,6371;0,9429
87,7800;409;0,4536;1,2372
87,7800;122;0,4272;0,5620
87,7800;145;0,5519;1,0984
87,7800;342;0,4272;1,0785
87,7800;361;0,5519;0,6972
87,7800;363;0,5844;0,6672
88,0400;409;0,5270;1,2372
88,0400;145;0,6719;0,3341
88,0400;342;0,5552;1,0935
88,0400;361;0,7064;0,7785
88,0400;363;0,4694;0,6672
88,3000;409;0,6214;0,8104
88,3000;145;0,5715;0,6699
88,3000;342;0,5715;0,8104
88,3000;361;0,7513;0,0000
88,3000;363;0,5897;0,8104
88,5600;145;0,3931;0,4979
88,5600;342;0,3931;0,8108
88,5600;361;0,7202;0,0000
88,5600;363;0,5397;0,8108
88,8200;145;0,4007;0,1908
88,8200;342;0,4007;0,8306
88,8200;363;0,5344;0,8306
88,8200;172;0,7770;0,0000
89,0800;342;0,5485;1,0247
89,0800;541;0,4292;1,0422
89,0800;172;0,4292;1,2616
89,3400;342;0,9080;1,2675
89,3400;541;0,4342;0,2277
89,3400;99;0,4628;1,2675
89,3400;172;0,4342;1,2675
89,3400;471;0,9420;1,1800
89,6000;342;0,7032;1,2056
89,6000;541;0,4283;1,2207
89,6000;99;0,3906;0,0000
89,6000;172;0,6229;1,2056
89,6000;471;0,8729;1,2056
89,6000;191;0,3906;1,2207
89,6000;387;0,7611;0,3257
89,8600;541;0,4839;1,2644
89,8600;99;0,3722;1,0301
89,8600;172;0,6637;1,2644
89,8600;471;0,5925;1,2634
89,8600;191;0,3722;1,2644
89,8600;387;0,6024;0,0000
90,1200;541;0,4262;0,6295
90,1200;99;0,4320;0,7200
90,1200;172;0,3984;1,6698
90,1200;471;0,4262;1,2680
90,1200;191;0,4320;1,2943
90,1200;387;0,5741;0,0000
90,1200;259;0,3984;0,8117
90,3800;541;0,4609;0,3492
90,3800;99;0,5233;0,0000
90,3800;172;0,3505;0,1574
90,3800;471;0,4609;1,2658
90,3800;191;0,5276;0,8002
90,3800;406;0,4156;1,8751
90,3800;387;0,4156;1,3157
90,3800;507;0,8666;1,3157
90,3800;259;0,3505;0,8002
90,6400;172;0,3792;0,0842
90,6400;471;0,6902;1,2698
90,6400;191;0,4609;0,7307
90,6400;406;0,5774;1,7101
90,6400;387;0,5774;0,3903
90,6400;507;0,9304;0,0000
90,6400;259;0,3792;0,7307
90,9000;172;0,4813;0,0000
90,9000;471;0,5528;0,7735
90,9000;191;0,5528;0,2525
90,9000;406;0,7097;0,0000
90,9000;507;0,7749;0,0000
90,9000;259;0,5696;1,1544
90,9000;283;0,4813;1,1544
91,1600;471;0,4312;0,6919
91,1600;191;0,4312;0,1452
91,1600;406;0,6962;0,0000
91,1600;507;0,4602;0,7498
91,1600;259;0,4602;0,7004
91,1600;283;0,5220;1,3463
91,1600;69;0,4996;0,0000
91,4200;471;0,4110;1,1801
91,4200;191;0,4110;0,2639
91,4200;406;0,6142;0,2639
91,4200;507;0,3470;0,6656
91,4200;259;0,3470;0,4196
91,4200;283;0,6442;0,6656
91,4200;271;0,6434;0,6656
91,4200;69;0,6161;0,4196
91,6800;471;0,4817;1,2440
91,6800;191;0,4817;0,5630
91,6800;406;0,5542;0,5630
91,6800;507;0,4195;0,9675
91,6800;259;0,4195;0,1760
91,6800;283;0,5266;0,9675
91,6800;271;0,6158;0,1760
91,6800;69;0,7413;0,1760
91,9400;471;0,4643;0,9396
91,9400;406;0,6025;1,2550
91,9400;507;0,5103;0,9396
91,9400;259;0,4643;0,8785
91,9400;271;0,5149;0,3681
91,9400;69;0,8237;0,0000
92,2000;406;0,5456;1,2550
92,2000;507;0,4589;0,3663
92,2000;259;0,5284;0,6110
92,2000;271;0,4589;0,6110
92,2000;69;0,4558;0,0000
92,2000;32;0,8974;0,3663
92,4600;406;0,5004;0,6951
92,4600;507;0,5094;0,5128
92,4600;259;0,5004;0,5767
92,4600;271;0,5094;0,9635
92,4600;38;0,6854;1,7988
92,4600;32;0,5793;0,5128
92,7200;406;0,3984;0,7192
92,7200;507;0,7672;0,5614
92,7200;259;0,3984;0,4651
92,7200;271;0,3782;0,8570
92,7200;38;0,8136;0,8570
92,7200;32;0,3782;0,5614
92,9800;406;0,5222;0,8908
92,9800;259;0,5222;0,4957
92,9800;271;0,3865;0,9924
92,9800;38;0,6154;0,9924
92,9800;32;0,3865;0,7342
92,9800;276;0,4115;0,0000
92,9800;549;0,4115;1,6732
93,2400;406;0,5006;1,2586
93,2400;271;0,3813;1,1232
93,2400;38;0,3863;1,0652
93,2400;32;0,3813;1,0666
93,2400;276;0,4866;0,2821
93,2400;549;0,4866;1,5393
93,5000;406;0,4789;1,2586
93,5000;271;0,3828;0,3371
93,5000;38;0,3766;0,3371
93,5000;32;0,3766;1,1168
93,5000;276;0,8519;0,8827
93,5000;549;0,7125;0,0000
93,5000;71;0,9560;1,5685
93,7600;271;0,4824;0,1938
93,7600;38;0,4934;1,0854
93,7600;32;0,4824;1,0854
93,7600;276;0,5427;1,3176
93,7600;549;0,6748;0,0000
93,7600;71;0,5427;1,4151
94,0200;271;0,3785;0,9370
94,0200;38;0,3785;0,8370
94,0200;32;0,5813;0,8370
94,0200;276;0,3824;1,2932
94,0200;71;0,3824;0,9315
94,0200;614;0,4410;0,0000
94,2800;271;0,4211;0,9875
94,2800;32;0,5317;0,3558
94,2800;276;0,4706;1,0888
94,2800;71;0,4706;0,5901
94,2800;614;0,3697;1,9159
94,2800;97;0,3697;1,0946
94,5400;32;0,4282;0,0896
94,5400;276;0,5465;0,0000
94,5400;235;0,6158;0,9752
94,5400;71;0,6846;0,6534
94,5400;614;0,4845;2,0239
94,5400;97;0,4845;0,7267
94,8000;32;0,4480;0,0896
94,8000;235;0,6578;0,5460
94,8000;614;0,8149;1,9169
94,8000;97;0,7508;0,5460
95,0600;32;0,4106;0,7638
95,0600;235;0,4106;0,8670
95,0600;614;0,8510;0,0000
95,0600;97;0,4294;0,7638
95,0600;470;0,9363;0,9752
95,3200;235;0,3537;0,4113
95,3200;614;0,9502;0,0000
95,3200;168;0,6999;0,0000
95,3200;97;0,3537;0,2924
95,3200;470;0,8518;0,4113
95,5800;235;0,3539;0,0277
95,5800;614;0,6532;0,0000
95,5800;137;0,4745;1,3397
95,5800;168;0,4745;1,3343
95,5800;97;0,3539;0,4742
95,5800;470;0,6260;0,0277
95,8400;235;0,3839;0,1296
95,8400;614;0,5153;1,6324
95,8400;137;0,3998;1,1541
95,8400;168;0,3998;0,8393
95,8400;97;0,3839;0,9107
95,8400;470;0,5027;0,1296
95,8400;593;0,5153;1,6218
96,1000;235;0,5072;0,5361
96,1000;137;0,4318;0,7452
96,1000;168;0,4318;0,1432
96,1000;97;0,5072;0,9877
96,1000;470;0,5702;0,7452
96,1000;593;0,7111;1,6810
96,3600;235;0,5733;0,0000
96,3600;137;0,4173;0,8315
96,3600;168;0,4173;0,5530
96,3600;97;0,7584;0,7987
96,3600;470;0,4623;0,9108
96,3600;313;0,8996;0,9992
96,3600;593;0,4623;0,9508
96,6200;235;0,4649;0,0000
96,6200;137;0,6377;0,9125
96,6200;168;0,6377;0,9414
96,6200;470;0,3668;0,6413
96,6200;593;0,3668;0,5927
96,8800;137;0,6954;0,0000
96,8800;168;0,7096;1,0213
96,8800;470;0,3674;0,6314
96,8800;593;0,3674;0,7473
97,1400;137;0,9095;0,5578
97,1400;168;0,5970;1,0213
97,1400;470;0,3674;0,5578
97,1400;181;0,9106;1,2765
97,4000;137;0,7332;0,0000
97,4000;168;0,5676;1,0213
97,4000;470;0,3681;0,5578
97,4000;181;1,1124;0,0000
97,6600;137;0,3857;1,5717
97,6600;168;0,6176;1,0213
97,6600;181;1,0213;1,0135
97,6600;274;0,3857;1,3293
97,6600;161;0,9928;0,0000
97,9200;181;0,6709;0,0000
97,9200;120;0,6709;1,2289
97,9200;473;0,4829;1,8064
97,9200;274;0,5035;1,3293
97,9200;161;0,4829;0,0000
98,1800;181;0,4210;1,2191
98,1800;473;0,4267;1,0041
98,1800;274;0,8070;1,4686
98,1800;161;0,4267;1,4686
98,1800;117;0,6639;1,1750
98,4400;181;0,4378;1,2191
98,4400;473;0,5922;0,5922
98,4400;274;0,6704;1,3366
98,4400;161;0,5922;1,3366
98,4400;117;0,5959;0,2611
98,4400;243;0,5163;0,0000
98,7000;181;0,5466;1,2191
98,7000;473;0,4723;1,2026
98,7000;274;0,5427;1,3616
98,7000;161;0,8615;1,3616
98,7000;117;0,4723;1,3616
98,7000;243;0,6140;0,0000
98,9600;181;0,6870;1,2191
98,9600;473;0,4139;1,5759
98,9600;274;0,4139;1,4668
98,9600;161;0,9273;0,0000
98,9600;117;0,4753;1,4668
98,9600;243;0,4666;0,0000
99,2200;473;0,3995;1,4946
99,2200;274;0,3995;1,0507
99,2200;161;0,6648;0,0000
99,2200;117;0,5144;1,0507
99,2200;243;0,3792;0,0000
99,2200;157;0,8976;0,0000
99,4800;473;0,5343;1,3941
99,4800;117;0,6894;0,9180
99,4800;243;0,4867;0,0000
99,4800;157;0,8597;0,0000
99,7400;359;0,4488;1,5431
99,7400;117;0,8109;1,3941
99,7400;540;0,4488;1,4749
99,7400;157;0,7398;1,5431
99,7400;334;0,6656;0,0000
99,7400;27;0,9077;1,1045
100,0000;359;0,6217;1,1256
100,0000;540;0,6217;1,3778
100,0000;157;0,6982;1,3778
100,0000;334;0,7627;0,0000
100,0000;27;0,9716;0,0000
100,2600;359;0,6140;1,1244
100,2600;157;0,6140;1,2837
100,2600;4;0,6027;0,0000
100,2600;334;0,8008;1,3816
100,2600;27;0,7619;0,0000
100,5200;359;0,4708;1,3986
100,5200;157;0,7832;0,0000
100,5200;4;0,6127;0,0000
100,5200;334;0,4708;1,0494
100,5200;27;0,5529;0,0000
100,7800;359;0,4192;0,2667
100,7800;4;0,6074;0,0000
100,7800;334;0,4192;1,2724
100,7800;27;0,7471;1,5007
100,7800;133;0,7471;1,3914
101,0400;359;0,6540;1,5240
101,0400;602;0,4753;0,0000
101,0400;334;0,6559;1,5306
101,0400;27;0,6152;0,0000
101,0400;133;0,8013;0,6524
101,3000;81;0,4720;0,6074
101,3000;602;0,4720;1,1340
101,3000;334;0,8392;1,5240
101,3000;133;0,6136;0,6074
101,3000;40;0,5800;0,0000
101,5600;81;0,5083;0,6458
101,5600;602;0,5083;0,5847
101,5600;133;0,6109;1,2912
101,5600;40;0,5786;0,0000
101,5600;74;1,0839;1,6375
101,8200;81;0,6436;0,7699
101,8200;602;0,6436;1,0141
101,8200;133;0,3507;0,6666
101,8200;618;0,5908;0,6666
101,8200;40;0,3507;0,7902
101,8200;74;0,9204;0,7902
102,0800;81;0,9152;0,8665
102,0800;602;0,6845;0,5821
102,0800;133;0,3638;0,1844
102,0800;618;0,5515;0,5821
102,0800;40;0,3638;0,5821
102,0800;39;0,6911;0,8665
102,0800;74;0,6502;0,5821
102,0800;279;0,7543;0,8665
102,3400;81;0,9163;0,3387
102,3400;602;0,3902;1,4192
102,3400;133;0,3629;0,3387
102,3400;618;0,3677;1,6213
102,3400;40;0,3629;0,7367
102,3400;39;0,5693;0,7542
102,3400;74;0,3677;1,2604
102,3400;279;0,3902;0,7542
102,6000;81;0,9724;0,3494
102,6000;602;0,4130;1,1560
102,6000;133;0,4325;0,3494
102,6000;40;0,4325;1,0630
102,6000;39;0,6286;0,6524
102,6000;74;0,4217;1,3090
102,6000;279;0,4130;0,6524
102,6000;412;0,8109;0,9807
102,8600;602;0,4979;1,1509
102,8600;40;0,5552;0,3342
102,8600;39;0,7078;0,3342
102,8600;74;0,6041;1,3090
102,8600;279;0,4979;0,3342
102,8600;412;0,7767;0,0000
103,1200;602;0,6267;1,1643
103,1200;40;0,5642;0,9203
103,1200;39;0,8903;0,5542
103,1200;74;0,5453;1,1643
103,1200;279;0,5453;0,9203
103,1200;412;0,5988;0,0000
103,3800;602;0,7085;0,5221
103,3800;40;0,4644;1,1546
103,3800;39;1,0597;0,5221
103,3800;412;0,7759;0,0000
103,3800;225;0,8348;0,0000
103,6400;602;0,7613;0,3770
103,6400;40;0,4526;1,1546
103,6400;39;1,1204;0,3770
103,6400;419;0,5339;1,6702
103,6400;412;0,8351;1,0103
103,6400;225;0,5339;1,1811
103,9000;40;0,5911;1,1546
103,9000;419;0,4805;1,8430
103,9000;225;0,4805;1,0108
104,1600;419;0,5607;1,6047
104,1600;225;0,5607;1,0919
104,1600;64;0,5222;0,0000
104,4200;419;0,5359;1,7567
104,4200;225;0,8270;1,2830
104,4200;64;0,4025;0,0000
104,6800;419;0,4409;1,7516
104,6800;64;0,3779;2,0765
104,6800;199;0,3779;1,7516
104,9400;419;0,3458;1,6552
104,9400;64;0,3458;1,3856
104,9400;199;0,3428;0,0000
104,9400;552;1,3693;0,0000
105,2000;64;0,3602;0,3259
105,2000;199;0,3602;0,5435
105,2000;552;1,2678;1,2894
105,2000;128;0,7336;0,5435
105,4600;64;0,3610;0,2852
105,4600;199;0,3610;0,6120
105,4600;552;1,0049;0,0000
105,4600;128;0,7470;0,6120
105,7200;552;0,5784;0,0000
105,7200;128;0,8595;0,7071
105,9800;128;0,9291;0,7071
105,9800;350;1,0517;1,7799
105,9800;5;0,4427;1,5027
106,2400;128;0,8459;1,2812
106,2400;350;0,9755;1,2812
106,2400;5;0,7548;1,5027
106,5000;350;0,9146;1,2398
106,5000;5;0,6882;1,4952
106,7600;350;0,8376;1,4877
106,7600;496;0,9144;1,5400
106,7600;5;0,7592;1,4952
107,0200;350;0,5194;1,3964
107,0200;496;0,5194;1,6067
107,0200;5;0,8273;0,7071
107,0200;146;0,8671;0,0000
107,2800;496;0,7192;1,5372
107,2800;5;0,6611;0,0000
107,2800;146;0,7975;1,3912
107,5400;496;0,7258;1,7028
107,5400;146;0,6081;1,4994
107,5400;1;0,6081;1,7028
107,8000;609;0,7114;1,0508
107,8000;496;0,6529;1,6954
107,8000;146;0,6103;0,0000
107,8000;1;0,7067;1,6954
108,0600;609;0,6843;1,3749
108,0600;496;0,5222;1,7010
108,0600;146;0,4690;0,8186
108,0600;1;0,6843;0,9952
108,0600;76;0,4690;1,7010
108,3200;609;0,6164;0,0000
108,3200;1;0,9528;0,6583
108,3200;96;0,6164;0,6583
108,3200;76;0,6223;1,7010
108,5800;609;0,5194;0,9815
108,5800;1;0,8895;1,2243
108,5800;96;0,5194;0,5159
108,5800;76;0,7283;0,9815
108,5800;358;0,8895;1,6020
108,8400;609;0,6184;1,1613
108,8400;1;1,0379;1,2147
108,8400;96;0,6184;0,7715
108,8400;76;0,7660;1,1613
108,8400;358;0,7551;1,1613
108,8400;287;0,9115;1,3362
109,1000;609;0,5459;0,0000
109,1000;96;0,4900;1,0417
109,1000;76;0,7359;1,3500
109,1000;358;0,4900;1,3500
109,1000;287;0,8310;1,3500
109,1000;298;0,7214;1,0417
109,3600;609;0,6642;0,0000
109,3600;96;0,4022;0,7119
109,3600;76;0,6943;1,2992
109,3600;358;0,4022;1,2992
109,3600;277;0,4196;0,0000
109,3600;155;0,4196;1,0486
109,3600;444;0,5989;0,0000
109,3600;298;0,6203;0,7119
109,6200;609;0,6223;0,0000
109,6200;96;0,4353;1,4041
109,6200;358;0,5555;1,2621
109,6200;277;0,4876;0,2479
109,6200;435;0,6897;1,4041
109,6200;155;0,4876;0,9995
109,6200;444;0,5148;0,9995
109,6200;298;0,4353;1,2621
109,6200;458;0,5233;0,9995
109,8800;609;0,4667;0,0000
109,8800;96;0,3781;0,8404
109,8800;358;0,7857;1,1822
109,8800;277;0,3742;0,9090
109,8800;435;0,5388;0,8404
109,8800;155;0,4868;0,0000
109,8800;444;0,3742;0,5997
109,8800;298;0,3781;1,1822
109,8800;458;0,5519;0,5997
110,1400;358;0,8437;1,0034
110,1400;277;0,3954;0,8342
110,1400;435;0,4020;0,8404
110,1400;155;0,4432;0,0000
110,1400;444;0,3954;0,3374
110,1400;458;0,4932;0,8342
110,4000;277;0,4194;0,4904
110,4000;435;0,3861;0,8404
110,4000;155;0,6486;0,6622
110,4000;444;0,4194;0,6622
110,4000;458;0,4316;0,4904
110,4000;401;0,5028;1,0034
110,6600;277;0,5425;0,5274
110,6600;435;0,4107;0,8404
110,6600;155;0,6819;1,6270
110,6600;444;0,5425;0,6995
110,6600;458;0,5688;1,0280
110,6600;401;0,7026;1,0034
110,6600;415;0,6285;0,0000
110,9200;277;0,7165;0,0000
110,9200;435;0,3845;0,8404
110,9200;155;0,4349;0,0000
110,9200;444;0,6069;1,5837
110,9200;401;0,7380;1,6566
110,9200;497;0,5815;1,5837
110,9200;415;0,5815;1,4176
111,1800;277;0,6665;0,0000
111,1800;155;0,4322;0,0000
111,1800;444;0,4609;1,4669
111,1800;401;0,8080;1,0373
111,1800;497;0,6058;1,4669
111,1800;415;0,4609;0,6495
111,4400;277;0,3871;1,7112
111,4400;155;0,5391;0,0000
111,4400;444;0,5000;1,3153
111,4400;401;0,6340;1,2768
111,4400;497;0,6906;1,3153
111,4400;415;0,5000;0,3580
111,4400;610;0,3871;1,0802
111,7000;277;0,3490;1,1420
111,7000;155;0,8907;1,3263
111,7000;444;0,4792;0,8896
111,7000;401;0,6223;1,3015
111,7000;497;0,4792;0,4125
111,7000;165;0,4798;1,4635
111,7000;415;0,6223;0,7333
111,7000;187;0,4711;1,4635
111,7000;6;0,4711;1,3263
111,9600;444;0,3535;0,8784
111,9600;497;0,3535;0,4893
111,9600;165;0,5633;1,6591
111,9600;187;0,5278;1,6591
111,9600;6;0,5278;1,3094
112,2200;444;0,4131;0,9968
112,2200;165;0,8018;0,0000
112,2200;187;0,6286;1,6141
112,2200;6;0,6286;1,3002
112,4800;444;0,5427;0,9968
112,4800;165;0,5484;0,0000
112,4800;187;0,6912;0,6457
112,4800;6;0,7285;1,3219
112,7400;165;0,5019;0,0000
112,7400;519;1,0324;1,2241
112,7400;187;0,7016;1,4989
112,7400;6;0,4537;1,1420
112,7400;278;0,5766;1,4903
112,7400;400;0,4614;1,1420
113,0000;165;0,3569;1,3397
113,0000;519;0,9731;1,4749
113,0000;187;0,5237;1,4989
113,0000;278;0,3569;1,1869
113,0000;554;0,6259;1,1869
113,0000;400;0,5874;1,1420
113,2600;165;0,4848;1,3407
113,2600;519;0,6345;1,0313
113,2600;278;0,4848;0,2355
113,2600;554;0,6325;0,2355
113,2600;400;0,8172;0,8904
113,5200;165;0,6062;1,2042
113,5200;519;0,4020;0,8056
113,5200;278;0,6062;0,6699
113,5200;554;0,4020;0,8956
113,5200;400;0,7809;1,2042
113,7800;165;0,5629;0,0000
113,7800;519;0,4357;0,0490
113,7800;278;0,3673;1,7741
113,7800;377;0,7676;0,0490
113,7800;554;0,4357;0,8762
113,7800;400;0,3673;0,9613
114,0400;519;0,5158;0,3116
114,0400;278;0,4597;1,7017
114,0400;377;0,6088;0,3116
114,0400;554;0,5158;0,7504
114,3000;519;0,5220;0,7139
114,3000;278;0,6706;0,5897
114,3000;377;0,3983;0,0000
114,3000;554;0,5220;0,5897
114,3000;525;0,6004;1,6088
114,3000;468;0,6004;1,5047
114,5600;519;0,5573;0,8222
114,5600;377;0,5097;1,5548
114,5600;554;0,4528;1,1832
114,5600;525;0,4528;0,8222
114,5600;420;0,5097;0,9927
114,8200;519;0,6306;1,1182
114,8200;377;0,7589;1,0166
114,8200;554;0,3703;0,9049
114,8200;525;0,3703;1,1182
114,8200;420;0,6199;0,0000
115,0800;519;0,7492;1,2338
115,0800;377;0,6743;0,0000
115,0800;554;0,3998;0,4661
115,0800;525;0,3998;1,2338
115,0800;420;0,8069;0,0000
115,3400;377;0,4825;0,0000
115,3400;554;0,4733;0,3908
115,3400;525;0,4733;1,1267
115,3400;420;0,8676;0,3908
115,3400;53;0,4825;0,8522
115,6000;377;0,3913;1,6999
115,6000;525;0,5679;1,0446
115,6000;605;0,4342;1,3356
115,6000;420;0,7639;0,4934
115,6000;365;0,4342;1,1809
115,8600;525;0,8759;1,0446
115,8600;605;0,4159;1,4691
115,8600;420;0,8106;0,0000
115,8600;365;0,4159;1,2438
116,1200;525;0,7101;0,0000
116,1200;605;0,4610;1,3181
116,1200;365;0,4610;1,1474
116,1200;307;0,6434;0,0000
116,1200;144;0,4052;0,0000
116,3800;525;0,5221;0,0000
116,3800;605;0,4987;1,2204
116,3800;365;0,5255;1,0019
116,3800;416;0,3249;1,3334
116,3800;307;0,4987;1,0019
116,3800;144;0,3249;1,3422
116,6400;525;0,3895;0,0000
116,6400;605;0,3822;0,7962
116,6400;520;0,4495;0,0000
116,6400;365;0,6084;0,7962
116,6400;416;0,3307;1,3513
116,6400;307;0,3822;0,5853
116,6400;144;0,3307;1,0836
116,9000;605;0,4111;1,1293
116,9000;416;0,3417;1,1293
116,9000;307;0,4167;0,0759
116,9000;144;0,3417;0,6612
116,9000;379;0,6516;0,0000
117,1600;605;0,3444;0,5393
117,1600;416;0,3761;0,5393
117,1600;307;0,4418;0,4569
117,1600;144;0,3444;0,4569
117,1600;340;0,8812;1,2426
117,1600;379;0,3717;1,1153
117,1600;67;0,3717;0,9486
117,4200;605;0,4716;0,3041
117,4200;416;0,3816;0,3041
117,4200;307;0,6423;0,8020
117,4200;144;0,3816;0,4076
117,4200;340;0,8833;0,8908
117,4200;379;0,4662;0,8908
117,4200;67;0,4662;0,1517
117,4200;466;0,6338;0,8020
117,6800;605;0,4291;0,8395
117,6800;416;0,3621;0,5967
117,6800;307;0,8451;1,6999
117,6800;144;0,4824;0,3335
117,6800;340;0,8612;0,5801
117,6800;379;0,5192;0,5967
117,6800;67;0,3621;0,3335
117,6800;466;0,4291;1,1809
117,9400;416;0,3590;0,2590
117,9400;144;0,6456;0,3552
117,9400;340;0,5962;1,1085
117,9400;379;0,5137;0,2590
117,9400;67;0,3590;0,3552
117,9400;466;0,4089;1,2447
117,9400;8;0,5438;0,3552
118,2000;416;0,4063;0,0717
118,2000;144;0,6116;1,2310
118,2000;340;0,5258;1,1085
118,2000;379;0,4887;0,0717
118,2000;67;0,4063;0,7739
118,2000;466;0,5827;1,2447
118,2000;90;0,6285;0,7994
118,2000;8;0,4561;0,7739
118,4600;416;0,5538;0,7778
118,4600;144;0,4920;0,7780
118,4600;340;0,5737;1,3655
118,4600;379;0,5049;0,0072
118,4600;67;0,4571;0,7778
118,4600;466;0,4920;1,3655
118,4600;90;0,7025;0,7288
118,4600;8;0,4571;0,0072
118,7200;416;0,4511;0,9703
118,7200;379;0,5207;0,0000
118,7200;67;0,5016;0,9302
118,7200;466;0,5636;1,3655
118,7200;90;0,4511;1,1989
118,7200;8;0,5016;0,0182
118,9800;416;0,3854;0,5872
118,9800;379;0,7312;0,5872
118,9800;67;0,5416;0,9807
118,9800;466;0,7684;1,2300
118,9800;90;0,3854;1,2465
118,9800;8;0,5416;0,3460
119,2400;379;0,7561;0,2808
119,2400;67;0,6058;1,5107
119,2400;466;0,6515;1,2300
119,2400;90;0,4880;0,9033
119,2400;8;0,4880;0,2808
119,2400;84;0,6058;0,8971
119,5000;67;0,6906;1,2097
119,5000;90;0,3668;0,3261
119,5000;8;0,3668;0,8225
119,5000;84;0,6831;0,0000
119,7600;67;0,5846;1,2423
119,7600;90;0,4623;0,0990
119,7600;8;0,4623;1,0195
119,7600;84;0,5633;1,7725
119,7600;394;0,5846;1,7857
119,7600;567;0,5633;1,2097
120,0200;90;0,5780;0,1547
120,0200;8;0,5780;1,0676
120,0200;84;0,4216;0,7608
120,0200;394;0,4216;0,8166
120,0200;567;0,4422;0,0000
120,2800;90;0,8461;0,7272
120,2800;8;0,8461;1,2729
120,2800;84;0,4524;0,9712
120,2800;394;0,4524;0,3849
120,2800;135;0,5435;1,5810
120,2800;567;0,5435;1,4922
120,5400;84;0,5768;1,2707
120,5400;394;0,5768;0,3039
120,5400;595;0,5347;1,2404
120,5400;135;0,7400;0,3039
120,5400;567;0,5347;1,4629
120,8000;84;0,5515;0,0000
120,8000;394;0,7504;0,7187
120,8000;135;0,4013;1,6541
120,8000;567;0,4132;1,3650
120,8000;576;0,4013;0,7679
120,8000;619;0,5515;0,7187
121,0600;84;0,6163;0,6247
121,0600;394;0,8401;0,0000
121,0600;135;0,4625;1,0852
121,0600;567;0,5104;1,3650
121,0600;576;0,4179;1,3412
121,0600;619;0,5317;0,8878
121,0600;293;0,4179;1,0852
121,3200;84;0,9232;0,3497
121,3200;394;0,7224;1,3650
121,3200;135;0,5033;0,3497
121,3200;576;0,4448;0,0000
121,3200;619;0,5033;0,9298
121,3200;293;0,4954;1,0464
121,5800;135;0,5116;0,4497
121,5800;576;0,3758;0,0000
121,5800;619;0,5116;1,0548
121,5800;293;0,6710;1,0548
121,8400;135;0,6472;0,7391
121,8400;423;0,4469;0,0000
121,8400;576;0,4008;0,0000
121,8400;619;0,6472;1,4521
121,8400;293;0,7820;1,4521
122,1000;423;0,3612;1,5188
122,1000;619;0,6479;1,5188
122,1000;293;0,5624;1,3650
122,1000;7;0,3612;0,4340
122,3600;423;0,6211;1,5741
122,3600;323;0,9328;1,5741
122,3600;619;0,6312;1,5741
122,3600;104;0,7435;1,5741
122,3600;7;0,6211;0,3735
122,6200;423;0,8762;0,0000
122,6200;323;1,0013;1,7429
122,6200;619;0,6193;1,7429
122,6200;104;0,4254;1,7429
122,6200;7;0,4254;1,0939
122,8800;423;0,8623;1,2095
122,8800;323;1,0394;1,4700
122,8800;619;0,6047;1,7551
122,8800;104;0,5499;1,7551
122,8800;7;0,5499;0,9138
122,8800;249;0,8623;1,1685
123,1400;423;0,6377;0,0000
123,1400;323;0,9804;0,9926
123,1400;104;0,9495;1,7534
123,1400;249;0,6057;0,0000
123,4000;423;0,3444;0,0000
123,4000;323;0,9813;1,1070
123,4000;104;0,8519;1,7237
123,4000;249;0,4878;0,0000
123,4000;240;0,8519;1,1070
123,6600;104;0,7603;1,5440
123,6600;249;0,5035;0,0000
123,6600;464;0,7201;0,8239
123,6600;240;0,7603;1,3212
123,9200;104;0,7062;0,0000
123,9200;249;0,4941;0,0000
123,9200;349;0,4941;0,7444
123,9200;464;0,5790;0,7444
123,9200;240;0,7430;1,3550
124,1800;249;0,3918;1,2653
124,1800;179;0,6544;1,0943
124,1800;349;0,3918;0,4678
124,1800;464;0,4595;0,4678
124,1800;240;0,8052;1,4002
124,4400;249;0,5211;0,9440
124,4400;179;0,7950;0,0000
124,4400;349;0,4608;0,9440
124,4400;464;0,4608;1,5257
124,4400;240;0,8172;0,0000
124,7000;249;0,6826;0,7055
124,7000;179;0,5725;0,0000
124,7000;349;0,3392;0,7055
124,7000;464;0,3392;1,5193
124,7000;240;0,5944;1,5193
124,7000;20;0,6577;0,0000
124,9600;249;0,7799;0,0000
124,9600;179;0,6266;0,7724
124,9600;349;0,5757;0,5300
124,9600;464;0,5757;1,5234
124,9600;170;0,9146;0,0000
124,9600;35;0,4410;1,0449
124,9600;20;0,4410;0,7724
125,2200;179;0,5268;1,1283
125,2200;349;0,8465;1,2440
125,2200;464;0,7172;0,0000
125,2200;170;0,5268;1,2440
125,2200;35;0,4400;0,7133
125,2200;20;0,4400;0,9461
125,4800;179;0,3770;1,2045
125,4800;35;0,6927;0,7966
125,4800;20;0,5832;1,4850
125,4800;381;0,8417;1,2051
125,4800;87;0,5832;0,7966
125,7400;179;0,3781;1,2045
125,7400;35;0,5672;1,0091
125,7400;20;0,4821;0,9846
125,7400;381;0,5672;1,3059
125,7400;87;0,4821;0,8042
126,0000;179;0,3899;1,2045
126,0000;35;0,4833;0,6536
126,0000;381;0,4833;1,5258
126,0000;87;0,5920;0,9312
126,2600;35;0,5639;0,5170
126,2600;20;0,7313;0,0000
126,2600;381;0,5639;1,5364
126,2600;87;0,7526;0,2743
126,5200;20;0,5156;0,0000
126,5200;381;0,6833;0,0000
126,5200;87;0,7881;0,6798
126,7800;381;0,6257;1,3897
126,7800;391;0,3755;0,8823
126,7800;87;0,6257;0,8844
126,7800;68;0,3755;1,2018
127,0400;381;0,6302;1,4206
127,0400;87;0,6302;1,1503
127,0400;68;0,4245;1,0829
127,0400;528;1,1099;1,6127
127,0400;89;0,7351;0,8512
127,3000;381;0,9219;1,4206
127,3000;68;0,4693;1,0829
127,3000;528;0,9262;1,2850
127,3000;89;0,8356;1,0516
127,5600;381;0,8431;0,6548
127,5600;68;0,4473;1,0829
127,5600;528;0,6653;1,6486
127,5600;89;0,6653;0,6548
127,8200;68;0,4362;1,0829
127,8200;528;0,4004;0,7725
127,8200;89;0,4004;0,7381
127,8200;22;0,8373;0,0000
128,0800;68;0,6127;1,0829
128,0800;528;0,4219;0,2643
128,0800;615;0,8070;1,9807
128,0800;89;0,4219;0,9339
128,0800;22;0,7678;0,2643
128,0800;209;0,8457;1,9807
128,3400;528;0,5203;0,5626
128,3400;160;0,5731;0,0000
128,3400;615;0,5385;0,5055
128,3400;89;0,4760;1,7576
128,3400;22;0,4760;0,5626
128,3400;209;0,6079;1,7576
128,6000;528;0,6607;1,0556
128,6000;160;0,5147;1,2745
128,6000;615;0,6040;0,5055
128,6000;89;0,4867;1,0556
128,6000;22;0,4867;1,1507
128,6000;209;0,5147;0,9437
128,8600;528;0,5088;0,8440
128,8600;160;0,5630;0,0000
128,8600;615;0,5088;0,9255
128,8600;22;0,6216;1,4934
128,8600;209;0,7503;0,8552
129,1199;160;0,5670;0,0000
129,1199;111;0,5051;0,0000
129,1199;615;0,4870;1,1242
129,1199;175;0,5051;0,0000
129,1199;22;0,7286;1,4934
129,1199;209;0,7949;0,0000
129,3800;182;0,5159;0,9610
129,3800;160;0,5831;0,6999
129,3800;111;0,4056;0,6999
129,3800;615;0,5294;1,1242
129,3800;175;0,4056;0,9610
129,3800;209;0,5191;1,5259
129,3800;178;0,5191;1,4686
129,6400;182;0,4677;0,8898
129,6400;160;0,5325;0,8898
129,6400;111;0,3980;0,6664
129,6400;615;0,6332;1,1242
129,6400;175;0,3980;0,8898
129,6400;178;0,5674;1,4686
129,8999;182;0,4625;0,8051
129,8999;160;0,3860;0,8051
129,8999;111;0,3860;0,8511
129,8999;615;0,7677;0,9038
129,8999;175;0,5377;0,8051
129,8999;178;0,9289;1,4686
130,1600;182;0,4586;0,7809
130,1600;160;0,3831;0,7809
130,1600;111;0,3831;0,4785
130,1600;175;0,4894;0,0000
130,1600;178;0,8578;0,4785
130,4200;182;0,5850;1,2369
130,4200;160;0,3854;0,5620
130,4200;111;0,3854;0,4633
130,4200;175;0,4986;0,0000
130,4200;325;0,6759;0,0000
130,4200;178;0,5850;1,1224
130,6799;182;0,3708;1,0656
130,6799;160;0,4178;0,6290
130,6799;111;0,4178;0,3130
130,6799;325;0,6462;1,3146
130,6799;320;0,6462;1,1184
130,9400;160;0,4805;0,7475
130,9400;111;0,4805;0,1628
130,9400;325;0,5969;1,2063
130,9400;320;0,5969;0,9849
131,2000;160;0,5559;0,7604
131,2000;111;0,5559;0,3783
131,2000;325;0,5448;1,2525
131,2000;320;0,5448;1,0162
131,4600;160;0,6506;0,7604
131,4600;325;0,5455;1,3224
131,4600;320;0,5296;0,0000
131,7200;160;0,7210;0,7604
131,7200;325;0,5429;1,1603
131,7200;320;0,5429;1,0417
131,7200;227;0,6840;1,1603
131,7200;46;0,7071;0,0000
131,9799;111;0,6522;1,0656
131,9799;325;0,5742;0,9232
131,9799;320;0,4827;0,0000
131,9799;227;0,7075;1,6314
131,9799;46;0,6831;0,0000
131,9799;604;0,4963;0,0000
132,2400;320;0,4611;0,0000
132,2400;227;0,5016;1,0665
132,2400;563;0,4276;1,0665
132,2400;46;0,8961;0,0000
132,2400;604;0,4276;0,5906
132,5000;227;0,4905;0,7639
132,5000;563;0,4359;0,7639
132,5000;46;0,8432;1,0224
132,5000;189;0,6994;0,8331
132,5000;604;0,4359;0,6167
132,7599;227;0,6919;0,8776
132,7599;563;0,4064;0,0000
132,7599;46;0,7767;0,9690
132,7599;189;0,6000;0,8776
132,7599;604;0,6000;1,0873
133,0200;227;0,8104;1,1202
133,0200;563;0,6182;1,4501
133,0200;46;0,8915;1,2727
133,0200;189;0,5777;0,9991
133,0200;604;0,5777;1,1202
133,0200;436;0,4005;0,0000
133,2800;227;0,8678;1,6371
133,2800;563;0,8678;1,3391
133,2800;189;0,7495;0,0000
133,2800;604;0,6502;0,0000
133,2800;436;0,6378;0,0000
133,5399;563;0,6643;0,0000
133,5399;189;0,7343;0,0000
133,5399;604;0,9419;1,1849
133,5399;13;0,5094;0,7188
133,5399;436;0,5094;1,1849
133,8000;189;0,7391;0,0000
133,8000;13;0,4334;0,4108
133,8000;436;0,3745;1,7341
133,8000;487;0,3745;0,4108
134,0600;385;0,4520;0,0000
134,0600;13;0,6018;0,7456
134,0600;436;0,5129;0,9063
134,0600;487;0,5129;0,7456
134,3199;385;0,3992;0,0000
134,3199;13;0,7711;1,2558
134,3199;375;0,6310;0,0000
134,3199;436;0,8323;0,6464
134,3199;487;0,4406;0,0000
134,5800;493;0,3686;1,1723
134,5800;385;0,3686;0,8528
134,5800;13;0,6656;1,1723
134,5800;375;0,5731;1,1723
134,5800;436;0,7174;0,0000
134,5800;487;0,4442;0,0000
134,8400;493;0,3689;1,1347
134,8400;385;0,3689;0,4218
134,8400;13;0,4048;1,4401
134,8400;436;0,5570;0,0000
134,8400;487;0,7768;0,0000
134,8400;176;0,5988;0,0000
135,0999;493;0,4818;1,2672
135,0999;13;0,4126;1,4401
135,0999;487;0,6189;0,3848
135,0999;176;0,8769;0,0000
135,3600;493;0,5877;1,2139
135,3600;13;0,5546;1,4401
135,3600;522;0,3587;0,0000
135,6199;493;0,8377;0,6502
135,6199;217;0,3510;1,3315
135,6199;522;0,3510;1,1107
135,8800;493;0,6878;1,3194
135,8800;217;0,3517;1,3082
135,8800;522;0,3517;1,3194
136,1400;493;0,5106;1,3068
136,1400;217;0,3512;1,3236
136,1400;522;0,3512;1,3068
136,3999;493;0,3835;1,1160
136,3999;217;0,3539;1,1160
136,3999;522;0,3539;1,0484
136,6600;493;0,3922;0,2537
136,6600;217;0,4313;0,2537
136,6600;522;0,3922;0,8009
136,6600;579;0,7226;0,0000
136,9200;493;0,4850;0,2222
136,9200;217;0,5593;0,2222
136,9200;522;0,4850;0,7705
136,9200;579;0,8011;0,0000
136,9200;572;0,9858;0,0000
137,1799;493;0,6489;0,3047
137,1799;217;0,6635;0,3047
137,1799;522;0,6489;0,7163
137,1799;579;0,8233;0,3047
137,1799;572;0,6635;0,0000
137,1799;103;0,6635;1,4180
137,1799;208;0,8045;1,4180
137,4400;522;0,5792;0,7432
137,4400;579;0,5792;0,7392
137,4400;572;0,3848;1,2169
137,4400;103;0,3848;1,1710
137,4400;208;0,6963;1,1710
137,7000;522;0,4341;0,3861
137,7000;579;0,4341;1,2461
137,7000;572;0,3920;0,3460
137,7000;103;0,3920;0,8982
137,7000;208;0,5891;0,8982
137,9599;579;0,5399;1,2461
137,9599;572;0,4070;0,0925
137,9599;103;0,4070;0,8860
137,9599;208;0,5308;0,8860
137,9599;203;0,5490;0,0000
138,2200;14;0,3838;0,9070
138,2200;579;0,3980;0,6760
138,2200;572;0,4221;0,2109
138,2200;103;0,4221;0,9106
138,2200;208;0,3980;0,8753
138,2200;203;0,3838;0,8345
138,2200;253;1,0075;0,8345
138,4799;14;0,4302;1,0456
138,4799;579;0,3864;0,2979
138,4799;572;0,5637;0,6176
138,4799;103;0,5637;1,1348
138,4799;208;0,3864;0,9026
138,4799;203;0,4302;0,2420
138,4799;253;0,9847;0,2979
138,7399;14;0,4814;1,0584
138,7399;579;0,4633;0,3808
138,7399;572;0,7562;0,3808
138,7399;103;0,4824;1,0584
138,7399;208;0,4633;0,8943
138,7399;203;0,4814;0,1306
138,7399;253;0,8257;0,3808
139,0000;14;0,5715;1,2219
139,0000;579;0,5669;1,2592
139,0000;103;0,5473;1,2219
139,0000;208;0,6323;1,0239
139,0000;203;0,5473;1,1190
139,2599;14;0,7566;1,2839
139,2599;103;0,6206;1,5880
139,2599;203;0,5001;1,2839
139,2599;332;0,5001;1,5880
139,5199;14;0,7798;1,6121
139,5199;103;0,6093;1,2592
139,5199;332;0,5876;1,5931
139,5199;562;0,5281;0,0000
139,7800;14;0,4971;1,3909
139,7800;332;0,7463;1,3100
139,7800;239;0,4971;0,8512
139,7800;562;0,4021;0,0000
140,0399;14;0,3965;0,3146
140,0399;253;0,8017;1,3100
140,0399;332;0,7077;0,8554
140,0399;239;0,3965;0,8554
140,0399;348;0,4980;1,2760
140,0399;562;0,4980;0,6569
140,0399;336;0,6510;1,2760
140,3000;14;0,4173;0,2470
140,3000;332;0,6389;0,8531
140,3000;239;0,4173;0,8531
140,3000;348;0,3598;1,2306
140,3000;562;0,4374;1,5720
140,3000;285;0,3598;0,4478
140,3000;336;0,4374;0,9322
140,5600;14;0,4590;0,4262
140,5600;332;0,5589;0,8519
140,5600;239;0,4590;0,8519
140,5600;348;0,3844;0,9167
140,5600;562;0,5594;1,5992
140,5600;285;0,3844;0,0573
140,5600;336;0,5594;0,7611
140,8199;14;0,5511;0,8203
140,8199;239;0,5511;0,8532
140,8199;348;0,4755;1,1762
140,8199;562;0,8469;0,0000
140,8199;285;0,4755;0,3218
140,8199;336;0,5872;0,0000
141,0800;239;0,5630;1,3594
141,0800;348;0,6373;1,2004
141,0800;285;0,4622;1,2004
141,0800;336;0,6012;0,0000
141,0800;83;0,4622;1,3594
141,3400;239;0,5261;1,4686
141,3400;348;0,7103;0,0000
141,3400;285;0,4768;0,8260
141,3400;83;0,4768;1,4686
141,5999;239;0,5004;1,5737
141,5999;348;0,6121;0,0000
141,5999;285;0,5004;1,5589
141,5999;238;0,7102;0,8525
141,5999;83;0,7265;1,5737
141,8600;348;0,4871;1,5157
141,8600;114;0,3471;0,0000
141,8600;238;0,4871;1,2373
141,8600;83;1,0270;1,2373
142,1199;348;0,5715;1,0147
142,1199;183;0,7442;0,0000
142,1199;114;0,3877;0,0000
142,1199;83;0,8693;1,5994
142,3799;183;0,7304;0,0000
142,3799;114;0,4689;0,0000
142,3799;83;0,5688;1,5994
142,3799;12;0,8123;0,0000
142,6400;426;0,4688;0,9354
142,6400;183;0,3744;1,7978
142,6400;114;0,4688;0,0000
142,6400;83;0,4974;1,5994
142,6400;73;0,5049;0,0000
142,6400;12;0,7613;1,0834
142,6400;33;0,3744;1,0834
142,8999;426;0,5018;1,1650
142,8999;183;0,3750;0,4145
142,8999;114;0,5018;0,2922
142,8999;73;0,5921;0,2922
142,8999;12;0,8376;1,0885
142,8999;33;0,3750;1,0885
143,1599;426;0,6076;1,0701
143,1599;183;0,4374;0,2055
143,1599;73;0,6226;0,8207
143,1599;12;0,8901;1,0872
143,1599;33;0,4259;0,0000
143,4200;426;0,6651;1,4146
143,4200;183;0,6155;0,6245
143,4200;73;0,6651;0,8264
143,4200;33;0,5979;0,0000
143,6799;426;0,5900;1,3134
143,6799;183;0,7803;0,0000
143,6799;73;0,7506;0,8261
143,6799;36;0,5589;0,0000
143,6799;33;0,7248;0,0000
143,6799;66;0,4037;0,0000
143,9399;426;0,5378;1,0166
143,9399;73;0,8328;0,8256
143,9399;36;0,5378;0,8256
143,9399;33;0,7110;0,7599
143,9399;66;0,3747;1,7932
143,9399;252;0,7688;0,7599
143,9399;266;0,3747;0,7599
144,2000;426;0,4975;1,0565
144,2000;36;0,4975;0,7783
144,2000;33;0,5215;1,4093
144,2000;449;0,5727;0,7852
144,2000;324;0,4305;1,4093
144,2000;66;0,3768;1,4093
144,2000;252;0,5257;0,7852
144,2000;266;0,3768;0,7852
144,4599;426;0,4856;0,9917
144,4599;36;0,4856;0,8269
144,4599;33;0,3953;1,1331
144,4599;449;0,4412;0,4529
144,4599;324;0,5274;0,9917
144,4599;66;0,4038;1,1331
144,4599;252;0,4353;0,4384
144,4599;266;0,3953;0,8281
144,7200;426;0,5383;0,3587
144,7200;33;0,4744;1,3003
144,7200;449;0,4546;0,1351
144,7200;324;0,4768;0,3587
144,7200;66;0,4247;0,1351
144,7200;252;0,4247;0,2290
144,7200;266;0,4744;0,3587
144,9799;426;0,6045;1,0070
144,9799;33;0,4058;0,2856
144,9799;449;0,5013;0,0000
144,9799;324;0,4058;0,4877
144,9799;66;0,4603;0,0329
144,9799;252;0,4603;0,2041
144,9799;266;0,7637;0,4877
145,2399;426;0,6385;1,0070
145,2399;33;0,3873;0,2164
145,2399;449;0,4633;0,0000
145,2399;324;0,3873;0,7429
145,2399;66;0,6223;0,0818
145,2399;252;0,5678;0,0000
145,2399;266;0,8378;0,8268
145,5000;449;0,3398;1,4012
145,5000;324;0,4622;1,0755
145,5000;66;0,3614;1,0813
145,5000;252;0,5385;0,8859
145,5000;569;0,3398;1,2324
145,5000;58;0,5385;0,5592
145,5000;526;0,3614;1,0755
145,7599;449;0,3422;1,4059
145,7599;324;0,4663;1,1799
145,7599;66;0,4312;0,0488
145,7599;252;0,6028;1,1702
145,7599;58;0,6028;0,8506
145,7599;526;0,4312;1,1799
146,0199;449;0,3434;1,4059
146,0199;324;0,7076;0,9912
146,0199;252;0,6575;0,1501
146,0199;58;0,6922;0,1501
146,0199;526;0,6575;0,9912
146,2800;324;0,6959;1,1716
146,2800;252;0,4943;0,3907
146,2800;58;0,4574;0,3907
146,2800;526;0,4574;1,3106
146,5399;324;0,5425;1,3576
146,5399;252;0,5948;0,3385
146,5399;526;0,5334;1,3106
146,5399;581;1,2662;1,3576
146,7999;324;0,5157;1,3576
146,7999;526;0,8889;1,3106
146,7999;581;0,9836;1,3576
147,0600;324;0,6442;1,3576
147,0600;526;1,0390;0,9420
147,0600;581;0,8716;1,3576
147,3199;526;0,5719;0,9883
147,3199;581;0,5719;1,5877
147,5799;526;0,3944;0,9077
147,5799;581;0,3944;1,2447
147,5799;360;1,4081;1,3106
147,8400;526;0,5607;1,1621
147,8400;581;0,5607;0,7455
147,8400;547;0,8746;0,0000
147,8400;360;1,2831;1,1621
147,8400;201;0,8839;0,7455
148,0999;526;0,5225;1,3456
148,0999;581;0,8914;1,5199
148,0999;547;0,8362;0,0000
148,0999;360;0,8914;1,1675
148,0999;201;0,5225;1,1778
148,3600;547;0,7578;0,0000
148,3600;360;0,6827;1,1811
148,3600;201;0,6492;1,3433
148,6199;547;0,6622;0,0000
148,6199;360;0,7316;0,9454
148,6199;201;0,7102;1,2064
148,6199;481;0,8521;1,2064
148,8799;547;0,5902;0,0000
148,8799;201;0,7702;1,5269
149,1400;547;0,5996;1,5116
149,1400;201;0,9881;1,5116
149,1400;52;0,9770;0,0000
149,1400;452;0,7116;0,0000
149,3999;18;0,6733;1,1739
149,3999;201;1,0734;1,3391
149,3999;52;0,6733;0,9907
149,3999;452;0,6765;0,9907
149,6599;18;0,4336;0,9394
149,6599;52;0,4336;0,9882
149,6599;452;0,6121;0,9882
149,9200;18;0,3718;0,6545
149,9200;52;0,3718;0,9889
149,9200;355;1,0257;0,6545
149,9200;452;0,5788;0,9889
150,1799;18;0,5086;0,8115
150,1799;52;0,5086;0,9899
150,1799;355;0,8517;0,9899
150,1799;452;0,6386;0,9899
150,1799;521;0,5103;0,0000
150,4399;18;0,6900;1,0073
150,4399;52;0,6606;1,7239
150,4399;355;0,6936;0,9905
150,4399;452;0,7170;0,9905
150,4399;112;0,8066;0,6396
150,7000;18;0,6685;0,4081
150,7000;52;0,6192;1,7239
150,7000;355;0,6685;0,9906
150,7000;112;0,7569;0,4081
150,9599;18;0,5326;0,9699
150,9599;52;0,7920;1,7239
150,9599;355;0,7504;0,9145
150,9599;242;1,0170;0,6003
150,9599;112;0,5326;0,9145
151,2199;18;0,3879;0,7866
151,2199;52;1,0688;0,7662
151,2199;355;0,8181;0,8145
151,2199;242;0,8181;0,7662
151,4799;355;0,7081;0,5933
151,4799;242;0,7081;0,9268
151,7399;355;0,6916;0,7965
151,7399;242;0,6916;0,8574
151,9999;355;0,8262;0,7866
151,9999;242;0,8441;0,9611
152,2599;355;0,7893;0,7866
152,2599;242;1,1077;1,1550
152,5199;242;0,9782;0,0000
152,7800;242;0,8072;0,0000
152,7800;315;0,8870;0,0000
153,0399;242;0,7828;0,0000
153,0399;315;0,9812;0,0000
153,2999;315;0,8897;0,0000
153,2999;356;0,7702;1,0475
153,5600;495;0,6961;1,6041
153,5600;315;0,8110;0,0000
153,5600;356;0,8863;1,0475
153,5600;273;0,6961;0,8671
153,8199;495;0,6809;1,8837
153,8199;197;0,7368;0,0000
153,8199;356;0,9811;1,2213
153,8199;273;0,6809;0,8661
154,0799;495;0,7759;1,9115
154,0799;197;0,7731;0,0000
154,0799;356;1,0604;1,2859
154,0799;273;0,7759;0,8675
154,3400;495;0,9001;1,8781
154,3400;197;0,7114;0,0000
154,3400;356;1,1436;1,3004
154,3400;273;0,9001;0,8670
154,5999;495;1,0786;1,8835
154,5999;197;0,7312;0,0000
154,8599;495;1,2537;1,8835
154,8599;197;0,7731;0,0000
155,1199;495;1,2813;1,2996
155,1199;197;0,7017;0,0000
155,3799;495;1,2610;1,2996
155,6399;495;1,2603;1,2996
155,6399;346;1,0398;0,0000
155,8999;346;1,1146;0,0000
156,1599;491;0,6363;1,9054
156,1599;346;1,1710;1,9054
156,1599;462;0,6363;1,4659
156,4199;491;0,6251;0,0000
156,4199;346;0,9933;0,8668
156,4199;462;0,7487;1,4656
156,6799;462;0,8518;1,4660
156,6799;395;1,5113;1,9354
156,9399;462;0,9549;1,4660
156,9399;395;1,4045;1,9037
157,2000;395;1,3524;1,9037
157,4599;395;1,2392;1,9037
157,9799;261;0,8112;0,0000
158,2399;261;0,7970;0,0000
158,4999;261;0,7567;0,0000
158,4999;200;0,7567;1,0994
158,4999;125;1,0250;0,0000
158,7599;261;0,7023;1,2707
158,7599;200;0,7023;1,0993
158,7599;125;1,0768;1,2707
159,0199;261;0,6603;1,2711
159,0199;200;0,6603;1,1000
159,0199;125;1,1523;1,2711
159,2799;261;0,6391;1,2713
159,2799;200;0,6391;1,0999
159,2799;125;1,1983;1,2713
159,5399;261;0,6372;1,2682
159,5399;200;0,6372;1,0994
159,5399;142;0,7901;0,0000
159,7999;200;0,6601;1,0998
159,7999;138;1,0203;1,6003
160,0599;200;0,6721;1,0998
160,0599;138;1,0261;1,2693
160,3199;142;0,5469;0,0000
160,3199;138;0,8247;1,2693
160,5799;142;0,5403;0,0000
160,5799;24;1,2031;0,0000
160,5799;138;0,6422;1,2693
160,8400;24;1,1479;0,0000
161,0999;24;1,1397;0,0000
161,3599;24;1,1149;0,0000
161,3599;523;1,4685;1,2475
161,6199;24;1,0804;0,0000
161,6199;523;1,3425;1,2490
161,8799;24;1,0829;0,0000
161,8799;523;1,2123;1,2489
162,1399;24;1,0439;0,0000
162,1399;523;1,0572;1,2488
162,1399;281;0,5999;2,3091
162,1399;530;0,5999;0,0000
162,3999;281;0,6327;2,3026
162,3999;530;0,6327;1,7211
162,6599;281;0,7208;2,2710
162,6599;530;0,7208;1,6380
162,9199;281;0,8340;2,2208
163,1799;281;0,8769;2,2208
163,4399;188;0,9380;0,0000
163,4399;214;0,8644;0,0000
163,6999;188;0,8107;0,0000
163,6999;214;0,8252;0,0000
163,9599;188;0,6448;1,4630
163,9599;214;0,8101;0,8121
163,9599;164;0,6448;0,8121
164,2199;188;0,5030;1,2905
164,2199;214;0,7492;0,8119
164,2199;164;0,5030;0,8119
164,4799;188;0,4161;1,1424
164,4799;214;0,6936;0,8113
164,4799;43;0,9852;1,1424
164,4799;164;0,4161;0,8113
164,4799;345;0,9454;1,1424
164,7399;188;0,4204;0,7475
164,7399;214;0,6530;0,8115
164,7399;43;0,9538;0,7475
164,7399;164;0,4204;0,8115
164,7399;345;0,8111;0,7475
164,9999;188;0,4726;0,8100
164,9999;214;0,6868;0,8120
164,9999;43;0,8931;0,8120
164,9999;164;0,4726;0,8120
165,2599;188;0,5297;0,8946
165,2599;43;0,8520;0,8116
165,2599;164;0,5297;0,8116
165,5199;188;0,5795;0,9976
165,5199;43;0,7807;0,8116
165,5199;164;0,5795;0,8116
165,7799;43;0,7341;0,8113
165,7799;164;0,6135;0,8113
165,7799;9;0,8882;0,0000
166,0399;9;0,8547;1,7356
166,0399;551;0,8547;1,2450
166,2999;9;0,7834;1,7358
166,2999;551;0,7834;1,2451
166,5599;9;0,6834;1,7354
166,5599;551;0,6834;1,2450
166,8199;9;0,6442;1,6880
166,8199;559;1,0302;0,0000
166,8199;551;0,6442;1,2448
167,0799;9;0,6922;1,7354
167,0799;559;1,0733;0,0000
167,3399;559;1,1098;0,0000
167,5999;559;1,1780;0,0000
167,5999;231;1,2070;1,3551
167,8599;559;1,1680;1,5075
167,8599;231;1,1680;1,4309
168,1199;559;1,1251;1,5085
168,1199;231;1,1251;1,4316
168,3799;231;1,0790;1,4230
168,6399;231;1,0534;1,4230
168,6399;479;0,8738;0,0000
168,8999;231;1,0381;1,4230
168,8999;479;0,8386;0,0000
169,1599;479;0,7818;1,7514
169,1599;185;0,7818;1,7036
169,4199;479;0,7418;1,8030
169,4199;185;0,7418;1,7028
169,4199;328;0,6880;0,0000
169,6799;479;0,7087;1,8038
169,6799;185;0,7087;1,7034
169,6799;328;0,8969;0,0000
169,9399;185;0,6831;1,7036
169,9399;328;1,1405;0,0000
170,1999;328;1,3814;0,0000
170,4599;531;1,5696;0,0000
170,7199;531;1,4924;0,0000
170,9799;531;1,4190;0,0000
171,2399;335;1,3781;1,6041
171,2399;531;1,3397;1,5937
171,2399;141;1,0124;0,0000
171,4999;335;1,3070;1,6044
171,4999;531;1,2893;1,9842
171,4999;247;1,3704;0,0000
171,4999;141;1,0085;0,0000
171,7599;247;1,2588;0,0000
171,7599;141;1,0014;0,0000
172,0199;247;1,1401;0,0000
172,0199;141;0,9901;0,0000
172,2799;247;1,0498;1,7007
172,2799;475;1,0051;0,0000
172,5399;247;0,9867;1,7427
172,5399;475;0,8068;2,0931
172,5399;371;0,8068;1,7427
172,7999;247;0,9502;1,7403
172,7999;475;0,6798;2,0933
172,7999;371;0,6798;1,7403
173,0599;475;0,6533;2,0581
173,0599;371;0,6533;1,7416
173,3199;475;0,6210;2,0904
173,5799;289;2,0786;1,7288
173,8399;289;2,1364;1,7288
174,0999;289;2,1466;1,7288
174,3599;289;2,1337;1,7288
174,6199;289;2,1253;1,7288
174,8799;469;1,6193;0,0000
175,1399;469;1,6389;0,0000
175,3999;469;1,6678;0,0000
175,6599;469;1,6856;0,0000
175,9199;469;1,7141;1,4960
175,9199;446;1,1581;0,0000
176,1799;446;1,1225;1,6352
176,1799;601;1,1225;1,6152
176,4399;446;1,0594;1,7520
176,4399;601;1,0594;1,6153
176,6999;446;1,0287;1,7574
176,6999;601;1,0287;1,6156
176,9599;446;0,9555;1,7540
176,9599;601;0,9555;1,6140
